Order ID,Order Date,Ship Mode,Segment,Region,Category,Product Name,Sales,Quantity,Profit
ORD-1001,2024-01-15,Standard Class,Consumer,East,Office Supplies,Binders,120.50,3,35.20
ORD-1002,2024-01-18,Second Class,Corporate,West,Technology,Smartphone,799.99,1,240.00
ORD-1003,2024-01-22,First Class,Home Office,Central,Furniture,Chair,245.00,2,65.00
ORD-1004,2024-02-01,Standard Class,Consumer,South,Office Supplies,Paper,45.00,5,12.00
ORD-1005,2024-02-10,Second Class,Corporate,East,Technology,Laptop,1250.00,1,375.00
ORD-1006,2024-02-14,First Class,Home Office,West,Furniture,Desk,550.00,1,110.00
ORD-1007,2024-02-20,Standard Class,Consumer,Central,Office Supplies,Stapler,25.00,2,8.00
ORD-1008,2024-03-05,Second Class,Corporate,South,Technology,Monitor,320.00,2,64.00
ORD-1009,2024-03-12,First Class,Home Office,East,Furniture,Shelf,180.00,1,45.00
ORD-1010,2024-03-18,Standard Class,Consumer,West,Office Supplies,Envelopes,12.50,10,3.00
ORD-1011,2024-03-22,Second Class,Corporate,Central,Technology,Tablet,450.00,1,90.00
ORD-1012,2024-04-01,First Class,Home Office,South,Furniture,Cabinet,320.00,1,70.00
ORD-1013,2024-04-10,Standard Class,Consumer,East,Office Supplies,Pens,30.00,6,8.00
ORD-1014,2024-04-15,Second Class,Corporate,West,Technology,Printer,280.00,1,56.00
ORD-1015,2024-04-20,First Class,Home Office,Central,Furniture,Stool,75.00,2,18.00
ORD-1016,2024-05-05,Standard Class,Consumer,South,Office Supplies,Scissors,15.00,3,4.00
ORD-1017,2024-05-12,Second Class,Corporate,East,Technology,Webcam,89.99,2,18.00
ORD-1018,2024-05-18,First Class,Home Office,West,Furniture,Bookshelf,210.00,1,42.00
ORD-1019,2024-05-22,Standard Class,Consumer,Central,Office Supplies,Tape,8.50,8,2.00
ORD-1020,2024-06-01,Second Class,Corporate,South,Technology,Headphones,65.00,3,13.00
ORD-1021,2024-06-10,First Class,Home Office,East,Furniture,Table,400.00,1,100.00
ORD-1022,2024-06-15,Standard Class,Consumer,West,Office Supplies,Labels,22.00,4,5.50
ORD-1023,2024-06-20,Second Class,Corporate,Central,Technology,Keyboard,45.00,2,9.00
ORD-1024,2024-07-05,First Class,Home Office,South,Furniture,Mirror,95.00,1,20.00
ORD-1025,2024-07-12,Standard Class,Consumer,East,Office Supplies,Calendars,14.00,3,3.50
ORD-1026,2024-07-18,Second Class,Corporate,West,Technology,Mouse,25.00,5,6.25
ORD-1027,2024-07-22,First Class,Home Office,Central,Furniture,Rug,120.00,1,30.00
ORD-1028,2024-08-01,Standard Class,Consumer,South,Office Supplies,Notebooks,18.00,4,4.50
ORD-1029,2024-08-10,Second Class,Corporate,East,Technology,Speakers,70.00,2,14.00
ORD-1030,2024-08-15,First Class,Home Office,West,Furniture,Coat Rack,55.00,1,12.00ORD-000031,2025-09-02,Express,Small Business,South America,Gadgets,"Laptop Pro 14""",562,7,186
ORD-000032,2025-12-08,Second Class,Home Office,Middle East,Office Supplies,4K Webcam,1076,3,316
ORD-000033,2024-10-05,Standard Class,Government,Africa,Furniture,Wireless Noise Cancelling Headphones,1079,6,214
ORD-000034,2024-02-07,Standard Class,Home Office,South America,Office Supplies,USB-C Hub 7-in-1,958,1,345
ORD-000035,2024-10-09,Second Class,Small Business,Middle East,Furniture,"Laptop Pro 14""",1941,8,428
ORD-000036,2025-02-27,Standard Class,Education,Middle East,Electronics,"Laptop Pro 14""",2184,4,387
ORD-000037,2024-06-21,Second Class,Small Business,Africa,Accessories,"Tablet Air 11""",871,5,225
ORD-000038,2024-12-14,Second Class,Consumer,Europe,Electronics,Smartphone Ultra,783,7,98
ORD-000039,2024-07-17,First Class,Education,Middle East,Office Supplies,Phone Case MagSafe,696,3,60
ORD-000040,2024-10-29,First Class,Corporate,Middle East,Furniture,Privacy Screen Protector,2229,4,786
ORD-000041,2024-11-19,Second Class,Consumer,Middle East,Accessories,"Tablet Air 11""",2449,6,385
ORD-000042,2024-05-30,Second Class,Corporate,North America,Accessories,Privacy Screen Protector,1226,8,126
ORD-000043,2024-03-29,Same Day,Consumer,South America,Accessories,Privacy Screen Protector,2397,7,561
ORD-000044,2025-12-18,Standard Class,Consumer,Asia Pacific,Gadgets,4K Webcam,956,8,112
ORD-000045,2024-07-27,Standard Class,Education,Middle East,Accessories,Wireless Noise Cancelling Headphones,2414,8,565
ORD-000046,2025-03-12,Same Day,Corporate,Europe,Furniture,Bluetooth Speaker,1114,3,219
ORD-000047,2024-06-06,Same Day,Education,Africa,Furniture,Fitness Tracker Band,913,8,326
ORD-000048,2024-02-17,Same Day,Corporate,North America,Accessories,Standing Desk Frame,1737,3,385
ORD-000049,2025-05-12,Second Class,Home Office,Europe,Accessories,"Tablet Air 11""",379,4,97
ORD-000050,2024-05-10,Second Class,Government,Middle East,Office Supplies,Fitness Tracker Band,736,2,296
ORD-000051,2024-05-31,First Class,Government,South America,Electronics,Bluetooth Speaker,950,8,388
ORD-000052,2024-02-29,Same Day,Small Business,Europe,Electronics,Wireless Charger Pad,2040,1,725
ORD-000053,2024-10-01,Same Day,Small Business,Europe,Office Supplies,"Monitor 27"" 4K",565,7,102
ORD-000054,2024-06-12,Express,Education,Europe,Accessories,Gaming Mouse RGB,2128,4,893
ORD-000055,2025-05-13,Second Class,Small Business,Asia Pacific,Accessories,Ergonomic Desk Chair,2245,1,190
ORD-000056,2025-05-17,Same Day,Consumer,Middle East,Electronics,Smart Watch Series 5,2471,6,759
ORD-000057,2024-12-03,First Class,Home Office,Africa,Electronics,"Monitor 27"" 4K",2480,6,1035
ORD-000058,2024-06-05,Same Day,Home Office,Middle East,Electronics,"Monitor 27"" 4K",1648,5,698
ORD-000059,2024-12-09,First Class,Corporate,North America,Electronics,Wireless Charger Pad,444,8,85
ORD-000060,2025-04-21,Express,Government,Middle East,Accessories,Standing Desk Frame,1608,4,687
ORD-000061,2025-04-14,Standard Class,Corporate,Middle East,Gadgets,Laptop Cooling Stand,429,6,36
ORD-000062,2025-10-23,Same Day,Consumer,North America,Accessories,Phone Case MagSafe,2347,1,850
ORD-000063,2024-06-14,Standard Class,Government,South America,Gadgets,"Monitor 27"" 4K",108,5,34
ORD-000064,2025-09-25,Second Class,Education,Europe,Office Supplies,Smartphone Ultra,2203,4,823
ORD-000065,2024-09-06,First Class,Corporate,Europe,Accessories,Smart Home Hub,1781,8,351
ORD-000066,2024-10-05,Express,Corporate,South America,Gadgets,Bluetooth Speaker,1339,5,443
ORD-000067,2025-01-21,Standard Class,Small Business,Europe,Accessories,Fitness Tracker Band,1405,1,550
ORD-000068,2024-12-28,Same Day,Government,Africa,Gadgets,USB-C Hub 7-in-1,2317,3,431
ORD-000069,2025-01-02,First Class,Corporate,South America,Gadgets,USB-C Hub 7-in-1,1416,1,315
ORD-000070,2024-04-10,Second Class,Corporate,Africa,Gadgets,External SSD 1TB,2113,1,727
ORD-000071,2025-10-31,Same Day,Small Business,Africa,Office Supplies,Smart Home Hub,821,7,94
ORD-000072,2024-04-28,Standard Class,Consumer,Europe,Office Supplies,Bluetooth Speaker,808,5,112
ORD-000073,2025-04-17,Standard Class,Home Office,Europe,Electronics,Laptop Cooling Stand,686,1,275
ORD-000074,2025-11-17,Same Day,Consumer,Middle East,Furniture,"Laptop Pro 14""",262,2,44
ORD-000075,2025-01-03,Express,Education,Middle East,Accessories,"Laptop Pro 14""",1727,4,222
ORD-000076,2025-02-03,Same Day,Consumer,Asia Pacific,Furniture,Ergonomic Desk Chair,897,4,223
ORD-000077,2024-03-25,Express,Corporate,Middle East,Furniture,Privacy Screen Protector,680,8,188
ORD-000078,2024-06-11,Standard Class,Consumer,Africa,Furniture,External SSD 1TB,1495,7,488
ORD-000079,2024-01-10,First Class,Small Business,Europe,Accessories,Laptop Cooling Stand,813,2,129
ORD-000080,2024-07-26,Same Day,Home Office,Middle East,Furniture,Phone Case MagSafe,176,5,74
ORD-000081,2025-03-15,Second Class,Corporate,Asia Pacific,Gadgets,Privacy Screen Protector,1728,5,537
ORD-000082,2025-03-14,First Class,Education,North America,Office Supplies,Laptop Cooling Stand,587,3,96
ORD-000083,2025-12-21,Same Day,Home Office,Middle East,Furniture,Fitness Tracker Band,213,6,68
ORD-000084,2025-08-16,First Class,Home Office,Europe,Accessories,Smart Watch Series 5,513,3,205
ORD-000085,2024-02-14,Second Class,Government,Middle East,Office Supplies,Privacy Screen Protector,622,7,221
ORD-000086,2025-11-20,Express,Home Office,South America,Furniture,Laptop Cooling Stand,575,4,184
ORD-000087,2025-04-24,Second Class,Home Office,Europe,Furniture,External SSD 1TB,962,7,396
ORD-000088,2025-04-10,Second Class,Consumer,South America,Furniture,Phone Case MagSafe,166,6,42
ORD-000089,2025-05-13,First Class,Home Office,Asia Pacific,Accessories,Smartphone Ultra,1843,1,645
ORD-000090,2025-07-03,Second Class,Small Business,Middle East,Accessories,USB-C Hub 7-in-1,297,2,73
ORD-000091,2024-08-17,Same Day,Education,Asia Pacific,Accessories,USB-C Hub 7-in-1,1996,1,260
ORD-000092,2025-02-25,Second Class,Consumer,Asia Pacific,Office Supplies,Fitness Tracker Band,2507,4,260
ORD-000093,2024-04-08,Same Day,Government,North America,Gadgets,"Tablet Air 11""",2012,2,415
ORD-000094,2025-05-12,First Class,Consumer,Africa,Furniture,Smartphone Ultra,1716,5,365
ORD-000095,2025-03-02,First Class,Education,Africa,Gadgets,External SSD 1TB,1538,7,427
ORD-000096,2025-08-03,Second Class,Home Office,Africa,Furniture,Wireless Noise Cancelling Headphones,166,2,56
ORD-000097,2024-11-18,Same Day,Government,Middle East,Electronics,External SSD 1TB,1521,2,245
ORD-000098,2024-01-27,Second Class,Small Business,Asia Pacific,Accessories,Wireless Noise Cancelling Headphones,2086,5,869
ORD-000099,2024-05-15,Same Day,Consumer,Africa,Gadgets,Phone Case MagSafe,1944,2,801
ORD-000100,2024-12-13,Second Class,Corporate,Africa,Furniture,Bluetooth Speaker,1490,4,493
ORD-000101,2024-04-30,Same Day,Small Business,Africa,Electronics,Privacy Screen Protector,74,2,26
ORD-000102,2025-01-30,First Class,Consumer,Middle East,Accessories,4K Webcam,1439,3,135
ORD-000103,2024-10-03,Standard Class,Government,Asia Pacific,Furniture,Gaming Mouse RGB,226,5,78
ORD-000104,2024-06-29,Standard Class,Home Office,Middle East,Office Supplies,"Tablet Air 11""",121,2,45
ORD-000105,2024-07-27,Standard Class,Government,South America,Electronics,External SSD 1TB,1390,6,205
ORD-000106,2025-04-16,Standard Class,Small Business,North America,Electronics,Standing Desk Frame,2305,1,273
ORD-000107,2025-09-13,Same Day,Government,South America,Accessories,Standing Desk Frame,157,7,64
ORD-000108,2024-12-17,Second Class,Education,Middle East,Furniture,"Monitor 27"" 4K",1703,5,630
ORD-000109,2024-08-27,Express,Corporate,Middle East,Gadgets,"Monitor 27"" 4K",937,8,257
ORD-000110,2025-01-16,Second Class,Home Office,Europe,Gadgets,Smart Watch Series 5,1149,8,449
ORD-000111,2024-07-24,Second Class,Education,North America,Gadgets,Smart Watch Series 5,571,2,195
ORD-000112,2024-10-16,Second Class,Education,South America,Gadgets,Ergonomic Desk Chair,522,2,218
ORD-000113,2024-12-14,Express,Home Office,Asia Pacific,Furniture,4K Webcam,2540,2,927
ORD-000114,2025-10-30,Same Day,Corporate,South America,Furniture,"Tablet Air 11""",904,7,290
ORD-000115,2024-07-07,Same Day,Home Office,North America,Gadgets,Wireless Charger Pad,320,5,29
ORD-000116,2025-03-22,Same Day,Small Business,Asia Pacific,Gadgets,Wireless Charger Pad,2045,4,725
ORD-000117,2024-09-24,Second Class,Government,South America,Office Supplies,Smartphone Ultra,1966,1,605
ORD-000118,2024-03-10,Express,Consumer,Asia Pacific,Accessories,Ergonomic Desk Chair,755,7,289
ORD-000119,2025-01-22,Standard Class,Home Office,Asia Pacific,Gadgets,USB-C Hub 7-in-1,1969,4,708
ORD-000120,2025-09-15,Second Class,Consumer,Africa,Furniture,Bluetooth Speaker,1902,6,173
ORD-000121,2025-01-19,Second Class,Education,Africa,Gadgets,"Laptop Pro 14""",1852,4,586
ORD-000122,2024-05-27,Express,Home Office,North America,Gadgets,External SSD 1TB,1576,8,555
ORD-000123,2024-09-25,Same Day,Government,Middle East,Accessories,4K Webcam,521,3,106
ORD-000124,2025-11-27,Standard Class,Education,South America,Accessories,Gaming Mouse RGB,716,5,138
ORD-000125,2025-05-30,Same Day,Government,Middle East,Office Supplies,Phone Case MagSafe,362,4,97
ORD-000126,2024-05-18,Standard Class,Corporate,Europe,Electronics,"Tablet Air 11""",523,8,188
ORD-000127,2024-05-18,Standard Class,Consumer,Europe,Office Supplies,Wireless Noise Cancelling Headphones,888,2,138
ORD-000128,2024-05-13,Second Class,Education,Africa,Furniture,Bluetooth Speaker,1328,2,370
ORD-000129,2024-06-10,Standard Class,Corporate,South America,Gadgets,USB-C Hub 7-in-1,1969,5,232
ORD-000130,2025-08-07,Same Day,Government,Africa,Electronics,Smart Home Hub,1492,8,316
ORD-000131,2024-11-14,Second Class,Education,Middle East,Gadgets,USB-C Hub 7-in-1,488,3,160
ORD-000132,2024-11-16,Express,Corporate,North America,Office Supplies,USB-C Hub 7-in-1,963,2,356
ORD-000133,2024-03-20,Standard Class,Small Business,Africa,Gadgets,Fitness Tracker Band,2143,6,628
ORD-000134,2025-02-24,Express,Government,Africa,Furniture,USB-C Hub 7-in-1,2314,6,963
ORD-000135,2025-08-06,Express,Consumer,Asia Pacific,Gadgets,Gaming Mouse RGB,1806,5,631
ORD-000136,2024-03-21,First Class,Consumer,North America,Furniture,"Laptop Pro 14""",1571,3,432
ORD-000137,2024-12-15,First Class,Home Office,Africa,Gadgets,Bluetooth Speaker,1898,5,532
ORD-000138,2025-05-08,First Class,Corporate,Middle East,Gadgets,Mechanical Keyboard,351,3,119
ORD-000139,2024-02-23,Second Class,Consumer,Africa,Furniture,Standing Desk Frame,90,6,30
ORD-000140,2025-03-02,Second Class,Small Business,North America,Gadgets,Fitness Tracker Band,2191,2,438
ORD-000141,2024-08-09,Standard Class,Education,Middle East,Furniture,Fitness Tracker Band,1373,8,182
ORD-000142,2024-07-18,Same Day,Corporate,Africa,Office Supplies,Bluetooth Speaker,1650,6,367
ORD-000143,2024-07-19,Standard Class,Consumer,Asia Pacific,Office Supplies,"Monitor 27"" 4K",486,4,121
ORD-000144,2024-06-27,Second Class,Home Office,North America,Office Supplies,"Monitor 27"" 4K",2074,7,594
ORD-000145,2024-02-17,Second Class,Home Office,Middle East,Gadgets,"Monitor 27"" 4K",1338,8,507
ORD-000146,2025-07-25,Standard Class,Small Business,Africa,Furniture,Wireless Noise Cancelling Headphones,1599,7,179
ORD-000147,2025-01-25,First Class,Education,Africa,Electronics,Smartphone Ultra,2318,6,826
ORD-000148,2025-02-11,Same Day,Education,Asia Pacific,Office Supplies,USB-C Hub 7-in-1,1532,6,310
ORD-000149,2024-02-16,Express,Education,Asia Pacific,Office Supplies,Fitness Tracker Band,1240,7,327
ORD-000150,2025-06-12,First Class,Corporate,North America,Accessories,Wireless Noise Cancelling Headphones,2517,8,503
ORD-000151,2025-10-06,Express,Education,Europe,Electronics,Bluetooth Speaker,2049,3,458
ORD-000152,2025-03-29,Standard Class,Home Office,North America,Gadgets,Mechanical Keyboard,1810,3,449
ORD-000153,2024-04-06,Standard Class,Corporate,South America,Accessories,Fitness Tracker Band,75,6,7
ORD-000154,2024-12-28,Same Day,Corporate,Asia Pacific,Gadgets,Phone Case MagSafe,138,7,24
ORD-000155,2024-03-09,Second Class,Government,Europe,Office Supplies,Bluetooth Speaker,2191,6,598
ORD-000156,2024-08-30,First Class,Consumer,South America,Office Supplies,Ergonomic Desk Chair,272,5,86
ORD-000157,2024-02-29,Same Day,Education,Africa,Gadgets,Smart Home Hub,2077,6,396
ORD-000158,2025-03-20,Express,Corporate,Asia Pacific,Furniture,Wireless Noise Cancelling Headphones,74,6,24
ORD-000159,2025-12-14,Express,Government,Middle East,Accessories,Bluetooth Speaker,941,8,214
ORD-000160,2024-05-02,Standard Class,Education,Middle East,Office Supplies,Phone Case MagSafe,1224,1,366
ORD-000161,2024-04-09,Express,Government,Africa,Accessories,Smart Watch Series 5,319,3,75
ORD-000162,2024-07-21,Second Class,Home Office,Middle East,Accessories,"Tablet Air 11""",390,8,80
ORD-000163,2025-08-24,Second Class,Consumer,South America,Electronics,Ergonomic Desk Chair,2253,3,413
ORD-000164,2024-10-25,Second Class,Education,Europe,Accessories,Wireless Noise Cancelling Headphones,252,7,105
ORD-000165,2025-10-12,Second Class,Education,South America,Electronics,External SSD 1TB,2423,6,806
ORD-000166,2025-06-22,First Class,Home Office,Europe,Office Supplies,"Tablet Air 11""",359,4,79
ORD-000167,2024-11-28,Express,Home Office,Europe,Accessories,Smart Watch Series 5,834,7,154
ORD-000168,2024-06-26,Same Day,Small Business,Europe,Accessories,"Monitor 27"" 4K",2520,2,224
ORD-000169,2025-11-06,First Class,Consumer,North America,Office Supplies,Smart Home Hub,1328,5,427
ORD-000170,2025-10-05,First Class,Small Business,South America,Office Supplies,Smartphone Ultra,1973,6,328
ORD-000171,2025-04-16,Standard Class,Government,Europe,Accessories,Privacy Screen Protector,2087,1,785
ORD-000172,2025-10-01,Same Day,Education,Middle East,Office Supplies,Phone Case MagSafe,62,8,23
ORD-000173,2024-08-27,Express,Consumer,North America,Accessories,Mechanical Keyboard,1471,4,420
ORD-000174,2024-02-12,First Class,Government,Asia Pacific,Furniture,Gaming Mouse RGB,1849,7,720
ORD-000175,2025-01-17,Standard Class,Corporate,South America,Furniture,"Monitor 27"" 4K",609,8,189
ORD-000176,2024-03-21,Standard Class,Education,North America,Furniture,Ergonomic Desk Chair,2354,7,393
ORD-000177,2025-11-04,Same Day,Consumer,South America,Electronics,"Tablet Air 11""",556,3,77
ORD-000178,2024-10-02,Standard Class,Home Office,Asia Pacific,Gadgets,Standing Desk Frame,1407,1,178
ORD-000179,2025-12-26,First Class,Home Office,Asia Pacific,Office Supplies,Privacy Screen Protector,2527,4,826
ORD-000180,2025-03-15,Second Class,Consumer,North America,Electronics,"Tablet Air 11""",2470,5,1053
ORD-000181,2024-05-29,First Class,Corporate,North America,Electronics,Laptop Cooling Stand,2282,4,415
ORD-000182,2025-11-08,Same Day,Consumer,South America,Electronics,Wireless Noise Cancelling Headphones,1780,4,276
ORD-000183,2024-08-26,Express,Education,Middle East,Accessories,Wireless Noise Cancelling Headphones,1228,2,352
ORD-000184,2024-01-07,Second Class,Government,Africa,Gadgets,Smart Watch Series 5,2149,2,409
ORD-000185,2025-08-17,Same Day,Consumer,Asia Pacific,Gadgets,Smart Home Hub,1080,2,221
ORD-000186,2025-07-07,Same Day,Small Business,North America,Accessories,Wireless Charger Pad,2536,2,277
ORD-000187,2025-02-24,First Class,Government,North America,Gadgets,Privacy Screen Protector,1594,6,186
ORD-000188,2024-04-04,Same Day,Government,Africa,Accessories,Bluetooth Speaker,1561,2,352
ORD-000189,2025-09-11,First Class,Corporate,Asia Pacific,Accessories,USB-C Hub 7-in-1,1643,8,679
ORD-000190,2025-04-21,Second Class,Education,Africa,Electronics,Phone Case MagSafe,1889,6,240
ORD-000191,2024-05-06,Standard Class,Home Office,North America,Accessories,Ergonomic Desk Chair,1460,1,613
ORD-000192,2025-07-29,Standard Class,Education,Asia Pacific,Furniture,"Laptop Pro 14""",840,3,242
ORD-000193,2025-07-20,First Class,Small Business,Africa,Electronics,Bluetooth Speaker,133,6,27
ORD-000194,2025-09-30,Same Day,Education,Africa,Gadgets,"Laptop Pro 14""",294,8,113
ORD-000195,2024-09-21,Standard Class,Government,Europe,Furniture,Standing Desk Frame,909,4,240
ORD-000196,2025-09-04,First Class,Corporate,Africa,Electronics,Standing Desk Frame,1895,1,204
ORD-000197,2025-12-18,Second Class,Corporate,Asia Pacific,Accessories,"Monitor 27"" 4K",176,8,30
ORD-000198,2025-11-06,Second Class,Education,North America,Office Supplies,4K Webcam,1813,2,417
ORD-000199,2024-11-17,Same Day,Government,Europe,Electronics,USB-C Hub 7-in-1,1133,8,470
ORD-000200,2025-04-06,Second Class,Government,Africa,Gadgets,4K Webcam,566,5,125
ORD-000201,2024-08-11,Express,Home Office,South America,Office Supplies,Ergonomic Desk Chair,1557,5,364
ORD-000202,2024-08-22,First Class,Government,North America,Accessories,Privacy Screen Protector,1711,2,283
ORD-000203,2024-11-30,Standard Class,Corporate,Middle East,Electronics,"Tablet Air 11""",1683,6,356
ORD-000204,2024-08-01,Express,Small Business,Europe,Accessories,Gaming Mouse RGB,665,7,176
ORD-000205,2024-09-10,Express,Government,Asia Pacific,Gadgets,Smart Home Hub,1573,1,425
ORD-000206,2025-05-28,Same Day,Consumer,Africa,Accessories,Wireless Charger Pad,1711,8,334
ORD-000207,2025-10-13,Standard Class,Education,South America,Electronics,Smartphone Ultra,1813,1,752
ORD-000208,2024-10-14,Express,Corporate,Europe,Furniture,Wireless Charger Pad,924,5,349
ORD-000209,2025-02-07,Express,Small Business,North America,Furniture,"Monitor 27"" 4K",186,8,59
ORD-000210,2024-03-19,Second Class,Education,Middle East,Accessories,External SSD 1TB,2041,3,385
ORD-000211,2025-06-28,Express,Home Office,Africa,Gadgets,Gaming Mouse RGB,1074,6,200
ORD-000212,2025-10-26,First Class,Education,Africa,Electronics,Phone Case MagSafe,2360,1,321
ORD-000213,2025-06-17,Standard Class,Consumer,Africa,Electronics,Gaming Mouse RGB,366,3,38
ORD-000214,2024-06-11,Standard Class,Consumer,South America,Gadgets,Privacy Screen Protector,1602,6,424
ORD-000215,2024-02-13,Standard Class,Home Office,Middle East,Electronics,External SSD 1TB,369,2,154
ORD-000216,2024-08-05,Express,Government,Europe,Office Supplies,Smart Watch Series 5,2156,8,174
ORD-000217,2024-02-21,First Class,Small Business,Middle East,Furniture,Ergonomic Desk Chair,129,4,31
ORD-000218,2025-06-10,Standard Class,Home Office,South America,Electronics,Wireless Charger Pad,2430,7,198
ORD-000219,2024-07-01,Standard Class,Education,North America,Gadgets,Smart Watch Series 5,1399,3,555
ORD-000220,2024-11-21,Second Class,Government,Europe,Electronics,Privacy Screen Protector,966,8,154
ORD-000221,2024-06-18,Express,Education,Asia Pacific,Office Supplies,Privacy Screen Protector,2028,7,706
ORD-000222,2025-11-06,Same Day,Education,North America,Electronics,Smartphone Ultra,1471,3,390
ORD-000223,2024-06-05,Second Class,Government,Africa,Electronics,Gaming Mouse RGB,1549,4,632
ORD-000224,2024-05-12,First Class,Small Business,Africa,Office Supplies,Smartphone Ultra,177,3,18
ORD-000225,2025-03-17,Standard Class,Corporate,Asia Pacific,Office Supplies,"Laptop Pro 14""",702,5,206
ORD-000226,2024-06-07,Express,Education,South America,Electronics,Phone Case MagSafe,690,4,244
ORD-000227,2024-12-12,Same Day,Corporate,Africa,Accessories,Mechanical Keyboard,1186,2,384
ORD-000228,2025-05-17,Same Day,Small Business,North America,Furniture,Ergonomic Desk Chair,1751,1,297
ORD-000229,2024-01-29,Express,Government,North America,Gadgets,Ergonomic Desk Chair,923,4,207
ORD-000230,2025-09-07,Same Day,Small Business,Europe,Office Supplies,"Tablet Air 11""",2177,5,797
ORD-000231,2024-03-18,First Class,Small Business,Africa,Electronics,Phone Case MagSafe,2022,7,513
ORD-000232,2024-10-09,First Class,Home Office,Asia Pacific,Accessories,Smartphone Ultra,2340,6,810
ORD-000233,2025-06-18,Standard Class,Home Office,South America,Gadgets,External SSD 1TB,1582,4,589
ORD-000234,2024-01-20,Express,Corporate,South America,Gadgets,4K Webcam,1345,8,432
ORD-000235,2025-07-06,Express,Home Office,Middle East,Electronics,Wireless Charger Pad,1366,8,255
ORD-000236,2025-02-20,Second Class,Education,South America,Accessories,Fitness Tracker Band,1717,1,650
ORD-000237,2025-02-04,Standard Class,Consumer,North America,Office Supplies,"Laptop Pro 14""",1277,5,267
ORD-000238,2025-11-24,Express,Consumer,Africa,Electronics,"Tablet Air 11""",417,4,152
ORD-000239,2025-08-21,Standard Class,Corporate,North America,Accessories,Smart Home Hub,1963,7,789
ORD-000240,2025-04-12,Same Day,Government,South America,Furniture,External SSD 1TB,2311,6,312
ORD-000241,2025-03-28,Second Class,Corporate,Europe,Office Supplies,Smart Watch Series 5,1051,7,101
ORD-000242,2025-07-30,Standard Class,Education,South America,Electronics,Smart Home Hub,2498,6,325
ORD-000243,2025-11-20,Same Day,Corporate,Middle East,Gadgets,"Monitor 27"" 4K",1848,7,251
ORD-000244,2025-01-30,Second Class,Education,South America,Furniture,"Monitor 27"" 4K",961,8,216
ORD-000245,2025-12-18,Express,Corporate,Asia Pacific,Electronics,"Monitor 27"" 4K",2099,1,717
ORD-000246,2025-08-05,Second Class,Home Office,Middle East,Gadgets,Phone Case MagSafe,1362,7,140
ORD-000247,2024-10-10,Same Day,Education,Middle East,Office Supplies,Bluetooth Speaker,1936,3,694
ORD-000248,2025-12-29,Second Class,Government,Middle East,Accessories,"Laptop Pro 14""",1992,5,544
ORD-000249,2024-10-02,First Class,Consumer,South America,Gadgets,4K Webcam,311,4,89
ORD-000250,2025-12-25,Second Class,Education,North America,Gadgets,Wireless Noise Cancelling Headphones,804,2,288
ORD-000251,2024-04-12,Same Day,Home Office,Asia Pacific,Gadgets,Wireless Charger Pad,943,8,281
ORD-000252,2024-11-05,Same Day,Small Business,Europe,Office Supplies,Laptop Cooling Stand,1719,3,667
ORD-000253,2025-06-28,Standard Class,Consumer,Middle East,Furniture,Wireless Noise Cancelling Headphones,423,1,157
ORD-000254,2024-11-19,First Class,Small Business,Middle East,Office Supplies,Laptop Cooling Stand,1980,4,417
ORD-000255,2025-09-14,First Class,Consumer,South America,Office Supplies,Gaming Mouse RGB,1635,8,249
ORD-000256,2025-09-25,Second Class,Consumer,South America,Furniture,"Monitor 27"" 4K",301,6,81
ORD-000257,2025-12-02,Express,Consumer,Africa,Office Supplies,Phone Case MagSafe,266,4,97
ORD-000258,2024-09-20,Express,Small Business,Asia Pacific,Electronics,"Laptop Pro 14""",736,5,62
ORD-000259,2025-08-25,Second Class,Home Office,Europe,Accessories,"Tablet Air 11""",2389,5,486
ORD-000260,2025-09-28,Express,Education,Asia Pacific,Gadgets,Smart Watch Series 5,474,2,163
ORD-000261,2025-12-14,Standard Class,Corporate,Middle East,Gadgets,Gaming Mouse RGB,1017,2,268
ORD-000262,2025-02-07,Same Day,Government,Middle East,Gadgets,"Monitor 27"" 4K",1499,4,339
ORD-000263,2025-05-17,Same Day,Government,Asia Pacific,Electronics,Smart Home Hub,883,7,141
ORD-000264,2025-03-03,Standard Class,Government,Middle East,Electronics,4K Webcam,2078,2,196
ORD-000265,2025-06-21,Second Class,Home Office,Africa,Gadgets,Privacy Screen Protector,2257,5,783
ORD-000266,2024-05-16,Second Class,Small Business,Middle East,Electronics,Privacy Screen Protector,230,8,37
ORD-000267,2024-12-15,First Class,Consumer,Africa,Furniture,Smartphone Ultra,1763,5,528
ORD-000268,2024-01-29,Second Class,Small Business,South America,Gadgets,Smart Home Hub,1979,2,723
ORD-000269,2025-10-23,Express,Consumer,North America,Furniture,4K Webcam,1384,7,376
ORD-000270,2024-11-15,Standard Class,Education,Asia Pacific,Electronics,Smartphone Ultra,875,8,221
ORD-000271,2024-09-11,Second Class,Consumer,South America,Gadgets,Privacy Screen Protector,1841,7,416
ORD-000272,2025-06-09,Same Day,Education,North America,Gadgets,Phone Case MagSafe,118,1,13
ORD-000273,2024-12-09,Same Day,Consumer,South America,Electronics,Smart Home Hub,1369,1,303
ORD-000274,2025-05-21,First Class,Small Business,North America,Accessories,Smartphone Ultra,103,8,21
ORD-000275,2025-07-23,Express,Education,South America,Accessories,"Monitor 27"" 4K",2093,4,246
ORD-000276,2024-08-17,Standard Class,Government,Europe,Furniture,Smart Watch Series 5,71,5,22
ORD-000277,2025-10-16,Standard Class,Corporate,Africa,Gadgets,"Laptop Pro 14""",68,7,19
ORD-000278,2025-09-01,Same Day,Small Business,South America,Accessories,Fitness Tracker Band,2334,6,919
ORD-000279,2025-10-26,Same Day,Home Office,Asia Pacific,Electronics,"Monitor 27"" 4K",260,6,21
ORD-000280,2025-03-12,Express,Education,South America,Office Supplies,"Monitor 27"" 4K",2198,3,326
ORD-000281,2024-06-18,First Class,Home Office,South America,Office Supplies,Wireless Charger Pad,1072,4,222
ORD-000282,2025-11-02,Express,Consumer,Africa,Electronics,External SSD 1TB,1531,4,360
ORD-000283,2025-06-16,Second Class,Consumer,Africa,Electronics,Smart Watch Series 5,1929,3,161
ORD-000284,2025-08-02,Same Day,Education,Europe,Gadgets,4K Webcam,999,1,306
ORD-000285,2025-03-28,Same Day,Corporate,Middle East,Furniture,Ergonomic Desk Chair,1205,2,332
ORD-000286,2024-08-19,Express,Home Office,North America,Accessories,USB-C Hub 7-in-1,518,6,132
ORD-000287,2024-08-09,First Class,Consumer,North America,Accessories,"Laptop Pro 14""",1973,4,270
ORD-000288,2025-01-26,Express,Consumer,Middle East,Accessories,"Laptop Pro 14""",730,3,242
ORD-000289,2024-05-03,Express,Small Business,Middle East,Gadgets,Fitness Tracker Band,1098,4,346
ORD-000290,2025-06-16,Second Class,Home Office,Africa,Electronics,"Laptop Pro 14""",2494,5,815
ORD-000291,2024-03-02,Second Class,Small Business,Africa,Accessories,"Tablet Air 11""",2236,1,179
ORD-000292,2025-12-03,Express,Education,Europe,Gadgets,Mechanical Keyboard,2235,1,632
ORD-000293,2024-03-24,Second Class,Small Business,Africa,Office Supplies,"Laptop Pro 14""",1164,3,234
ORD-000294,2024-12-12,Second Class,Government,North America,Gadgets,Mechanical Keyboard,1286,8,296
ORD-000295,2025-04-05,Same Day,Consumer,Middle East,Accessories,External SSD 1TB,2391,1,325
ORD-000296,2025-07-29,Same Day,Government,Middle East,Electronics,Smartphone Ultra,1145,5,295
ORD-000297,2025-10-17,Express,Home Office,North America,Gadgets,Bluetooth Speaker,1260,2,140
ORD-000298,2025-01-08,First Class,Education,Africa,Office Supplies,Fitness Tracker Band,431,4,149
ORD-000299,2025-12-02,Express,Education,South America,Office Supplies,USB-C Hub 7-in-1,308,1,100
ORD-000300,2024-05-28,Standard Class,Consumer,Europe,Accessories,Wireless Noise Cancelling Headphones,797,6,214
ORD-000301,2024-06-02,Express,Home Office,Middle East,Furniture,"Monitor 27"" 4K",139,6,27
ORD-000302,2025-11-17,Express,Consumer,Asia Pacific,Electronics,Bluetooth Speaker,1746,2,443
ORD-000303,2024-04-04,Same Day,Home Office,South America,Accessories,Fitness Tracker Band,170,3,21
ORD-000304,2024-02-13,Express,Education,Africa,Electronics,Wireless Charger Pad,1737,5,616
ORD-000305,2024-01-09,Same Day,Consumer,Africa,Office Supplies,Smart Watch Series 5,850,7,173
ORD-000306,2025-11-26,Same Day,Home Office,Asia Pacific,Gadgets,Smart Home Hub,809,1,326
ORD-000307,2025-11-30,Second Class,Government,Asia Pacific,Accessories,Bluetooth Speaker,1960,3,402
ORD-000308,2025-01-04,Standard Class,Corporate,South America,Accessories,Mechanical Keyboard,1579,6,269
ORD-000309,2024-01-27,First Class,Home Office,Middle East,Electronics,Smart Watch Series 5,2385,3,536
ORD-000310,2024-03-13,Second Class,Government,Middle East,Accessories,USB-C Hub 7-in-1,1908,2,238
ORD-000311,2024-02-23,Same Day,Consumer,North America,Furniture,"Laptop Pro 14""",1497,6,437
ORD-000312,2025-08-14,First Class,Education,Asia Pacific,Office Supplies,Gaming Mouse RGB,1260,2,343
ORD-000313,2025-01-09,Standard Class,Education,Asia Pacific,Office Supplies,USB-C Hub 7-in-1,1377,6,578
ORD-000314,2025-12-02,Express,Small Business,Europe,Furniture,Smart Home Hub,228,6,36
ORD-000315,2025-12-04,Standard Class,Small Business,Europe,Electronics,Fitness Tracker Band,1628,5,196
ORD-000316,2025-06-05,Express,Consumer,Asia Pacific,Electronics,Laptop Cooling Stand,286,1,117
ORD-000317,2024-09-24,Second Class,Small Business,South America,Accessories,Fitness Tracker Band,1816,6,541
ORD-000318,2024-01-22,Same Day,Consumer,Africa,Electronics,External SSD 1TB,1405,4,427
ORD-000319,2025-08-30,Standard Class,Corporate,Middle East,Accessories,Ergonomic Desk Chair,1229,8,297
ORD-000320,2025-07-08,Second Class,Education,Middle East,Gadgets,Mechanical Keyboard,714,3,192
ORD-000321,2024-02-02,Same Day,Government,Africa,Office Supplies,"Tablet Air 11""",2121,2,290
ORD-000322,2024-12-13,Same Day,Home Office,South America,Electronics,Bluetooth Speaker,2383,1,997
ORD-000323,2025-01-29,Express,Small Business,Europe,Gadgets,Laptop Cooling Stand,1900,7,711
ORD-000324,2025-02-01,Same Day,Government,Africa,Gadgets,Gaming Mouse RGB,943,7,180
ORD-000325,2024-06-15,Express,Education,Asia Pacific,Accessories,Fitness Tracker Band,1096,3,271
ORD-000326,2025-11-16,First Class,Consumer,South America,Furniture,Gaming Mouse RGB,2106,5,662
ORD-000327,2024-09-17,Same Day,Corporate,Europe,Gadgets,USB-C Hub 7-in-1,860,4,189
ORD-000328,2025-03-06,First Class,Small Business,North America,Accessories,Phone Case MagSafe,763,4,141
ORD-000329,2024-09-30,Express,Corporate,South America,Office Supplies,4K Webcam,135,3,16
ORD-000330,2024-12-16,Same Day,Small Business,South America,Accessories,"Tablet Air 11""",1269,6,212
ORD-000331,2025-02-14,Express,Consumer,South America,Electronics,Ergonomic Desk Chair,1910,5,372
ORD-000332,2025-07-03,Same Day,Corporate,Middle East,Furniture,Privacy Screen Protector,1492,1,567
ORD-000333,2024-04-23,Second Class,Home Office,Africa,Electronics,Mechanical Keyboard,283,8,106
ORD-000334,2024-03-11,Express,Home Office,Middle East,Electronics,USB-C Hub 7-in-1,446,7,137
ORD-000335,2024-09-23,First Class,Home Office,Africa,Accessories,External SSD 1TB,391,6,76
ORD-000336,2025-04-30,Express,Education,North America,Accessories,Smartphone Ultra,1269,8,227
ORD-000337,2024-01-16,Same Day,Corporate,Middle East,Office Supplies,Wireless Charger Pad,1264,7,168
ORD-000338,2025-04-29,Standard Class,Consumer,Europe,Accessories,Smart Watch Series 5,1815,1,683
ORD-000339,2025-06-08,Same Day,Education,Europe,Gadgets,"Tablet Air 11""",1978,2,675
ORD-000340,2025-10-31,Express,Government,Asia Pacific,Gadgets,Wireless Charger Pad,358,7,137
ORD-000341,2025-04-25,Same Day,Corporate,Asia Pacific,Gadgets,Mechanical Keyboard,1561,3,424
ORD-000342,2024-09-05,Second Class,Corporate,Europe,Gadgets,"Laptop Pro 14""",1526,8,186
ORD-000343,2025-06-03,Same Day,Corporate,South America,Furniture,Mechanical Keyboard,1811,3,477
ORD-000344,2024-11-19,First Class,Small Business,Middle East,Furniture,USB-C Hub 7-in-1,365,2,74
ORD-000345,2024-02-13,Express,Corporate,Europe,Office Supplies,Phone Case MagSafe,1821,5,449
ORD-000346,2025-10-27,First Class,Corporate,Africa,Furniture,Mechanical Keyboard,2299,2,796
ORD-000347,2024-07-27,Express,Education,Middle East,Office Supplies,Fitness Tracker Band,2269,1,221
ORD-000348,2024-08-04,First Class,Home Office,Asia Pacific,Furniture,Ergonomic Desk Chair,212,1,17
ORD-000349,2025-07-13,Same Day,Corporate,Africa,Office Supplies,Mechanical Keyboard,1464,1,406
ORD-000350,2025-07-22,Same Day,Small Business,South America,Gadgets,Gaming Mouse RGB,1621,1,244
ORD-000351,2025-06-14,Express,Government,South America,Accessories,External SSD 1TB,1003,2,156
ORD-000352,2024-11-07,First Class,Small Business,North America,Office Supplies,USB-C Hub 7-in-1,218,6,63
ORD-000353,2024-10-03,Same Day,Education,Europe,Office Supplies,Privacy Screen Protector,1459,3,302
ORD-000354,2024-04-08,Second Class,Government,Africa,Furniture,External SSD 1TB,773,6,313
ORD-000355,2025-02-22,First Class,Consumer,Europe,Furniture,Wireless Charger Pad,1410,5,362
ORD-000356,2024-03-01,Express,Consumer,Middle East,Gadgets,Fitness Tracker Band,1479,6,512
ORD-000357,2024-02-21,First Class,Small Business,Middle East,Accessories,Standing Desk Frame,1976,2,324
ORD-000358,2025-06-25,Same Day,Home Office,Africa,Accessories,Smart Watch Series 5,2046,6,363
ORD-000359,2024-12-25,First Class,Education,Middle East,Electronics,Smart Watch Series 5,910,6,353
ORD-000360,2025-08-08,First Class,Corporate,Africa,Accessories,Smart Watch Series 5,384,5,161
ORD-000361,2024-07-27,Second Class,Government,Asia Pacific,Accessories,"Tablet Air 11""",561,8,148
ORD-000362,2024-08-14,Standard Class,Corporate,South America,Furniture,Laptop Cooling Stand,218,7,51
ORD-000363,2025-07-07,Standard Class,Corporate,Europe,Electronics,Ergonomic Desk Chair,184,7,23
ORD-000364,2025-06-02,Second Class,Small Business,South America,Furniture,Wireless Charger Pad,2035,4,296
ORD-000365,2025-12-29,Express,Education,Asia Pacific,Accessories,Ergonomic Desk Chair,52,4,21
ORD-000366,2024-09-11,Same Day,Government,South America,Furniture,USB-C Hub 7-in-1,1105,8,375
ORD-000367,2024-06-19,Same Day,Home Office,Africa,Furniture,Laptop Cooling Stand,2506,3,467
ORD-000368,2025-12-24,Standard Class,Small Business,Africa,Electronics,Smart Watch Series 5,1830,7,594
ORD-000369,2025-12-18,Second Class,Education,Middle East,Electronics,Laptop Cooling Stand,1884,7,157
ORD-000370,2024-09-22,Standard Class,Small Business,South America,Electronics,"Tablet Air 11""",1825,2,155
ORD-000371,2025-03-20,Standard Class,Government,Europe,Furniture,Wireless Noise Cancelling Headphones,1862,5,491
ORD-000372,2024-05-27,Express,Corporate,North America,Furniture,Standing Desk Frame,1130,4,388
ORD-000373,2025-08-07,Standard Class,Government,Asia Pacific,Gadgets,Smart Watch Series 5,1866,7,581
ORD-000374,2024-11-20,Same Day,Consumer,Europe,Office Supplies,USB-C Hub 7-in-1,701,7,206
ORD-000375,2024-10-28,Standard Class,Education,Middle East,Gadgets,Mechanical Keyboard,1191,1,336
ORD-000376,2024-12-11,Standard Class,Small Business,South America,Gadgets,Standing Desk Frame,2295,3,292
ORD-000377,2024-05-21,Express,Home Office,South America,Office Supplies,4K Webcam,53,7,9
ORD-000378,2025-02-13,Standard Class,Home Office,North America,Electronics,Fitness Tracker Band,285,8,23
ORD-000379,2025-09-18,Standard Class,Government,Asia Pacific,Accessories,"Monitor 27"" 4K",236,4,52
ORD-000380,2024-01-01,Second Class,Consumer,Europe,Furniture,Wireless Noise Cancelling Headphones,1804,8,605
ORD-000381,2024-09-28,Express,Education,North America,Accessories,Phone Case MagSafe,2059,8,225
ORD-000382,2024-09-19,First Class,Home Office,Africa,Gadgets,Mechanical Keyboard,1627,1,228
ORD-000383,2024-11-02,Second Class,Corporate,North America,Office Supplies,Smartphone Ultra,973,4,135
ORD-000384,2025-02-17,Standard Class,Education,Middle East,Office Supplies,External SSD 1TB,70,2,11
ORD-000385,2025-07-24,Same Day,Consumer,Africa,Gadgets,Ergonomic Desk Chair,362,6,64
ORD-000386,2024-04-26,Second Class,Corporate,Asia Pacific,Office Supplies,Smart Home Hub,2402,6,364
ORD-000387,2025-08-24,Express,Consumer,Asia Pacific,Gadgets,4K Webcam,359,4,96
ORD-000388,2024-08-29,Standard Class,Small Business,North America,Office Supplies,Smart Home Hub,1797,7,392
ORD-000389,2024-05-29,Second Class,Home Office,Africa,Furniture,Wireless Noise Cancelling Headphones,1269,4,223
ORD-000390,2025-06-01,First Class,Home Office,Middle East,Office Supplies,Mechanical Keyboard,1616,2,659
ORD-000391,2024-01-08,Express,Corporate,Africa,Office Supplies,Ergonomic Desk Chair,2115,1,546
ORD-000392,2024-12-13,Second Class,Education,North America,Electronics,Smart Watch Series 5,90,3,21
ORD-000393,2024-01-24,Express,Consumer,Middle East,Accessories,Wireless Noise Cancelling Headphones,1351,7,553
ORD-000394,2024-01-22,Express,Consumer,Africa,Electronics,External SSD 1TB,2503,1,470
ORD-000395,2025-12-16,Express,Government,Asia Pacific,Office Supplies,Smartphone Ultra,2197,1,635
ORD-000396,2024-09-23,Express,Education,North America,Furniture,Privacy Screen Protector,1164,5,375
ORD-000397,2024-03-12,First Class,Education,Europe,Office Supplies,Smart Home Hub,435,6,41
ORD-000398,2025-08-06,Express,Corporate,South America,Furniture,Smartphone Ultra,1483,8,327
ORD-000399,2025-09-20,First Class,Home Office,Asia Pacific,Furniture,Standing Desk Frame,1573,8,479
ORD-000400,2025-07-15,Same Day,Small Business,Africa,Electronics,Smart Watch Series 5,2390,2,633
ORD-000401,2025-08-02,Standard Class,Education,Middle East,Gadgets,Wireless Noise Cancelling Headphones,249,6,104
ORD-000402,2024-08-06,Standard Class,Consumer,Europe,Accessories,"Monitor 27"" 4K",295,6,42
ORD-000403,2025-05-26,Express,Government,Asia Pacific,Office Supplies,"Tablet Air 11""",1321,6,388
ORD-000404,2024-08-06,First Class,Small Business,Middle East,Office Supplies,Standing Desk Frame,601,6,182
ORD-000405,2025-07-21,Standard Class,Consumer,Africa,Electronics,Smartphone Ultra,1157,2,120
ORD-000406,2025-06-24,Second Class,Government,Asia Pacific,Electronics,"Monitor 27"" 4K",2464,3,882
ORD-000407,2024-08-13,First Class,Home Office,Middle East,Electronics,External SSD 1TB,512,2,124
ORD-000408,2025-06-01,First Class,Government,South America,Electronics,Smart Home Hub,1263,1,169
ORD-000409,2024-05-11,First Class,Small Business,South America,Electronics,Gaming Mouse RGB,690,1,127
ORD-000410,2025-06-26,Standard Class,Home Office,South America,Electronics,Bluetooth Speaker,2483,1,273
ORD-000411,2024-12-23,Standard Class,Small Business,Asia Pacific,Office Supplies,Wireless Noise Cancelling Headphones,1032,3,354
ORD-000412,2025-01-02,Same Day,Consumer,Middle East,Furniture,Phone Case MagSafe,1195,1,351
ORD-000413,2025-10-08,Second Class,Consumer,North America,Office Supplies,Mechanical Keyboard,122,8,40
ORD-000414,2025-07-21,Second Class,Small Business,North America,Furniture,Fitness Tracker Band,680,2,126
ORD-000415,2024-09-15,Express,Corporate,Asia Pacific,Electronics,"Laptop Pro 14""",1007,4,194
ORD-000416,2024-03-23,Second Class,Consumer,Middle East,Gadgets,Laptop Cooling Stand,2335,1,405
ORD-000417,2024-07-26,First Class,Education,Africa,Accessories,USB-C Hub 7-in-1,610,7,53
ORD-000418,2024-10-26,Standard Class,Education,Asia Pacific,Electronics,Ergonomic Desk Chair,1367,8,344
ORD-000419,2024-12-30,Same Day,Education,South America,Office Supplies,External SSD 1TB,937,8,117
ORD-000420,2024-09-30,Second Class,Home Office,Middle East,Office Supplies,Laptop Cooling Stand,415,1,171
ORD-000421,2025-09-18,Standard Class,Corporate,North America,Furniture,Wireless Noise Cancelling Headphones,2537,3,1018
ORD-000422,2025-09-09,Same Day,Home Office,Asia Pacific,Furniture,Laptop Cooling Stand,1318,3,432
ORD-000423,2025-12-29,Same Day,Consumer,Middle East,Office Supplies,Phone Case MagSafe,1505,7,169
ORD-000424,2025-06-26,Express,Consumer,North America,Office Supplies,Smartphone Ultra,2214,4,659
ORD-000425,2024-09-18,Same Day,Government,Europe,Gadgets,Gaming Mouse RGB,1505,5,174
ORD-000426,2025-10-08,Same Day,Government,Middle East,Gadgets,External SSD 1TB,477,4,104
ORD-000427,2024-07-02,First Class,Government,Middle East,Gadgets,Standing Desk Frame,408,1,100
ORD-000428,2024-02-15,Standard Class,Home Office,Asia Pacific,Accessories,Privacy Screen Protector,1237,3,173
ORD-000429,2024-11-04,First Class,Home Office,South America,Furniture,USB-C Hub 7-in-1,2196,1,664
ORD-000430,2024-04-02,First Class,Education,Asia Pacific,Gadgets,Bluetooth Speaker,1617,2,551
ORD-000431,2024-03-27,Standard Class,Consumer,North America,Electronics,External SSD 1TB,458,8,110
ORD-000432,2025-10-17,First Class,Consumer,North America,Accessories,Privacy Screen Protector,544,1,72
ORD-000433,2025-11-21,Same Day,Small Business,South America,Office Supplies,"Laptop Pro 14""",1436,5,281
ORD-000434,2025-11-26,Express,Education,Middle East,Office Supplies,Fitness Tracker Band,2381,4,199
ORD-000435,2024-11-21,Same Day,Small Business,Asia Pacific,Gadgets,External SSD 1TB,1849,3,510
ORD-000436,2025-04-26,First Class,Small Business,South America,Office Supplies,Laptop Cooling Stand,2486,3,399
ORD-000437,2025-11-19,Same Day,Government,Africa,Office Supplies,Fitness Tracker Band,1272,6,364
ORD-000438,2024-05-24,First Class,Corporate,North America,Furniture,"Tablet Air 11""",1562,3,313
ORD-000439,2025-08-31,Express,Home Office,Africa,Accessories,USB-C Hub 7-in-1,2314,2,973
ORD-000440,2025-06-23,Second Class,Government,Middle East,Gadgets,4K Webcam,2390,5,884
ORD-000441,2025-05-10,Same Day,Education,North America,Electronics,External SSD 1TB,429,4,44
ORD-000442,2025-10-30,Express,Government,Africa,Gadgets,Smart Home Hub,1955,3,453
ORD-000443,2024-05-01,Express,Corporate,Europe,Accessories,Bluetooth Speaker,123,4,51
ORD-000444,2024-04-28,Express,Corporate,North America,Gadgets,4K Webcam,298,4,45
ORD-000445,2025-05-18,First Class,Home Office,Africa,Gadgets,Ergonomic Desk Chair,1393,1,367
ORD-000446,2024-09-06,Standard Class,Consumer,South America,Accessories,Fitness Tracker Band,1616,2,442
ORD-000447,2025-10-06,Express,Corporate,South America,Electronics,Smart Watch Series 5,987,5,414
ORD-000448,2025-09-02,Second Class,Corporate,Asia Pacific,Office Supplies,Privacy Screen Protector,1563,3,144
ORD-000449,2024-09-23,Standard Class,Corporate,North America,Gadgets,4K Webcam,1842,3,467
ORD-000450,2024-08-31,Standard Class,Small Business,Middle East,Gadgets,Phone Case MagSafe,536,2,50
ORD-000451,2024-08-12,Standard Class,Education,South America,Office Supplies,Privacy Screen Protector,1733,2,347
ORD-000452,2025-03-14,Standard Class,Education,Middle East,Office Supplies,"Laptop Pro 14""",1716,2,349
ORD-000453,2025-11-23,First Class,Education,Africa,Electronics,"Monitor 27"" 4K",1018,8,271
ORD-000454,2024-06-19,Express,Government,Europe,Furniture,Phone Case MagSafe,594,3,159
ORD-000455,2025-03-28,Standard Class,Consumer,Asia Pacific,Furniture,Standing Desk Frame,1172,8,160
ORD-000456,2025-10-31,First Class,Corporate,Africa,Furniture,"Tablet Air 11""",1170,2,301
ORD-000457,2024-11-19,Standard Class,Corporate,South America,Electronics,4K Webcam,1077,1,146
ORD-000458,2025-09-05,Standard Class,Corporate,Europe,Accessories,Smart Home Hub,1267,2,294
ORD-000459,2024-02-29,Standard Class,Government,South America,Office Supplies,Ergonomic Desk Chair,117,4,17
ORD-000460,2024-03-11,First Class,Corporate,Middle East,Electronics,Fitness Tracker Band,1433,8,459
ORD-000461,2025-03-14,Standard Class,Small Business,Middle East,Office Supplies,Wireless Noise Cancelling Headphones,2288,6,608
ORD-000462,2024-04-06,Second Class,Small Business,Middle East,Office Supplies,"Tablet Air 11""",1254,8,151
ORD-000463,2025-05-22,Express,Home Office,Europe,Office Supplies,Smart Watch Series 5,1458,6,579
ORD-000464,2025-03-06,Second Class,Corporate,North America,Gadgets,4K Webcam,2076,4,785
ORD-000465,2024-03-11,Second Class,Government,Middle East,Accessories,Standing Desk Frame,2446,4,987
ORD-000466,2025-08-03,Express,Consumer,Europe,Office Supplies,Ergonomic Desk Chair,675,4,223
ORD-000467,2025-12-01,Second Class,Education,North America,Gadgets,Privacy Screen Protector,913,8,262
ORD-000468,2024-02-04,Express,Home Office,North America,Gadgets,Mechanical Keyboard,1095,5,223
ORD-000469,2025-12-21,Same Day,Corporate,Middle East,Electronics,4K Webcam,135,8,20
ORD-000470,2024-04-14,Express,Education,Europe,Electronics,4K Webcam,269,3,52
ORD-000471,2025-01-01,Express,Small Business,Africa,Accessories,Wireless Noise Cancelling Headphones,541,7,158
ORD-000472,2025-05-09,Same Day,Government,South America,Accessories,Laptop Cooling Stand,2394,1,333
ORD-000473,2024-03-26,First Class,Consumer,Europe,Gadgets,"Monitor 27"" 4K",370,3,138
ORD-000474,2024-10-01,Express,Government,South America,Gadgets,Wireless Noise Cancelling Headphones,66,6,10
ORD-000475,2025-09-28,Second Class,Small Business,Middle East,Accessories,"Tablet Air 11""",1241,8,135
ORD-000476,2025-03-18,First Class,Government,Africa,Accessories,Laptop Cooling Stand,199,7,53
ORD-000477,2024-10-12,Standard Class,Small Business,Asia Pacific,Office Supplies,Gaming Mouse RGB,620,8,191
ORD-000478,2025-07-31,Standard Class,Government,Asia Pacific,Accessories,USB-C Hub 7-in-1,1344,6,317
ORD-000479,2024-08-07,Standard Class,Education,South America,Furniture,"Laptop Pro 14""",791,5,72
ORD-000480,2025-05-07,First Class,Corporate,Asia Pacific,Accessories,Privacy Screen Protector,2022,4,261
ORD-000481,2025-01-17,Express,Small Business,South America,Accessories,Wireless Charger Pad,488,7,84
ORD-000482,2025-11-20,Express,Education,Europe,Furniture,Mechanical Keyboard,2540,8,899
ORD-000483,2025-05-05,First Class,Small Business,North America,Accessories,Ergonomic Desk Chair,1041,3,302
ORD-000484,2025-08-07,Second Class,Consumer,Middle East,Electronics,USB-C Hub 7-in-1,1978,1,241
ORD-000485,2024-03-21,Standard Class,Corporate,Asia Pacific,Accessories,"Monitor 27"" 4K",1412,5,124
ORD-000486,2025-07-10,Same Day,Education,Middle East,Furniture,Wireless Noise Cancelling Headphones,130,7,54
ORD-000487,2025-07-29,Same Day,Education,Middle East,Gadgets,Smartphone Ultra,311,8,118
ORD-000488,2024-07-06,Same Day,Education,Middle East,Furniture,Wireless Charger Pad,2074,4,451
ORD-000489,2025-09-16,Express,Small Business,Europe,Office Supplies,Laptop Cooling Stand,408,1,147
ORD-000490,2024-01-01,Standard Class,Small Business,Middle East,Electronics,Phone Case MagSafe,2099,5,724
ORD-000491,2024-11-21,Standard Class,Government,North America,Furniture,Mechanical Keyboard,378,7,40
ORD-000492,2025-08-12,Same Day,Consumer,Asia Pacific,Office Supplies,4K Webcam,1649,4,516
ORD-000493,2024-08-31,Express,Small Business,North America,Office Supplies,Laptop Cooling Stand,1636,2,597
ORD-000494,2025-06-26,Standard Class,Home Office,North America,Gadgets,Smart Home Hub,61,5,16
ORD-000495,2025-10-19,First Class,Consumer,Africa,Electronics,Phone Case MagSafe,2436,2,617
ORD-000496,2025-07-26,Express,Corporate,North America,Office Supplies,Mechanical Keyboard,1917,4,504
ORD-000497,2024-08-28,Express,Government,Africa,Electronics,Mechanical Keyboard,1568,1,402
ORD-000498,2025-01-05,Second Class,Small Business,Africa,Electronics,Privacy Screen Protector,2213,3,198
ORD-000499,2025-08-04,First Class,Home Office,North America,Gadgets,USB-C Hub 7-in-1,880,6,120
ORD-000500,2024-12-18,First Class,Home Office,Asia Pacific,Office Supplies,Fitness Tracker Band,1461,6,396
ORD-000501,2025-07-28,Standard Class,Government,Middle East,Furniture,"Monitor 27"" 4K",1903,5,261
ORD-000502,2025-05-01,Express,Education,South America,Office Supplies,Phone Case MagSafe,1543,1,567
ORD-000503,2025-05-01,Second Class,Corporate,Europe,Accessories,Smart Watch Series 5,2153,7,484
ORD-000504,2024-06-30,Express,Government,Asia Pacific,Electronics,Ergonomic Desk Chair,1831,7,555
ORD-000505,2025-02-21,Second Class,Education,South America,Accessories,Mechanical Keyboard,1219,8,287
ORD-000506,2025-07-15,Second Class,Education,Middle East,Furniture,Wireless Charger Pad,2316,6,895
ORD-000507,2024-05-09,Standard Class,Government,South America,Office Supplies,Smartphone Ultra,549,8,140
ORD-000508,2024-08-13,Express,Government,Africa,Office Supplies,Phone Case MagSafe,1557,7,586
ORD-000509,2025-02-07,Standard Class,Small Business,Africa,Electronics,Gaming Mouse RGB,1218,4,243
ORD-000510,2025-01-30,Express,Government,Europe,Gadgets,Mechanical Keyboard,938,5,370
ORD-000511,2024-09-10,Standard Class,Home Office,South America,Gadgets,Wireless Charger Pad,753,6,306
ORD-000512,2025-05-26,Express,Corporate,South America,Gadgets,"Laptop Pro 14""",573,7,196
ORD-000513,2025-01-03,Second Class,Government,Europe,Accessories,"Laptop Pro 14""",1576,3,170
ORD-000514,2025-11-10,First Class,Corporate,Middle East,Accessories,"Tablet Air 11""",1995,4,300
ORD-000515,2024-05-20,First Class,Small Business,Asia Pacific,Accessories,Fitness Tracker Band,2034,6,267
ORD-000516,2025-01-26,Same Day,Consumer,Middle East,Gadgets,Wireless Charger Pad,1204,4,462
ORD-000517,2024-04-20,First Class,Education,North America,Office Supplies,Ergonomic Desk Chair,921,5,152
ORD-000518,2024-04-01,Express,Consumer,Europe,Accessories,Wireless Charger Pad,1443,7,490
ORD-000519,2025-09-23,First Class,Corporate,North America,Office Supplies,Standing Desk Frame,1643,1,442
ORD-000520,2024-09-01,First Class,Small Business,North America,Electronics,Privacy Screen Protector,2532,5,762
ORD-000521,2025-04-04,Standard Class,Government,Asia Pacific,Furniture,Ergonomic Desk Chair,1250,5,233
ORD-000522,2024-05-11,Express,Government,Africa,Electronics,"Monitor 27"" 4K",260,4,49
ORD-000523,2024-03-25,Same Day,Corporate,Africa,Gadgets,Wireless Noise Cancelling Headphones,1965,8,420
ORD-000524,2024-08-29,Express,Government,South America,Electronics,Fitness Tracker Band,2407,3,592
ORD-000525,2025-03-20,Express,Education,South America,Furniture,Mechanical Keyboard,720,6,81
ORD-000526,2024-02-15,Same Day,Home Office,Europe,Furniture,Phone Case MagSafe,2269,1,322
ORD-000527,2024-11-13,Same Day,Consumer,South America,Gadgets,Standing Desk Frame,162,1,31
ORD-000528,2025-09-21,Express,Education,Europe,Office Supplies,"Tablet Air 11""",1960,3,415
ORD-000529,2024-07-13,First Class,Small Business,Middle East,Furniture,Gaming Mouse RGB,2226,4,449
ORD-000530,2024-03-29,Standard Class,Government,Asia Pacific,Office Supplies,Bluetooth Speaker,1561,5,417
ORD-000530,2024-03-02,Express,Government,South America,Gadgets,Gaming Mouse RGB,280,4,82
ORD-000531,2025-07-26,First Class,Small Business,Europe,Furniture,"Tablet Air 11""",56,3,12
ORD-000532,2024-12-05,First Class,Education,Europe,Accessories,Ergonomic Desk Chair,971,3,394
ORD-000533,2024-04-12,Second Class,Home Office,Africa,Furniture,Smart Home Hub,1511,2,566
ORD-000534,2024-06-17,Standard Class,Small Business,South America,Electronics,External SSD 1TB,633,3,52
ORD-000535,2025-10-16,Standard Class,Consumer,Europe,Accessories,USB-C Hub 7-in-1,1975,7,307
ORD-000536,2024-12-16,Standard Class,Government,North America,Gadgets,"Monitor 27"" 4K",1603,4,524
ORD-000537,2025-08-28,First Class,Consumer,North America,Accessories,Gaming Mouse RGB,644,7,146
ORD-000538,2025-01-28,First Class,Corporate,Asia Pacific,Furniture,Laptop Cooling Stand,1522,3,571
ORD-000539,2024-01-14,Same Day,Government,South America,Accessories,Fitness Tracker Band,2485,2,633
ORD-000540,2025-04-09,Same Day,Consumer,Middle East,Office Supplies,External SSD 1TB,2149,5,477
ORD-000541,2024-01-22,Standard Class,Consumer,North America,Gadgets,Phone Case MagSafe,711,5,272
ORD-000542,2025-03-24,Second Class,Small Business,North America,Accessories,"Laptop Pro 14""",2497,8,488
ORD-000543,2025-04-11,Standard Class,Education,Middle East,Accessories,"Laptop Pro 14""",71,6,9
ORD-000544,2024-06-29,First Class,Consumer,Europe,Office Supplies,"Tablet Air 11""",844,1,224
ORD-000545,2025-03-06,Second Class,Small Business,North America,Accessories,Fitness Tracker Band,1920,7,816
ORD-000546,2025-12-08,Second Class,Small Business,South America,Electronics,Mechanical Keyboard,243,5,38
ORD-000547,2025-12-30,Express,Corporate,South America,Electronics,Wireless Charger Pad,898,3,272
ORD-000548,2024-05-17,Same Day,Home Office,Europe,Gadgets,Mechanical Keyboard,302,2,43
ORD-000549,2024-12-31,First Class,Government,South America,Gadgets,Phone Case MagSafe,2175,5,801
ORD-000550,2024-11-05,Standard Class,Education,Middle East,Gadgets,Ergonomic Desk Chair,1542,8,388
ORD-000551,2025-10-13,Express,Consumer,Europe,Accessories,Gaming Mouse RGB,345,4,70
ORD-000552,2024-03-29,First Class,Education,Asia Pacific,Office Supplies,External SSD 1TB,2246,2,875
ORD-000553,2025-02-16,Same Day,Corporate,Europe,Furniture,External SSD 1TB,2430,6,549
ORD-000554,2024-02-10,Same Day,Education,Africa,Accessories,"Tablet Air 11""",2218,8,399
ORD-000555,2025-12-10,Express,Small Business,Europe,Gadgets,"Tablet Air 11""",684,2,111
ORD-000556,2024-04-26,Second Class,Home Office,Africa,Gadgets,Laptop Cooling Stand,2494,3,846
ORD-000557,2024-12-26,Standard Class,Corporate,North America,Electronics,Fitness Tracker Band,1597,2,202
ORD-000558,2024-11-04,Standard Class,Small Business,Europe,Furniture,Privacy Screen Protector,1340,8,403
ORD-000559,2025-02-16,Standard Class,Small Business,Africa,Furniture,Phone Case MagSafe,379,7,56
ORD-000560,2024-04-14,Standard Class,Corporate,North America,Gadgets,4K Webcam,1082,5,272
ORD-000561,2024-03-23,Standard Class,Home Office,South America,Gadgets,Smart Watch Series 5,292,2,45
ORD-000562,2025-11-06,Standard Class,Education,North America,Furniture,Bluetooth Speaker,1789,4,580
ORD-000563,2024-06-27,Standard Class,Corporate,Africa,Gadgets,Wireless Charger Pad,1694,2,347
ORD-000564,2025-04-09,Standard Class,Home Office,North America,Accessories,Ergonomic Desk Chair,1816,5,743
ORD-000565,2024-01-03,Express,Small Business,Asia Pacific,Electronics,Phone Case MagSafe,1768,1,205
ORD-000566,2025-07-06,Standard Class,Consumer,South America,Electronics,Wireless Noise Cancelling Headphones,2148,8,912
ORD-000567,2024-04-20,First Class,Corporate,Asia Pacific,Electronics,"Laptop Pro 14""",1974,7,222
ORD-000568,2025-04-07,Same Day,Home Office,Middle East,Electronics,Wireless Noise Cancelling Headphones,1570,3,628
ORD-000569,2025-06-19,First Class,Consumer,South America,Accessories,USB-C Hub 7-in-1,2408,7,553
ORD-000570,2024-01-17,First Class,Corporate,North America,Gadgets,External SSD 1TB,2506,4,995
ORD-000571,2025-01-15,Express,Government,Asia Pacific,Office Supplies,Bluetooth Speaker,1506,7,612
ORD-000572,2024-03-22,Second Class,Corporate,Middle East,Electronics,Phone Case MagSafe,1350,6,367
ORD-000573,2024-07-21,Express,Corporate,Europe,Electronics,USB-C Hub 7-in-1,2253,7,645
ORD-000574,2025-01-26,First Class,Corporate,Europe,Office Supplies,USB-C Hub 7-in-1,1226,2,392
ORD-000575,2025-02-20,Same Day,Government,South America,Accessories,Ergonomic Desk Chair,176,5,74
ORD-000576,2024-06-10,Same Day,Education,Africa,Office Supplies,External SSD 1TB,535,6,131
ORD-000577,2025-03-13,Standard Class,Corporate,South America,Office Supplies,USB-C Hub 7-in-1,796,8,139
ORD-000578,2024-05-15,Same Day,Government,Asia Pacific,Gadgets,4K Webcam,920,6,165
ORD-000579,2025-06-01,Same Day,Corporate,Asia Pacific,Gadgets,Standing Desk Frame,1091,4,281
ORD-000580,2024-02-26,Same Day,Government,Africa,Gadgets,Mechanical Keyboard,918,3,370
ORD-000581,2025-04-07,Same Day,Home Office,Europe,Furniture,Bluetooth Speaker,2022,6,353
ORD-000582,2025-02-14,First Class,Education,Africa,Accessories,Mechanical Keyboard,2215,2,822
ORD-000583,2024-08-07,Express,Corporate,Africa,Gadgets,Smart Home Hub,2070,7,595
ORD-000584,2024-05-05,Same Day,Small Business,North America,Accessories,Phone Case MagSafe,596,2,245
ORD-000585,2024-07-05,Second Class,Home Office,Asia Pacific,Electronics,Phone Case MagSafe,1436,8,444
ORD-000586,2024-02-27,Second Class,Consumer,South America,Furniture,Gaming Mouse RGB,282,3,45
ORD-000587,2024-05-26,Second Class,Government,Asia Pacific,Gadgets,External SSD 1TB,1318,8,306
ORD-000588,2024-12-16,Standard Class,Small Business,Asia Pacific,Gadgets,"Monitor 27"" 4K",943,4,342
ORD-000589,2024-10-19,Express,Small Business,Europe,Electronics,Bluetooth Speaker,2264,8,833
ORD-000590,2024-09-13,Express,Consumer,Asia Pacific,Electronics,Ergonomic Desk Chair,1904,4,296
ORD-000591,2025-08-01,Standard Class,Small Business,Asia Pacific,Office Supplies,Mechanical Keyboard,1677,4,534
ORD-000592,2025-09-29,Express,Government,Africa,Accessories,Bluetooth Speaker,851,7,317
ORD-000593,2024-10-07,Express,Consumer,South America,Accessories,Privacy Screen Protector,327,6,91
ORD-000594,2025-12-22,Standard Class,Government,Middle East,Electronics,"Monitor 27"" 4K",760,3,325
ORD-000595,2025-04-28,Express,Small Business,South America,Furniture,Smart Watch Series 5,487,7,170
ORD-000596,2024-05-27,Same Day,Consumer,Asia Pacific,Electronics,Phone Case MagSafe,2064,3,493
ORD-000597,2025-12-24,Same Day,Small Business,South America,Office Supplies,Mechanical Keyboard,512,5,99
ORD-000598,2025-07-02,Same Day,Government,North America,Furniture,External SSD 1TB,1898,4,662
ORD-000599,2024-01-24,Express,Consumer,Middle East,Furniture,"Tablet Air 11""",2262,7,446
ORD-000600,2024-11-12,Express,Consumer,North America,Office Supplies,Bluetooth Speaker,1080,4,165
ORD-000601,2024-11-18,First Class,Corporate,Europe,Furniture,Gaming Mouse RGB,2095,8,530
ORD-000602,2025-11-23,Standard Class,Education,South America,Gadgets,Wireless Charger Pad,1672,1,200
ORD-000603,2025-01-06,Express,Corporate,Europe,Gadgets,Standing Desk Frame,1434,6,430
ORD-000604,2024-09-07,Same Day,Home Office,Asia Pacific,Gadgets,"Tablet Air 11""",1693,6,284
ORD-000605,2025-10-03,First Class,Education,Europe,Office Supplies,Laptop Cooling Stand,1705,1,253
ORD-000606,2024-07-21,Standard Class,Home Office,North America,Electronics,"Tablet Air 11""",852,1,240
ORD-000607,2025-10-12,Express,Government,Africa,Electronics,4K Webcam,473,4,103
ORD-000608,2024-10-06,First Class,Government,South America,Electronics,Gaming Mouse RGB,2066,4,332
ORD-000609,2025-08-21,Second Class,Home Office,Africa,Electronics,Smart Home Hub,559,5,182
ORD-000610,2024-07-04,Express,Consumer,Middle East,Furniture,Standing Desk Frame,868,4,74
ORD-000611,2024-05-21,Same Day,Small Business,Middle East,Accessories,Fitness Tracker Band,2259,6,858
ORD-000612,2025-08-31,Standard Class,Education,Middle East,Gadgets,USB-C Hub 7-in-1,1712,4,640
ORD-000613,2024-10-19,Standard Class,Government,North America,Office Supplies,Smart Watch Series 5,1580,8,601
ORD-000614,2024-11-26,First Class,Home Office,North America,Gadgets,"Monitor 27"" 4K",830,4,216
ORD-000615,2025-06-27,Same Day,Consumer,Europe,Gadgets,Smartphone Ultra,893,3,318
ORD-000616,2025-05-18,Standard Class,Home Office,Asia Pacific,Furniture,Wireless Charger Pad,2449,5,662
ORD-000617,2024-04-04,Same Day,Home Office,South America,Accessories,Smart Watch Series 5,878,1,334
ORD-000618,2025-09-22,Second Class,Education,Middle East,Gadgets,Bluetooth Speaker,1471,3,263
ORD-000619,2024-06-05,Same Day,Small Business,North America,Accessories,Phone Case MagSafe,1894,5,682
ORD-000620,2025-07-13,Second Class,Corporate,South America,Accessories,Gaming Mouse RGB,2266,3,541
ORD-000621,2024-01-10,Express,Small Business,Africa,Office Supplies,Bluetooth Speaker,937,3,233
ORD-000622,2025-03-06,Second Class,Consumer,North America,Furniture,Smart Home Hub,202,6,17
ORD-000623,2025-06-07,Same Day,Corporate,North America,Electronics,Laptop Cooling Stand,2232,6,625
ORD-000624,2025-05-21,Standard Class,Consumer,Europe,Office Supplies,Phone Case MagSafe,907,8,208
ORD-000625,2025-03-20,First Class,Corporate,South America,Office Supplies,"Monitor 27"" 4K",2393,1,650
ORD-000626,2025-08-23,Same Day,Government,Europe,Gadgets,Smart Home Hub,1082,1,129
ORD-000627,2024-11-18,Express,Government,North America,Accessories,4K Webcam,1388,3,244
ORD-000628,2025-05-29,Second Class,Education,South America,Furniture,4K Webcam,1869,5,606
ORD-000629,2025-02-23,Standard Class,Home Office,South America,Office Supplies,Mechanical Keyboard,1939,2,217
ORD-000630,2025-12-07,Second Class,Home Office,North America,Gadgets,Wireless Noise Cancelling Headphones,1332,7,321
ORD-000631,2024-11-08,Standard Class,Government,Europe,Furniture,Fitness Tracker Band,2339,6,823
ORD-000632,2024-07-06,Second Class,Small Business,North America,Office Supplies,Laptop Cooling Stand,1376,6,457
ORD-000633,2024-07-14,Same Day,Consumer,Middle East,Office Supplies,"Laptop Pro 14""",2247,2,402
ORD-000634,2024-04-06,Express,Home Office,Europe,Electronics,Fitness Tracker Band,1574,8,675
ORD-000635,2024-06-15,First Class,Education,Europe,Furniture,Wireless Noise Cancelling Headphones,986,2,304
ORD-000636,2024-11-02,Standard Class,Government,Africa,Gadgets,Privacy Screen Protector,398,6,123
ORD-000637,2024-03-28,Same Day,Government,Europe,Electronics,Phone Case MagSafe,2427,6,283
ORD-000638,2025-10-25,Same Day,Education,North America,Accessories,Laptop Cooling Stand,1394,6,217
ORD-000639,2024-11-15,First Class,Education,North America,Office Supplies,"Laptop Pro 14""",1881,1,491
ORD-000640,2025-01-22,Second Class,Consumer,Africa,Electronics,"Tablet Air 11""",2231,5,268
ORD-000641,2024-09-16,Standard Class,Small Business,Africa,Office Supplies,"Tablet Air 11""",1042,8,344
ORD-000642,2025-11-01,First Class,Education,Europe,Gadgets,Gaming Mouse RGB,861,8,293
ORD-000643,2024-03-18,First Class,Consumer,North America,Accessories,Standing Desk Frame,1663,5,465
ORD-000644,2025-12-14,First Class,Corporate,North America,Gadgets,Wireless Charger Pad,1598,5,268
ORD-000645,2025-05-17,Same Day,Small Business,North America,Office Supplies,Ergonomic Desk Chair,377,2,87
ORD-000646,2025-07-26,Express,Government,North America,Gadgets,Smart Watch Series 5,2183,1,862
ORD-000647,2025-06-13,Same Day,Small Business,Asia Pacific,Gadgets,"Monitor 27"" 4K",1214,8,352
ORD-000648,2024-08-18,Standard Class,Education,North America,Furniture,Laptop Cooling Stand,2024,6,851
ORD-000649,2025-09-18,First Class,Consumer,Middle East,Furniture,Standing Desk Frame,487,5,106
ORD-000650,2024-02-24,Same Day,Government,Asia Pacific,Accessories,Smart Home Hub,1697,8,241
ORD-000651,2024-04-06,Same Day,Government,South America,Furniture,Ergonomic Desk Chair,1401,2,202
ORD-000652,2024-01-08,First Class,Corporate,Middle East,Accessories,USB-C Hub 7-in-1,2312,5,542
ORD-000653,2025-06-10,Same Day,Education,South America,Office Supplies,Bluetooth Speaker,901,2,267
ORD-000654,2025-02-01,Same Day,Education,South America,Furniture,Smart Home Hub,946,3,154
ORD-000655,2024-11-12,Standard Class,Home Office,Europe,Furniture,Smartphone Ultra,950,7,116
ORD-000656,2025-10-02,First Class,Corporate,North America,Office Supplies,"Tablet Air 11""",1739,2,277
ORD-000657,2025-02-11,Express,Education,Africa,Accessories,Phone Case MagSafe,786,7,129
ORD-000658,2025-07-19,Second Class,Home Office,Asia Pacific,Gadgets,Smartphone Ultra,1496,7,621
ORD-000659,2025-01-21,Standard Class,Corporate,Asia Pacific,Gadgets,"Monitor 27"" 4K",354,2,94
ORD-000660,2025-09-02,Standard Class,Education,Africa,Accessories,Wireless Noise Cancelling Headphones,2194,2,510
ORD-000661,2025-07-11,Same Day,Consumer,Europe,Furniture,Smart Watch Series 5,1709,8,182
ORD-000662,2024-09-06,First Class,Small Business,South America,Gadgets,Privacy Screen Protector,2359,8,499
ORD-000663,2024-05-08,Standard Class,Education,North America,Office Supplies,4K Webcam,1860,2,323
ORD-000664,2025-11-26,Express,Small Business,Middle East,Electronics,4K Webcam,2373,2,460
ORD-000665,2025-10-03,First Class,Education,Asia Pacific,Accessories,Wireless Charger Pad,521,6,97
ORD-000666,2025-03-20,Second Class,Government,Europe,Office Supplies,Bluetooth Speaker,2140,8,796
ORD-000667,2025-01-16,Second Class,Government,Africa,Office Supplies,USB-C Hub 7-in-1,1925,7,359
ORD-000668,2024-03-09,Standard Class,Corporate,Middle East,Accessories,Bluetooth Speaker,1450,5,419
ORD-000669,2024-03-16,Standard Class,Education,South America,Furniture,Fitness Tracker Band,2150,3,172
ORD-000670,2024-03-15,First Class,Government,Asia Pacific,Office Supplies,4K Webcam,1399,7,555
ORD-000671,2025-11-10,Same Day,Corporate,South America,Electronics,Wireless Noise Cancelling Headphones,915,6,292
ORD-000672,2025-09-22,Standard Class,Government,Asia Pacific,Gadgets,Bluetooth Speaker,1240,1,516
ORD-000673,2024-08-13,Standard Class,Small Business,South America,Gadgets,Wireless Noise Cancelling Headphones,1122,1,215
ORD-000674,2024-12-20,Express,Home Office,Europe,Electronics,Laptop Cooling Stand,1794,2,541
ORD-000675,2024-10-29,Standard Class,Government,Middle East,Office Supplies,Wireless Charger Pad,2381,8,485
ORD-000676,2025-06-27,First Class,Education,Africa,Furniture,Ergonomic Desk Chair,330,7,64
ORD-000677,2025-07-14,Second Class,Small Business,Asia Pacific,Accessories,Smart Home Hub,1574,4,338
ORD-000678,2025-12-13,Standard Class,Home Office,North America,Electronics,Smart Watch Series 5,749,2,264
ORD-000679,2024-05-27,First Class,Small Business,Europe,Office Supplies,Ergonomic Desk Chair,2201,4,562
ORD-000680,2025-08-30,Standard Class,Corporate,Europe,Furniture,"Laptop Pro 14""",1915,2,528
ORD-000681,2024-06-30,Standard Class,Corporate,Europe,Electronics,Mechanical Keyboard,507,8,208
ORD-000682,2024-03-21,First Class,Education,South America,Accessories,Smartphone Ultra,2500,3,738
ORD-000683,2025-11-30,Same Day,Corporate,South America,Gadgets,Standing Desk Frame,1248,6,401
ORD-000684,2025-04-04,First Class,Corporate,Middle East,Accessories,Phone Case MagSafe,1279,6,454
ORD-000685,2024-12-08,Second Class,Corporate,Europe,Gadgets,Fitness Tracker Band,1018,2,262
ORD-000686,2024-04-22,Express,Consumer,South America,Office Supplies,4K Webcam,2176,4,219
ORD-000687,2024-12-23,First Class,Small Business,Middle East,Office Supplies,Wireless Charger Pad,1172,8,273
ORD-000688,2024-02-07,Standard Class,Home Office,Asia Pacific,Electronics,Smart Home Hub,624,7,191
ORD-000689,2025-05-26,Same Day,Corporate,North America,Gadgets,Smart Watch Series 5,149,6,14
ORD-000690,2024-05-16,Standard Class,Corporate,Asia Pacific,Gadgets,Smartphone Ultra,2080,3,772
ORD-000691,2024-06-12,Standard Class,Corporate,Africa,Electronics,Standing Desk Frame,937,3,401
ORD-000692,2025-09-01,Same Day,Home Office,Middle East,Electronics,4K Webcam,2375,1,366
ORD-000693,2024-07-09,First Class,Home Office,Asia Pacific,Accessories,Smart Watch Series 5,1145,5,203
ORD-000694,2024-01-26,Standard Class,Small Business,Europe,Electronics,"Laptop Pro 14""",1517,5,574
ORD-000695,2024-02-15,Same Day,Small Business,Middle East,Accessories,Standing Desk Frame,1101,8,366
ORD-000696,2024-04-14,Express,Home Office,North America,Accessories,Wireless Charger Pad,2533,5,731
ORD-000697,2025-09-10,Second Class,Consumer,Asia Pacific,Office Supplies,Phone Case MagSafe,2070,7,474
ORD-000698,2025-12-05,Second Class,Consumer,North America,Office Supplies,Smartphone Ultra,517,7,209
ORD-000699,2024-12-13,Express,Small Business,South America,Office Supplies,Smartphone Ultra,204,3,55
ORD-000700,2024-02-06,Express,Government,North America,Office Supplies,Smart Watch Series 5,887,2,82
ORD-000701,2024-05-26,Second Class,Home Office,North America,Accessories,Wireless Charger Pad,52,7,17
ORD-000702,2025-03-10,Standard Class,Consumer,Europe,Furniture,"Tablet Air 11""",1447,7,162
ORD-000703,2025-12-22,First Class,Small Business,Middle East,Electronics,Ergonomic Desk Chair,1624,1,669
ORD-000704,2025-12-20,Same Day,Government,Africa,Gadgets,Ergonomic Desk Chair,198,3,35
ORD-000705,2024-08-18,Standard Class,Consumer,North America,Office Supplies,Mechanical Keyboard,292,2,74
ORD-000706,2025-03-08,Express,Government,North America,Furniture,"Monitor 27"" 4K",408,7,159
ORD-000707,2025-07-11,First Class,Home Office,South America,Electronics,Smartphone Ultra,162,5,50
ORD-000708,2025-12-03,Express,Small Business,Asia Pacific,Furniture,Smartphone Ultra,2026,2,533
ORD-000709,2024-01-23,Second Class,Government,Africa,Accessories,Laptop Cooling Stand,1968,1,824
ORD-000710,2024-10-02,Second Class,Government,Europe,Electronics,Laptop Cooling Stand,2524,6,800
ORD-000711,2025-07-07,First Class,Small Business,Europe,Electronics,Bluetooth Speaker,2136,5,575
ORD-000712,2024-09-01,Standard Class,Education,North America,Accessories,Wireless Noise Cancelling Headphones,468,7,52
ORD-000713,2025-10-21,Standard Class,Consumer,Asia Pacific,Gadgets,Wireless Charger Pad,2406,7,698
ORD-000714,2025-08-21,Same Day,Home Office,Africa,Office Supplies,Phone Case MagSafe,2185,3,620
ORD-000715,2025-03-10,Second Class,Government,Middle East,Electronics,Laptop Cooling Stand,135,3,16
ORD-000716,2024-01-24,Same Day,Small Business,South America,Electronics,USB-C Hub 7-in-1,1399,6,136
ORD-000717,2025-12-24,First Class,Education,South America,Electronics,Laptop Cooling Stand,2274,6,438
ORD-000718,2024-08-16,Express,Corporate,Africa,Gadgets,External SSD 1TB,1064,6,383
ORD-000719,2025-11-03,Standard Class,Education,Middle East,Furniture,4K Webcam,2081,8,338
ORD-000720,2025-03-31,First Class,Home Office,Middle East,Furniture,Wireless Noise Cancelling Headphones,56,2,12
ORD-000721,2025-11-11,Standard Class,Consumer,South America,Accessories,Smartphone Ultra,1796,5,322
ORD-000722,2025-11-29,Express,Government,Europe,Furniture,Wireless Noise Cancelling Headphones,1220,7,202
ORD-000723,2025-05-15,Same Day,Education,Africa,Gadgets,Fitness Tracker Band,2176,3,374
ORD-000724,2025-08-05,Standard Class,Consumer,South America,Electronics,USB-C Hub 7-in-1,350,6,109
ORD-000725,2025-10-31,Express,Corporate,Middle East,Electronics,Fitness Tracker Band,1952,2,741
ORD-000726,2024-07-01,Same Day,Consumer,Africa,Office Supplies,"Tablet Air 11""",2162,2,209
ORD-000727,2025-08-25,Standard Class,Corporate,Africa,Furniture,Smartphone Ultra,712,2,245
ORD-000728,2024-09-13,Standard Class,Home Office,Middle East,Gadgets,Smart Watch Series 5,295,2,124
ORD-000729,2025-07-13,Standard Class,Education,Asia Pacific,Office Supplies,"Monitor 27"" 4K",1029,3,251
ORD-000730,2024-06-24,Same Day,Home Office,North America,Gadgets,"Monitor 27"" 4K",195,1,21
ORD-000731,2024-06-04,Standard Class,Consumer,South America,Office Supplies,Smartphone Ultra,2044,1,343
ORD-000732,2024-09-09,Express,Education,Asia Pacific,Accessories,Standing Desk Frame,1866,1,333
ORD-000733,2024-01-02,Second Class,Education,Europe,Gadgets,"Laptop Pro 14""",295,5,79
ORD-000734,2024-01-20,First Class,Small Business,Asia Pacific,Gadgets,"Laptop Pro 14""",646,8,227
ORD-000735,2024-04-04,Second Class,Corporate,South America,Electronics,Phone Case MagSafe,2433,1,261
ORD-000736,2024-07-10,Standard Class,Corporate,South America,Gadgets,Fitness Tracker Band,687,5,60
ORD-000737,2024-09-06,Express,Small Business,Europe,Furniture,USB-C Hub 7-in-1,2370,3,552
ORD-000738,2024-07-10,Standard Class,Education,South America,Gadgets,Gaming Mouse RGB,947,5,389
ORD-000739,2025-04-02,Same Day,Education,Africa,Gadgets,Privacy Screen Protector,835,5,207
ORD-000740,2025-04-19,Second Class,Corporate,Africa,Electronics,External SSD 1TB,431,3,42
ORD-000741,2025-07-25,First Class,Education,Middle East,Electronics,Wireless Noise Cancelling Headphones,272,3,78
ORD-000742,2024-03-30,Same Day,Education,Europe,Office Supplies,Laptop Cooling Stand,1316,7,347
ORD-000743,2025-01-15,Express,Consumer,Africa,Accessories,USB-C Hub 7-in-1,434,6,82
ORD-000744,2024-12-12,Standard Class,Small Business,Africa,Furniture,"Tablet Air 11""",56,5,18
ORD-000745,2024-03-12,Standard Class,Small Business,Middle East,Office Supplies,Laptop Cooling Stand,350,1,88
ORD-000746,2024-03-04,Standard Class,Corporate,South America,Gadgets,Smart Home Hub,763,6,161
ORD-000747,2025-08-25,Standard Class,Home Office,Africa,Accessories,External SSD 1TB,338,6,97
ORD-000748,2025-06-01,First Class,Home Office,Africa,Electronics,Smart Watch Series 5,2459,4,269
ORD-000749,2024-05-20,Same Day,Consumer,North America,Furniture,Wireless Charger Pad,907,5,306
ORD-000750,2025-12-08,First Class,Small Business,Asia Pacific,Electronics,Ergonomic Desk Chair,2438,3,822
ORD-000751,2025-11-08,Second Class,Corporate,Africa,Electronics,Mechanical Keyboard,1022,7,203
ORD-000752,2025-10-12,Standard Class,Government,Africa,Gadgets,Phone Case MagSafe,2187,6,717
ORD-000753,2024-11-15,Same Day,Small Business,North America,Gadgets,Phone Case MagSafe,1603,8,639
ORD-000754,2024-04-22,Second Class,Home Office,Middle East,Office Supplies,Standing Desk Frame,1062,3,143
ORD-000755,2024-07-19,First Class,Corporate,South America,Gadgets,Smartphone Ultra,389,1,82
ORD-000756,2025-09-14,Express,Small Business,Africa,Furniture,"Tablet Air 11""",1232,7,153
ORD-000757,2024-12-08,Same Day,Home Office,South America,Electronics,"Tablet Air 11""",1509,4,166
ORD-000758,2025-11-23,Standard Class,Small Business,South America,Electronics,Smart Watch Series 5,214,3,73
ORD-000759,2024-03-04,Standard Class,Government,Asia Pacific,Accessories,Mechanical Keyboard,1831,2,712
ORD-000760,2024-10-27,Same Day,Corporate,North America,Accessories,Phone Case MagSafe,2308,6,861
ORD-000761,2025-10-18,Express,Small Business,Asia Pacific,Gadgets,Privacy Screen Protector,1698,8,137
ORD-000762,2024-11-16,Second Class,Corporate,Middle East,Gadgets,Wireless Noise Cancelling Headphones,2336,1,268
ORD-000763,2024-05-27,Standard Class,Consumer,Middle East,Gadgets,"Laptop Pro 14""",262,4,49
ORD-000764,2024-09-09,Second Class,Consumer,Europe,Electronics,Smartphone Ultra,565,7,52
ORD-000765,2025-06-01,First Class,Small Business,Middle East,Office Supplies,Phone Case MagSafe,1355,5,490
ORD-000766,2024-07-11,First Class,Education,Africa,Gadgets,Smartphone Ultra,2260,6,539
ORD-000767,2025-10-24,First Class,Education,South America,Gadgets,Privacy Screen Protector,1021,5,236
ORD-000768,2025-01-02,Second Class,Consumer,Asia Pacific,Furniture,Ergonomic Desk Chair,2466,2,892
ORD-000769,2025-05-09,First Class,Government,Asia Pacific,Office Supplies,"Monitor 27"" 4K",1304,2,263
ORD-000770,2024-08-05,Express,Education,North America,Electronics,Bluetooth Speaker,2334,3,852
ORD-000771,2025-01-14,Second Class,Small Business,Europe,Electronics,Smart Home Hub,792,6,334
ORD-000772,2024-05-09,Standard Class,Corporate,South America,Gadgets,Gaming Mouse RGB,391,2,162
ORD-000773,2025-04-09,First Class,Corporate,South America,Accessories,Bluetooth Speaker,2040,2,398
ORD-000774,2025-11-09,Standard Class,Consumer,Africa,Office Supplies,Standing Desk Frame,88,7,17
ORD-000775,2025-03-21,Standard Class,Consumer,Asia Pacific,Electronics,USB-C Hub 7-in-1,101,5,30
ORD-000776,2025-05-19,Second Class,Government,South America,Office Supplies,Smart Watch Series 5,331,8,81
ORD-000777,2025-12-08,Standard Class,Home Office,Europe,Gadgets,Privacy Screen Protector,512,2,49
ORD-000778,2024-08-31,First Class,Education,Africa,Electronics,Gaming Mouse RGB,1507,4,634
ORD-000779,2025-10-01,Same Day,Consumer,North America,Furniture,Mechanical Keyboard,499,3,205
ORD-000780,2024-01-20,Standard Class,Consumer,Africa,Accessories,Laptop Cooling Stand,1040,2,323
ORD-000781,2024-04-20,Same Day,Corporate,Africa,Office Supplies,Wireless Noise Cancelling Headphones,423,2,179
ORD-000782,2024-11-02,Express,Government,Europe,Electronics,"Monitor 27"" 4K",1118,6,313
ORD-000783,2025-05-25,Standard Class,Education,Europe,Furniture,Standing Desk Frame,2176,2,915
ORD-000784,2025-11-26,Express,Education,Africa,Electronics,Smart Home Hub,1402,1,468
ORD-000785,2024-02-02,Standard Class,Government,Middle East,Furniture,Laptop Cooling Stand,2523,4,462
ORD-000786,2024-05-15,Second Class,Education,Africa,Gadgets,Wireless Charger Pad,295,7,49
ORD-000787,2025-01-05,Same Day,Education,Africa,Office Supplies,Smartphone Ultra,235,5,31
ORD-000788,2024-12-24,Standard Class,Consumer,Europe,Accessories,USB-C Hub 7-in-1,65,7,15
ORD-000789,2025-05-30,Second Class,Small Business,Middle East,Accessories,Laptop Cooling Stand,1902,8,474
ORD-000790,2024-11-28,Same Day,Home Office,Middle East,Gadgets,Smart Watch Series 5,2128,6,625
ORD-000791,2025-10-16,First Class,Consumer,Middle East,Electronics,Standing Desk Frame,1883,6,272
ORD-000792,2025-05-21,Same Day,Home Office,North America,Electronics,"Monitor 27"" 4K",1320,6,222
ORD-000793,2025-03-24,First Class,Education,Europe,Electronics,Phone Case MagSafe,1948,4,347
ORD-000794,2024-02-24,Standard Class,Small Business,Middle East,Gadgets,Mechanical Keyboard,1170,2,382
ORD-000795,2025-03-08,Standard Class,Consumer,Europe,Accessories,Standing Desk Frame,1021,6,239
ORD-000796,2025-09-09,First Class,Small Business,North America,Furniture,Fitness Tracker Band,403,2,135
ORD-000797,2024-05-05,Express,Education,North America,Electronics,Wireless Charger Pad,1503,7,629
ORD-000798,2025-08-05,Second Class,Corporate,Africa,Accessories,Phone Case MagSafe,1106,2,322
ORD-000799,2025-09-02,Standard Class,Government,Europe,Office Supplies,Wireless Charger Pad,1992,7,554
ORD-000800,2025-09-26,Express,Government,Middle East,Accessories,Smart Watch Series 5,2330,6,933
ORD-000801,2025-07-09,First Class,Education,Middle East,Electronics,Standing Desk Frame,1950,3,273
ORD-000802,2024-09-03,First Class,Government,North America,Gadgets,Wireless Noise Cancelling Headphones,450,3,100
ORD-000803,2025-12-24,Second Class,Corporate,Europe,Furniture,Wireless Noise Cancelling Headphones,921,1,380
ORD-000804,2024-02-01,First Class,Small Business,Africa,Accessories,Smart Home Hub,300,5,82
ORD-000805,2024-12-06,Express,Home Office,Europe,Gadgets,Privacy Screen Protector,2513,1,872
ORD-000806,2024-06-11,Second Class,Government,Africa,Electronics,Standing Desk Frame,1005,4,151
ORD-000807,2024-03-02,First Class,Small Business,Middle East,Electronics,External SSD 1TB,468,1,172
ORD-000808,2025-06-17,Second Class,Government,Asia Pacific,Office Supplies,Mechanical Keyboard,944,4,191
ORD-000809,2024-04-26,Express,Home Office,Europe,Accessories,"Monitor 27"" 4K",1905,1,654
ORD-000810,2024-01-01,Same Day,Corporate,Africa,Office Supplies,Wireless Noise Cancelling Headphones,464,6,65
ORD-000811,2024-07-18,Same Day,Corporate,Asia Pacific,Furniture,USB-C Hub 7-in-1,1815,1,151
ORD-000812,2024-04-22,Standard Class,Small Business,Europe,Office Supplies,"Tablet Air 11""",1443,4,192
ORD-000813,2024-11-07,First Class,Education,North America,Accessories,"Monitor 27"" 4K",1205,1,206
ORD-000814,2025-08-01,Standard Class,Government,Asia Pacific,Accessories,Wireless Noise Cancelling Headphones,2065,6,556
ORD-000815,2025-03-11,First Class,Small Business,Africa,Gadgets,USB-C Hub 7-in-1,1284,3,359
ORD-000816,2025-05-06,Same Day,Home Office,Europe,Accessories,Smart Watch Series 5,2389,7,765
ORD-000817,2025-01-23,Same Day,Consumer,Africa,Accessories,Smart Watch Series 5,1917,1,210
ORD-000818,2025-01-18,Express,Home Office,North America,Gadgets,4K Webcam,1882,4,367
ORD-000819,2024-10-29,Same Day,Small Business,North America,Gadgets,Laptop Cooling Stand,1697,7,334
ORD-000820,2025-12-06,First Class,Government,Asia Pacific,Office Supplies,Wireless Charger Pad,2116,6,422
ORD-000821,2024-02-16,Second Class,Small Business,South America,Electronics,Ergonomic Desk Chair,2305,7,770
ORD-000822,2025-06-29,Same Day,Home Office,Asia Pacific,Electronics,USB-C Hub 7-in-1,958,5,293
ORD-000823,2024-03-22,First Class,Education,South America,Office Supplies,"Monitor 27"" 4K",1202,6,159
ORD-000824,2024-11-06,Express,Government,South America,Office Supplies,Phone Case MagSafe,1298,2,300
ORD-000825,2024-09-19,Express,Education,Asia Pacific,Gadgets,USB-C Hub 7-in-1,2136,5,379
ORD-000826,2024-10-26,First Class,Education,Africa,Furniture,USB-C Hub 7-in-1,1961,8,178
ORD-000827,2025-09-20,Second Class,Consumer,South America,Furniture,Phone Case MagSafe,1307,1,331
ORD-000828,2025-01-05,Standard Class,Education,Europe,Furniture,Mechanical Keyboard,1029,5,288
ORD-000829,2025-08-27,Standard Class,Government,Asia Pacific,Furniture,Smart Watch Series 5,62,4,25
ORD-000830,2025-07-06,Express,Corporate,Europe,Furniture,Mechanical Keyboard,1960,2,750
ORD-000831,2024-01-05,Same Day,Small Business,South America,Gadgets,External SSD 1TB,2456,8,982
ORD-000832,2024-10-16,Standard Class,Home Office,South America,Furniture,Ergonomic Desk Chair,1516,3,274
ORD-000833,2024-11-16,Standard Class,Small Business,Africa,Electronics,Mechanical Keyboard,746,2,263
ORD-000834,2024-11-14,Second Class,Corporate,Africa,Gadgets,Ergonomic Desk Chair,1923,2,465
ORD-000835,2025-12-19,Standard Class,Small Business,Africa,Electronics,Standing Desk Frame,2196,1,534
ORD-000836,2025-10-20,First Class,Home Office,Asia Pacific,Gadgets,"Laptop Pro 14""",1656,6,407
ORD-000837,2025-09-25,Standard Class,Consumer,North America,Office Supplies,Mechanical Keyboard,1787,7,397
ORD-000838,2024-12-01,Same Day,Education,Africa,Electronics,Ergonomic Desk Chair,940,1,146
ORD-000839,2024-07-02,First Class,Education,Middle East,Furniture,Phone Case MagSafe,2066,4,785
ORD-000840,2024-01-29,Second Class,Government,Africa,Gadgets,Smart Watch Series 5,238,6,40
ORD-000841,2024-06-01,Same Day,Education,Middle East,Electronics,Wireless Charger Pad,1950,1,665
ORD-000842,2025-07-16,First Class,Government,North America,Accessories,4K Webcam,104,2,15
ORD-000843,2024-09-05,Standard Class,Home Office,Asia Pacific,Electronics,Privacy Screen Protector,1236,1,519
ORD-000844,2024-01-24,Second Class,Education,Africa,Gadgets,Phone Case MagSafe,1557,6,249
ORD-000845,2025-09-20,Second Class,Corporate,Asia Pacific,Furniture,Bluetooth Speaker,2365,7,932
ORD-000846,2025-08-06,Express,Home Office,Africa,Office Supplies,Phone Case MagSafe,587,3,95
ORD-000847,2024-12-21,Second Class,Corporate,Europe,Accessories,Wireless Noise Cancelling Headphones,459,3,169
ORD-000848,2024-01-30,Second Class,Education,Africa,Furniture,Fitness Tracker Band,1462,4,478
ORD-000849,2024-02-09,Standard Class,Government,South America,Office Supplies,External SSD 1TB,1651,4,434
ORD-000850,2025-07-08,Second Class,Government,Europe,Furniture,Standing Desk Frame,1573,3,598
ORD-000851,2024-10-23,Second Class,Government,Europe,Electronics,Standing Desk Frame,1333,5,537
ORD-000852,2025-01-22,First Class,Small Business,Middle East,Office Supplies,Wireless Charger Pad,1965,6,363
ORD-000853,2025-07-20,Second Class,Corporate,South America,Office Supplies,"Tablet Air 11""",1762,3,627
ORD-000854,2024-11-13,Same Day,Home Office,Asia Pacific,Electronics,Laptop Cooling Stand,142,8,17
ORD-000855,2024-06-29,Second Class,Corporate,Middle East,Gadgets,Ergonomic Desk Chair,2459,7,635
ORD-000856,2024-05-09,First Class,Consumer,Europe,Electronics,Standing Desk Frame,905,4,294
ORD-000857,2025-07-19,Express,Small Business,Africa,Gadgets,Smartphone Ultra,2371,8,843
ORD-000858,2025-09-06,Express,Education,Middle East,Accessories,Bluetooth Speaker,213,8,31
ORD-000859,2025-06-10,Same Day,Education,North America,Accessories,Wireless Charger Pad,1917,4,311
ORD-000860,2024-11-26,First Class,Consumer,North America,Electronics,"Tablet Air 11""",554,2,114
ORD-000861,2024-09-04,Express,Education,Africa,Electronics,"Tablet Air 11""",409,8,171
ORD-000862,2024-03-18,Second Class,Small Business,Middle East,Gadgets,Phone Case MagSafe,1336,2,186
ORD-000863,2024-08-31,Express,Education,Middle East,Electronics,Standing Desk Frame,876,2,255
ORD-000864,2025-05-13,First Class,Consumer,South America,Furniture,Wireless Charger Pad,1748,1,251
ORD-000865,2024-02-14,First Class,Home Office,South America,Furniture,Smart Home Hub,1516,4,265
ORD-000866,2024-02-20,Express,Education,South America,Furniture,Wireless Noise Cancelling Headphones,1876,6,391
ORD-000867,2025-08-30,Same Day,Home Office,Asia Pacific,Furniture,Phone Case MagSafe,1918,7,634
ORD-000868,2025-02-20,Same Day,Home Office,Asia Pacific,Accessories,External SSD 1TB,640,3,166
ORD-000869,2024-11-30,First Class,Education,South America,Gadgets,Phone Case MagSafe,1206,2,314
ORD-000870,2025-12-09,Same Day,Education,Europe,Furniture,Wireless Noise Cancelling Headphones,480,4,90
ORD-000871,2024-10-31,First Class,Small Business,Europe,Office Supplies,USB-C Hub 7-in-1,2261,7,297
ORD-000872,2024-01-19,Standard Class,Education,Asia Pacific,Gadgets,Ergonomic Desk Chair,1071,4,155
ORD-000873,2025-04-14,Standard Class,Education,Asia Pacific,Gadgets,External SSD 1TB,1669,3,182
ORD-000874,2025-01-13,Express,Home Office,Asia Pacific,Electronics,External SSD 1TB,1157,2,144
ORD-000875,2025-05-06,Express,Small Business,North America,Office Supplies,Laptop Cooling Stand,1502,6,643
ORD-000876,2025-12-03,First Class,Education,North America,Furniture,Smart Watch Series 5,1045,1,385
ORD-000877,2025-08-22,Express,Government,Asia Pacific,Electronics,Smartphone Ultra,1243,6,497
ORD-000878,2025-09-15,First Class,Home Office,Middle East,Electronics,Standing Desk Frame,1999,3,301
ORD-000879,2025-10-23,First Class,Government,North America,Furniture,Standing Desk Frame,609,6,58
ORD-000880,2025-02-18,Same Day,Small Business,Middle East,Electronics,Smart Home Hub,1304,7,174
ORD-000881,2025-08-01,Express,Corporate,Africa,Accessories,4K Webcam,835,2,274
ORD-000882,2025-11-27,First Class,Corporate,South America,Electronics,Gaming Mouse RGB,638,1,177
ORD-000883,2025-02-14,Second Class,Small Business,South America,Gadgets,Mechanical Keyboard,298,1,48
ORD-000884,2025-03-10,Standard Class,Corporate,Africa,Gadgets,Phone Case MagSafe,2071,4,676
ORD-000885,2024-11-29,First Class,Corporate,South America,Furniture,Smartphone Ultra,1517,8,179
ORD-000886,2024-11-02,First Class,Small Business,North America,Electronics,Laptop Cooling Stand,2121,5,283
ORD-000887,2024-08-30,Express,Home Office,North America,Accessories,Phone Case MagSafe,2462,8,754
ORD-000888,2025-03-03,Standard Class,Home Office,Africa,Accessories,Privacy Screen Protector,1195,3,321
ORD-000889,2024-03-14,Second Class,Government,South America,Office Supplies,4K Webcam,621,6,127
ORD-000890,2024-07-31,First Class,Education,North America,Gadgets,USB-C Hub 7-in-1,1801,1,362
ORD-000891,2025-03-02,Second Class,Small Business,Asia Pacific,Electronics,USB-C Hub 7-in-1,1674,4,637
ORD-000892,2024-01-04,Second Class,Home Office,Africa,Furniture,Smart Home Hub,1054,2,138
ORD-000893,2024-04-21,Standard Class,Government,North America,Furniture,USB-C Hub 7-in-1,2339,3,541
ORD-000894,2025-01-03,Same Day,Education,Asia Pacific,Accessories,"Tablet Air 11""",353,1,102
ORD-000895,2024-08-28,Second Class,Small Business,Middle East,Electronics,"Tablet Air 11""",382,8,119
ORD-000896,2024-10-13,Second Class,Small Business,North America,Furniture,Fitness Tracker Band,1410,2,349
ORD-000897,2025-03-15,Express,Corporate,Asia Pacific,Furniture,Privacy Screen Protector,83,1,17
ORD-000898,2024-04-23,Same Day,Education,Europe,Office Supplies,Smartphone Ultra,188,6,50
ORD-000899,2024-11-10,Same Day,Home Office,Africa,Gadgets,Mechanical Keyboard,992,1,87
ORD-000900,2025-04-05,Standard Class,Corporate,Africa,Furniture,Gaming Mouse RGB,319,5,96
ORD-000901,2025-08-12,Standard Class,Government,Africa,Office Supplies,External SSD 1TB,446,5,191
ORD-000902,2024-07-13,Express,Government,Middle East,Office Supplies,Wireless Noise Cancelling Headphones,1270,3,165
ORD-000903,2024-07-31,Second Class,Small Business,South America,Office Supplies,Ergonomic Desk Chair,2191,7,197
ORD-000904,2024-09-12,Second Class,Corporate,South America,Accessories,Ergonomic Desk Chair,1702,7,512
ORD-000905,2024-07-14,Same Day,Education,Europe,Accessories,Phone Case MagSafe,763,1,83
ORD-000906,2024-01-19,Same Day,Small Business,Europe,Electronics,Fitness Tracker Band,1445,6,258
ORD-000907,2025-09-28,Same Day,Home Office,Africa,Gadgets,Wireless Noise Cancelling Headphones,1031,1,250
ORD-000908,2025-06-21,Standard Class,Consumer,Europe,Office Supplies,"Laptop Pro 14""",1841,1,403
ORD-000909,2024-05-18,First Class,Education,South America,Gadgets,Laptop Cooling Stand,1973,4,466
ORD-000910,2024-09-23,Same Day,Consumer,Africa,Electronics,External SSD 1TB,1870,7,592
ORD-000911,2024-12-20,Express,Small Business,South America,Accessories,Ergonomic Desk Chair,261,8,24
ORD-000912,2025-05-28,Standard Class,Education,Middle East,Gadgets,Mechanical Keyboard,920,1,206
ORD-000913,2025-10-27,Same Day,Consumer,Africa,Gadgets,Smart Watch Series 5,1239,1,445
ORD-000914,2024-01-09,Same Day,Consumer,Middle East,Office Supplies,Mechanical Keyboard,2128,7,468
ORD-000915,2024-08-28,Express,Corporate,South America,Electronics,Gaming Mouse RGB,80,7,21
ORD-000916,2024-09-05,Same Day,Home Office,Africa,Office Supplies,Standing Desk Frame,367,2,101
ORD-000917,2024-04-20,Second Class,Government,North America,Furniture,"Monitor 27"" 4K",1937,5,637
ORD-000918,2025-05-11,Express,Government,Africa,Furniture,Laptop Cooling Stand,154,2,23
ORD-000919,2024-08-13,First Class,Government,Asia Pacific,Furniture,Gaming Mouse RGB,1063,4,284
ORD-000920,2024-05-22,Standard Class,Government,Middle East,Gadgets,Smartphone Ultra,615,4,252
ORD-000921,2024-01-19,Same Day,Government,North America,Office Supplies,Wireless Charger Pad,1253,3,309
ORD-000922,2025-06-26,Express,Small Business,South America,Furniture,4K Webcam,175,7,28
ORD-000923,2024-09-12,First Class,Corporate,North America,Accessories,External SSD 1TB,1430,7,124
ORD-000924,2025-01-16,Second Class,Corporate,North America,Office Supplies,Phone Case MagSafe,1667,3,184
ORD-000925,2024-11-16,Standard Class,Consumer,Africa,Electronics,4K Webcam,1131,6,329
ORD-000926,2024-08-05,Standard Class,Government,Middle East,Accessories,Fitness Tracker Band,77,6,23
ORD-000927,2025-10-30,Standard Class,Consumer,Asia Pacific,Office Supplies,Mechanical Keyboard,568,5,234
ORD-000928,2024-11-12,Standard Class,Consumer,Asia Pacific,Electronics,Wireless Noise Cancelling Headphones,1833,8,211
ORD-000929,2024-08-30,Standard Class,Education,South America,Accessories,Mechanical Keyboard,613,2,245
ORD-000930,2024-03-22,Same Day,Government,Africa,Accessories,Phone Case MagSafe,1316,3,402
ORD-000931,2024-10-23,Express,Home Office,Asia Pacific,Furniture,External SSD 1TB,728,8,97
ORD-000932,2025-10-08,Standard Class,Corporate,Asia Pacific,Accessories,Bluetooth Speaker,398,7,73
ORD-000933,2025-02-24,Second Class,Small Business,Africa,Electronics,Smart Watch Series 5,1186,1,408
ORD-000934,2024-06-04,Standard Class,Small Business,Asia Pacific,Furniture,Privacy Screen Protector,1630,8,589
ORD-000935,2025-03-03,Express,Education,Asia Pacific,Accessories,"Monitor 27"" 4K",2198,4,214
ORD-000936,2024-05-29,Second Class,Home Office,Asia Pacific,Office Supplies,Laptop Cooling Stand,2470,4,225
ORD-000937,2025-05-19,Express,Government,North America,Gadgets,4K Webcam,719,4,198
ORD-000938,2025-04-10,First Class,Home Office,Africa,Office Supplies,Smartphone Ultra,1980,4,332
ORD-000939,2025-08-07,First Class,Consumer,Europe,Electronics,Wireless Noise Cancelling Headphones,961,2,147
ORD-000940,2024-05-23,Same Day,Home Office,South America,Office Supplies,Smart Home Hub,460,7,188
ORD-000941,2025-03-08,Express,Corporate,South America,Gadgets,Smart Watch Series 5,248,7,75
ORD-000942,2024-04-02,First Class,Government,Asia Pacific,Office Supplies,"Monitor 27"" 4K",955,2,200
ORD-000943,2024-07-04,Express,Consumer,South America,Accessories,"Laptop Pro 14""",2214,6,750
ORD-000944,2024-10-03,Express,Corporate,Africa,Electronics,Standing Desk Frame,333,5,59
ORD-000945,2024-09-20,First Class,Small Business,South America,Furniture,Smart Home Hub,282,5,70
ORD-000946,2025-09-14,Standard Class,Home Office,South America,Electronics,Wireless Noise Cancelling Headphones,2320,5,429
ORD-000947,2025-08-14,Second Class,Small Business,Asia Pacific,Accessories,Smart Watch Series 5,1078,6,403
ORD-000948,2024-04-22,Same Day,Corporate,South America,Electronics,"Tablet Air 11""",800,6,86
ORD-000949,2025-06-09,Second Class,Education,Europe,Office Supplies,Mechanical Keyboard,333,3,101
ORD-000950,2024-09-01,Standard Class,Home Office,Middle East,Gadgets,USB-C Hub 7-in-1,2303,3,611
ORD-000951,2025-04-03,Same Day,Corporate,Africa,Electronics,Smartphone Ultra,1921,7,770
ORD-000952,2025-07-17,Same Day,Government,Asia Pacific,Gadgets,"Monitor 27"" 4K",56,6,12
ORD-000953,2024-11-27,First Class,Consumer,South America,Accessories,Wireless Noise Cancelling Headphones,2515,8,489
ORD-000954,2025-04-19,First Class,Corporate,Middle East,Accessories,Smart Watch Series 5,2456,8,993
ORD-000955,2024-03-22,First Class,Consumer,South America,Gadgets,Gaming Mouse RGB,1697,4,396
ORD-000956,2024-10-26,Second Class,Government,Europe,Accessories,Privacy Screen Protector,937,3,376
ORD-000957,2024-01-21,Same Day,Corporate,Middle East,Office Supplies,Smart Watch Series 5,2144,7,646
ORD-000958,2024-12-10,First Class,Education,Asia Pacific,Accessories,"Laptop Pro 14""",1236,3,292
ORD-000959,2025-04-26,Second Class,Consumer,Middle East,Furniture,Privacy Screen Protector,1749,3,202
ORD-000960,2024-01-03,Second Class,Education,South America,Gadgets,"Monitor 27"" 4K",2072,7,861
ORD-000961,2024-05-28,Express,Small Business,North America,Electronics,4K Webcam,1004,1,86
ORD-000962,2024-03-23,Express,Government,Middle East,Office Supplies,USB-C Hub 7-in-1,1013,4,430
ORD-000963,2024-02-01,Second Class,Small Business,North America,Furniture,Ergonomic Desk Chair,1711,8,365
ORD-000964,2025-12-20,Second Class,Education,Middle East,Furniture,Wireless Noise Cancelling Headphones,206,6,55
ORD-000965,2025-07-29,First Class,Corporate,Asia Pacific,Gadgets,External SSD 1TB,635,8,111
ORD-000966,2025-03-03,Express,Consumer,Middle East,Electronics,External SSD 1TB,443,1,162
ORD-000967,2025-07-30,Same Day,Small Business,Africa,Office Supplies,Laptop Cooling Stand,696,6,143
ORD-000968,2024-06-24,Second Class,Corporate,Asia Pacific,Gadgets,Smart Home Hub,1774,5,535
ORD-000969,2025-01-28,Standard Class,Consumer,Middle East,Gadgets,Bluetooth Speaker,2290,8,588
ORD-000970,2025-02-23,Second Class,Home Office,North America,Accessories,Fitness Tracker Band,1077,1,93
ORD-000971,2025-01-16,First Class,Education,Middle East,Office Supplies,Smart Home Hub,1344,6,159
ORD-000972,2025-02-02,Standard Class,Home Office,Africa,Accessories,Fitness Tracker Band,485,1,157
ORD-000973,2025-09-23,Second Class,Education,Middle East,Accessories,External SSD 1TB,1011,8,325
ORD-000974,2025-01-24,Standard Class,Home Office,Europe,Gadgets,Laptop Cooling Stand,493,3,114
ORD-000975,2025-12-09,Same Day,Government,Middle East,Electronics,Laptop Cooling Stand,319,1,128
ORD-000976,2024-10-27,Same Day,Education,South America,Furniture,Laptop Cooling Stand,1192,7,189
ORD-000977,2024-01-22,Same Day,Government,South America,Electronics,Bluetooth Speaker,1103,6,198
ORD-000978,2024-01-27,Second Class,Small Business,South America,Furniture,Smartphone Ultra,388,4,47
ORD-000979,2024-06-01,Second Class,Education,South America,Electronics,Mechanical Keyboard,2426,5,692
ORD-000980,2024-05-08,Same Day,Government,South America,Electronics,Smartphone Ultra,594,7,62
ORD-000981,2024-06-09,Second Class,Government,Middle East,Accessories,"Tablet Air 11""",1217,5,270
ORD-000982,2024-10-09,Express,Corporate,North America,Furniture,Standing Desk Frame,638,3,187
ORD-000983,2025-05-03,Second Class,Education,Europe,Office Supplies,Smart Home Hub,2431,6,899
ORD-000984,2024-08-18,Express,Government,Middle East,Electronics,Mechanical Keyboard,446,7,177
ORD-000985,2025-01-26,Second Class,Home Office,Asia Pacific,Accessories,USB-C Hub 7-in-1,2356,1,425
ORD-000986,2024-04-01,Same Day,Consumer,South America,Furniture,Phone Case MagSafe,1798,4,282
ORD-000987,2025-06-14,Standard Class,Consumer,Europe,Furniture,Privacy Screen Protector,2168,5,818
ORD-000988,2025-06-21,Second Class,Home Office,Asia Pacific,Office Supplies,Smartphone Ultra,389,8,45
ORD-000989,2025-09-24,Same Day,Home Office,Africa,Furniture,Wireless Noise Cancelling Headphones,1014,3,172
ORD-000990,2024-07-02,First Class,Small Business,Asia Pacific,Electronics,Standing Desk Frame,723,7,136
ORD-000991,2024-03-09,Express,Corporate,Africa,Gadgets,4K Webcam,1598,5,360
ORD-000992,2025-02-02,Second Class,Government,Africa,Gadgets,Fitness Tracker Band,2221,5,949
ORD-000993,2024-10-31,Standard Class,Government,Africa,Office Supplies,Bluetooth Speaker,1486,8,634
ORD-000994,2025-11-15,Standard Class,Home Office,Asia Pacific,Electronics,Smartphone Ultra,188,6,50
ORD-000995,2024-07-06,Express,Consumer,Europe,Accessories,Mechanical Keyboard,1456,7,438
ORD-000996,2025-09-09,Second Class,Government,Middle East,Accessories,Fitness Tracker Band,795,2,177
ORD-000997,2024-12-21,Same Day,Corporate,North America,Furniture,Gaming Mouse RGB,2240,6,283
ORD-000998,2024-07-27,Express,Consumer,North America,Gadgets,Wireless Charger Pad,1912,1,472
ORD-000999,2024-11-18,Express,Small Business,South America,Gadgets,Gaming Mouse RGB,894,7,297
ORD-001000,2024-01-28,Same Day,Consumer,Middle East,Furniture,Ergonomic Desk Chair,1245,6,478
ORD-001001,2025-11-14,Second Class,Government,North America,Electronics,External SSD 1TB,2437,5,493
ORD-001002,2025-02-15,Standard Class,Education,Middle East,Electronics,USB-C Hub 7-in-1,1110,7,95
ORD-001003,2024-06-23,Express,Home Office,Europe,Office Supplies,Smart Watch Series 5,1773,3,501
ORD-001004,2025-09-08,First Class,Home Office,Asia Pacific,Electronics,4K Webcam,2013,1,180
ORD-001005,2024-07-27,Standard Class,Home Office,Europe,Furniture,Gaming Mouse RGB,796,7,337
ORD-001006,2025-04-27,Standard Class,Small Business,Middle East,Gadgets,Smart Watch Series 5,1248,7,170
ORD-001007,2025-01-10,Second Class,Small Business,Europe,Gadgets,4K Webcam,2387,2,813
ORD-001008,2024-01-30,First Class,Consumer,Middle East,Accessories,Standing Desk Frame,1962,6,822
ORD-001009,2025-12-10,Same Day,Education,Asia Pacific,Accessories,Wireless Noise Cancelling Headphones,645,3,234
ORD-001010,2024-07-15,First Class,Home Office,North America,Gadgets,External SSD 1TB,111,4,37
ORD-001011,2024-10-09,Express,Education,Europe,Office Supplies,USB-C Hub 7-in-1,1332,4,422
ORD-001012,2025-12-02,Same Day,Consumer,Europe,Office Supplies,Phone Case MagSafe,1485,3,300
ORD-001013,2025-12-10,Second Class,Consumer,South America,Gadgets,Smart Home Hub,2370,1,884
ORD-001014,2024-11-07,Same Day,Education,Europe,Electronics,Fitness Tracker Band,761,8,219
ORD-001015,2024-06-17,Standard Class,Consumer,Asia Pacific,Office Supplies,Laptop Cooling Stand,1279,3,465
ORD-001016,2024-01-30,Standard Class,Home Office,Africa,Gadgets,Wireless Noise Cancelling Headphones,632,7,133
ORD-001017,2024-10-10,Second Class,Government,Middle East,Accessories,Bluetooth Speaker,802,6,244
ORD-001018,2025-05-17,Same Day,Consumer,Europe,Office Supplies,Standing Desk Frame,2292,3,760
ORD-001019,2024-01-03,Express,Corporate,North America,Furniture,Smartphone Ultra,2296,8,723
ORD-001020,2024-07-31,Second Class,Consumer,Africa,Accessories,Fitness Tracker Band,1920,4,679
ORD-001021,2025-08-11,Second Class,Small Business,Europe,Accessories,Laptop Cooling Stand,2453,5,448
ORD-001022,2024-10-09,First Class,Small Business,Middle East,Office Supplies,Ergonomic Desk Chair,2000,5,735
ORD-001023,2024-09-10,Same Day,Government,Middle East,Furniture,Gaming Mouse RGB,1881,4,431
ORD-001024,2025-11-27,Standard Class,Home Office,Europe,Office Supplies,Gaming Mouse RGB,968,7,280
ORD-001025,2024-03-20,Standard Class,Home Office,South America,Accessories,Bluetooth Speaker,1982,5,707
ORD-001026,2024-12-07,Express,Government,Europe,Gadgets,Smart Home Hub,1347,5,543
ORD-001027,2025-05-07,Standard Class,Education,Asia Pacific,Accessories,"Laptop Pro 14""",1242,4,454
ORD-001028,2024-04-06,Express,Education,Middle East,Gadgets,"Laptop Pro 14""",251,6,46
ORD-001029,2024-09-26,Standard Class,Home Office,North America,Electronics,Ergonomic Desk Chair,1292,7,200
ORD-001030,2024-05-17,Express,Education,Europe,Gadgets,Laptop Cooling Stand,284,5,121
ORD-001031,2025-07-11,First Class,Government,Middle East,Furniture,Smartphone Ultra,2074,1,224
ORD-001032,2025-08-22,Same Day,Home Office,North America,Electronics,Smart Home Hub,1818,7,184
ORD-001033,2024-11-15,First Class,Education,Asia Pacific,Gadgets,4K Webcam,63,7,12
ORD-001034,2025-10-02,First Class,Corporate,South America,Office Supplies,Mechanical Keyboard,1965,1,686
ORD-001035,2024-12-26,Same Day,Small Business,Asia Pacific,Electronics,Gaming Mouse RGB,881,6,112
ORD-001036,2024-01-11,Second Class,Consumer,Africa,Office Supplies,Bluetooth Speaker,403,4,42
ORD-001037,2024-06-01,Standard Class,Government,North America,Furniture,"Monitor 27"" 4K",414,8,49
ORD-001038,2024-02-23,Same Day,Small Business,Middle East,Gadgets,Phone Case MagSafe,416,5,128
ORD-001039,2024-08-01,First Class,Small Business,Africa,Electronics,Mechanical Keyboard,1210,1,346
ORD-001040,2025-01-06,Standard Class,Consumer,North America,Furniture,External SSD 1TB,842,7,263
ORD-001041,2025-08-28,Same Day,Government,Africa,Furniture,Smartphone Ultra,1477,5,429
ORD-001042,2024-07-21,Standard Class,Corporate,South America,Accessories,Privacy Screen Protector,1355,6,280
ORD-001043,2024-02-08,Second Class,Home Office,South America,Accessories,Wireless Charger Pad,1566,5,433
ORD-001044,2025-01-14,First Class,Home Office,Europe,Electronics,Phone Case MagSafe,946,1,332
ORD-001045,2025-12-29,Same Day,Government,North America,Office Supplies,USB-C Hub 7-in-1,468,1,132
ORD-001046,2024-07-21,Second Class,Education,Africa,Furniture,Privacy Screen Protector,1514,1,518
ORD-001047,2025-08-17,Standard Class,Home Office,Asia Pacific,Electronics,Ergonomic Desk Chair,1044,8,310
ORD-001048,2024-02-13,First Class,Consumer,Europe,Office Supplies,Ergonomic Desk Chair,738,4,100
ORD-001049,2024-12-28,First Class,Corporate,Africa,Gadgets,Bluetooth Speaker,1634,8,467
ORD-001050,2025-09-18,Standard Class,Corporate,Asia Pacific,Furniture,Bluetooth Speaker,2250,1,285
ORD-001051,2024-05-15,Same Day,Consumer,South America,Office Supplies,Mechanical Keyboard,1353,4,335
ORD-001052,2024-02-19,Express,Small Business,South America,Office Supplies,"Monitor 27"" 4K",878,1,160
ORD-001053,2025-03-20,Same Day,Corporate,South America,Electronics,Ergonomic Desk Chair,1620,8,476
ORD-001054,2024-10-19,Second Class,Small Business,Africa,Accessories,Smartphone Ultra,926,5,190
ORD-001055,2024-05-27,Same Day,Small Business,Asia Pacific,Gadgets,Phone Case MagSafe,165,3,29
ORD-001056,2024-10-29,Express,Education,Middle East,Gadgets,Wireless Charger Pad,821,4,80
ORD-001057,2024-03-08,Same Day,Small Business,South America,Electronics,Privacy Screen Protector,2244,8,429
ORD-001058,2024-05-16,Standard Class,Consumer,Africa,Office Supplies,Mechanical Keyboard,1119,3,443
ORD-001059,2025-06-19,Express,Small Business,South America,Furniture,"Tablet Air 11""",395,7,51
ORD-001060,2024-05-01,Standard Class,Home Office,Europe,Electronics,"Tablet Air 11""",2155,6,337
ORD-001061,2024-04-20,Same Day,Consumer,Europe,Furniture,Ergonomic Desk Chair,386,7,136
ORD-001062,2025-02-05,First Class,Government,Asia Pacific,Furniture,Ergonomic Desk Chair,98,4,35
ORD-001063,2025-03-24,Second Class,Education,Africa,Gadgets,Smartphone Ultra,1236,7,229
ORD-001064,2024-10-17,Second Class,Consumer,Europe,Accessories,"Laptop Pro 14""",454,7,49
ORD-001065,2024-07-29,Second Class,Government,South America,Office Supplies,Standing Desk Frame,835,4,84
ORD-001066,2024-04-02,Standard Class,Government,Middle East,Gadgets,Ergonomic Desk Chair,1406,8,170
ORD-001067,2025-07-10,First Class,Home Office,Africa,Office Supplies,Bluetooth Speaker,259,1,51
ORD-001068,2024-04-23,Second Class,Home Office,Middle East,Accessories,Fitness Tracker Band,158,6,57
ORD-001069,2024-11-19,Second Class,Corporate,South America,Accessories,Smart Home Hub,2106,3,209
ORD-001070,2025-10-21,Second Class,Government,Europe,Furniture,Smart Watch Series 5,1450,2,429
ORD-001071,2024-09-21,Same Day,Small Business,Middle East,Gadgets,Bluetooth Speaker,818,2,317
ORD-001072,2025-03-04,First Class,Home Office,Europe,Accessories,Gaming Mouse RGB,1166,1,128
ORD-001073,2025-08-11,Same Day,Small Business,North America,Furniture,"Laptop Pro 14""",2467,5,569
ORD-001074,2025-03-15,Express,Home Office,Europe,Office Supplies,Smart Home Hub,2386,7,941
ORD-001075,2025-09-14,Express,Government,South America,Furniture,Laptop Cooling Stand,2189,1,399
ORD-001076,2024-06-24,First Class,Small Business,North America,Gadgets,USB-C Hub 7-in-1,2376,5,810
ORD-001077,2025-06-07,Second Class,Corporate,Asia Pacific,Electronics,Mechanical Keyboard,759,6,145
ORD-001078,2025-04-04,Standard Class,Small Business,Europe,Accessories,Mechanical Keyboard,635,7,210
ORD-001079,2025-03-23,Express,Government,North America,Electronics,Phone Case MagSafe,1477,8,299
ORD-001080,2025-06-15,First Class,Home Office,Asia Pacific,Accessories,Smart Watch Series 5,2208,6,704
ORD-001081,2025-08-13,Same Day,Education,South America,Accessories,4K Webcam,1304,1,165
ORD-001082,2025-07-21,Standard Class,Small Business,South America,Furniture,Fitness Tracker Band,1143,7,179
ORD-001083,2024-06-20,Second Class,Education,North America,Office Supplies,"Monitor 27"" 4K",668,1,87
ORD-001084,2025-01-05,Standard Class,Consumer,North America,Accessories,Gaming Mouse RGB,1245,7,124
ORD-001085,2025-08-01,Express,Home Office,Europe,Office Supplies,4K Webcam,728,6,189
ORD-001086,2025-11-10,Second Class,Home Office,Europe,Electronics,"Tablet Air 11""",1745,5,396
ORD-001087,2025-08-30,Standard Class,Home Office,Middle East,Accessories,Laptop Cooling Stand,85,8,36
ORD-001088,2024-04-12,Same Day,Consumer,North America,Electronics,External SSD 1TB,990,4,134
ORD-001089,2025-03-19,First Class,Education,Asia Pacific,Accessories,Wireless Charger Pad,1291,1,385
ORD-001090,2025-12-11,Second Class,Small Business,South America,Electronics,Wireless Charger Pad,2045,8,442
ORD-001091,2025-05-26,Express,Home Office,North America,Accessories,"Tablet Air 11""",1216,1,231
ORD-001092,2024-08-15,Express,Consumer,North America,Furniture,Smart Watch Series 5,152,8,17
ORD-001093,2025-02-02,Express,Consumer,Middle East,Office Supplies,Privacy Screen Protector,2257,3,605
ORD-001094,2025-10-20,Second Class,Home Office,North America,Accessories,Smartphone Ultra,2290,8,540
ORD-001095,2024-10-28,Second Class,Education,Asia Pacific,Office Supplies,"Tablet Air 11""",1802,6,345
ORD-001096,2024-05-08,Second Class,Consumer,Europe,Furniture,Wireless Charger Pad,459,7,37
ORD-001097,2024-06-10,Express,Government,Africa,Accessories,Phone Case MagSafe,1784,1,391
ORD-001098,2024-10-27,First Class,Education,Asia Pacific,Accessories,"Monitor 27"" 4K",691,5,153
ORD-001099,2025-01-31,Second Class,Small Business,Middle East,Electronics,Laptop Cooling Stand,1302,8,464
ORD-001100,2025-04-20,Same Day,Small Business,Asia Pacific,Office Supplies,Standing Desk Frame,325,5,106
ORD-001101,2024-02-16,Express,Home Office,Middle East,Office Supplies,"Monitor 27"" 4K",674,8,216
ORD-001102,2024-01-14,Second Class,Education,South America,Gadgets,USB-C Hub 7-in-1,866,1,250
ORD-001103,2024-06-19,First Class,Small Business,Middle East,Gadgets,Smart Home Hub,1535,6,387
ORD-001104,2024-06-28,Standard Class,Education,South America,Electronics,"Tablet Air 11""",909,4,284
ORD-001105,2024-07-15,Express,Consumer,Europe,Electronics,Smart Watch Series 5,628,6,202
ORD-001106,2024-10-22,Standard Class,Small Business,Africa,Office Supplies,Bluetooth Speaker,529,7,160
ORD-001107,2025-04-07,Second Class,Government,Europe,Gadgets,"Tablet Air 11""",2466,8,709
ORD-001108,2025-05-14,Second Class,Home Office,South America,Accessories,"Tablet Air 11""",583,4,146
ORD-001109,2024-04-19,Same Day,Home Office,North America,Gadgets,Gaming Mouse RGB,2156,4,261
ORD-001110,2024-10-25,First Class,Home Office,South America,Electronics,Bluetooth Speaker,2339,5,467
ORD-001111,2025-05-19,First Class,Home Office,Africa,Gadgets,External SSD 1TB,841,7,114
ORD-001112,2025-12-27,Standard Class,Education,Middle East,Office Supplies,Fitness Tracker Band,2537,5,346
ORD-001113,2024-07-12,Same Day,Corporate,Middle East,Furniture,External SSD 1TB,788,1,164
ORD-001114,2025-05-27,Second Class,Education,Asia Pacific,Gadgets,Ergonomic Desk Chair,121,7,40
ORD-001115,2025-09-05,Same Day,Small Business,Africa,Furniture,Bluetooth Speaker,1849,7,431
ORD-001116,2024-10-22,Same Day,Small Business,South America,Office Supplies,"Monitor 27"" 4K",1213,3,432
ORD-001117,2024-05-29,Same Day,Home Office,Europe,Office Supplies,Wireless Charger Pad,252,2,91
ORD-001118,2024-07-06,Standard Class,Education,South America,Electronics,Mechanical Keyboard,1658,3,366
ORD-001119,2025-05-09,Second Class,Small Business,North America,Electronics,Laptop Cooling Stand,752,3,139
ORD-001120,2025-12-02,Standard Class,Corporate,Europe,Accessories,Mechanical Keyboard,1290,1,263
ORD-001121,2025-12-21,First Class,Education,Europe,Furniture,Bluetooth Speaker,1307,5,214
ORD-001122,2024-08-04,Standard Class,Education,Africa,Gadgets,Bluetooth Speaker,1863,6,282
ORD-001123,2025-09-30,Standard Class,Government,Middle East,Furniture,"Tablet Air 11""",1344,7,457
ORD-001124,2024-05-30,Standard Class,Consumer,Africa,Furniture,"Monitor 27"" 4K",589,6,104
ORD-001125,2024-08-12,Express,Corporate,North America,Office Supplies,Smart Watch Series 5,2546,5,694
ORD-001126,2025-03-18,Same Day,Education,Africa,Gadgets,Fitness Tracker Band,2355,5,415
ORD-001127,2024-03-23,Same Day,Education,Asia Pacific,Furniture,Gaming Mouse RGB,1297,3,342
ORD-001128,2024-07-13,First Class,Government,Asia Pacific,Electronics,Ergonomic Desk Chair,1063,7,323
ORD-001129,2025-09-24,First Class,Small Business,Middle East,Accessories,Smart Home Hub,929,4,103
ORD-001130,2025-06-11,First Class,Consumer,South America,Furniture,Privacy Screen Protector,900,1,131
ORD-001131,2025-02-25,First Class,Consumer,Europe,Office Supplies,Smart Watch Series 5,2304,5,793
ORD-001132,2024-01-27,Standard Class,Small Business,Middle East,Accessories,Smart Watch Series 5,2505,1,556
ORD-001133,2025-07-27,Express,Home Office,Africa,Accessories,"Monitor 27"" 4K",2299,3,260
ORD-001134,2024-11-03,Standard Class,Consumer,Europe,Electronics,"Monitor 27"" 4K",1057,6,97
ORD-001135,2024-05-07,Express,Consumer,Middle East,Accessories,Standing Desk Frame,1302,3,536
ORD-001136,2024-06-15,Second Class,Government,Europe,Office Supplies,Privacy Screen Protector,1066,3,248
ORD-001137,2024-09-06,Standard Class,Corporate,South America,Furniture,USB-C Hub 7-in-1,1796,2,521
ORD-001138,2025-05-05,Standard Class,Education,Europe,Office Supplies,Fitness Tracker Band,1490,3,185
ORD-001139,2025-08-23,First Class,Corporate,Africa,Gadgets,"Laptop Pro 14""",1012,4,136
ORD-001140,2024-10-13,Second Class,Government,Europe,Office Supplies,Smart Watch Series 5,810,1,225
ORD-001141,2024-12-31,Standard Class,Education,Europe,Accessories,Ergonomic Desk Chair,624,8,114
ORD-001142,2024-08-30,Second Class,Small Business,North America,Gadgets,USB-C Hub 7-in-1,2055,3,425
ORD-001143,2025-02-11,Second Class,Home Office,South America,Accessories,Smartphone Ultra,1826,8,271
ORD-001144,2024-08-07,Second Class,Education,Europe,Accessories,Mechanical Keyboard,623,3,76
ORD-001145,2024-11-27,Standard Class,Government,Asia Pacific,Electronics,Smart Watch Series 5,1973,1,455
ORD-001146,2024-06-27,First Class,Consumer,North America,Furniture,"Monitor 27"" 4K",1264,2,288
ORD-001147,2025-09-27,Standard Class,Home Office,Asia Pacific,Electronics,Laptop Cooling Stand,1566,2,360
ORD-001148,2024-05-16,Same Day,Consumer,Middle East,Accessories,Smart Home Hub,2208,4,685
ORD-001149,2025-10-20,Same Day,Government,South America,Gadgets,Standing Desk Frame,1890,2,356
ORD-001150,2025-04-16,Express,Corporate,Asia Pacific,Office Supplies,Wireless Charger Pad,664,1,103
ORD-001151,2024-09-09,Standard Class,Education,South America,Accessories,Standing Desk Frame,188,4,62
ORD-001152,2024-09-08,Second Class,Corporate,Asia Pacific,Electronics,Laptop Cooling Stand,233,5,94
ORD-001153,2024-07-30,Express,Education,Asia Pacific,Furniture,"Tablet Air 11""",364,6,81
ORD-001154,2024-04-27,Standard Class,Corporate,Europe,Office Supplies,USB-C Hub 7-in-1,2237,2,326
ORD-001155,2025-07-18,Second Class,Education,Asia Pacific,Accessories,4K Webcam,1092,1,309
ORD-001156,2025-07-15,Express,Corporate,Asia Pacific,Electronics,Smartphone Ultra,936,2,368
ORD-001157,2024-07-06,First Class,Government,Asia Pacific,Furniture,Bluetooth Speaker,199,7,49
ORD-001158,2025-01-01,Express,Corporate,Europe,Office Supplies,Gaming Mouse RGB,1211,7,167
ORD-001159,2025-05-19,Second Class,Government,Europe,Accessories,Wireless Noise Cancelling Headphones,1998,3,711
ORD-001160,2025-11-29,Express,Small Business,Europe,Office Supplies,Mechanical Keyboard,275,4,110
ORD-001161,2024-07-19,Same Day,Government,Europe,Office Supplies,USB-C Hub 7-in-1,1645,3,595
ORD-001162,2025-04-18,Standard Class,Small Business,Africa,Gadgets,Smart Watch Series 5,1790,3,277
ORD-001163,2024-04-07,Same Day,Education,Europe,Office Supplies,Mechanical Keyboard,1432,4,571
ORD-001164,2024-10-16,First Class,Consumer,Middle East,Gadgets,Standing Desk Frame,1235,4,296
ORD-001165,2025-06-27,First Class,Government,Middle East,Furniture,"Monitor 27"" 4K",2372,1,253
ORD-001166,2025-06-11,First Class,Education,Africa,Gadgets,Mechanical Keyboard,89,3,35
ORD-001167,2024-05-21,Standard Class,Consumer,Africa,Office Supplies,4K Webcam,308,6,52
ORD-001168,2025-12-07,Standard Class,Education,Africa,Gadgets,Mechanical Keyboard,1610,3,539
ORD-001169,2025-04-08,Standard Class,Small Business,Asia Pacific,Office Supplies,External SSD 1TB,226,2,70
ORD-001170,2025-10-15,Second Class,Small Business,Africa,Gadgets,Smartphone Ultra,1892,7,801
ORD-001171,2025-03-28,Second Class,Home Office,North America,Gadgets,Fitness Tracker Band,299,5,33
ORD-001172,2025-11-15,Express,Government,Asia Pacific,Office Supplies,Gaming Mouse RGB,242,7,96
ORD-001173,2025-10-21,Second Class,Corporate,South America,Office Supplies,Privacy Screen Protector,1237,7,366
ORD-001174,2024-03-23,Standard Class,Consumer,North America,Electronics,4K Webcam,1570,1,491
ORD-001175,2024-07-10,Same Day,Consumer,South America,Furniture,Smartphone Ultra,2467,8,555
ORD-001176,2025-05-15,First Class,Government,North America,Office Supplies,USB-C Hub 7-in-1,1242,5,504
ORD-001177,2024-06-04,Express,Education,North America,Electronics,Standing Desk Frame,2310,8,194
ORD-001178,2025-01-01,Same Day,Consumer,Middle East,Electronics,"Tablet Air 11""",67,5,22
ORD-001179,2024-04-19,Express,Consumer,Europe,Gadgets,Privacy Screen Protector,1817,1,262
ORD-001180,2025-12-15,Express,Education,Africa,Furniture,Ergonomic Desk Chair,1005,7,420
ORD-001181,2025-12-08,First Class,Corporate,Asia Pacific,Furniture,Smart Watch Series 5,529,7,155
ORD-001182,2025-07-26,Second Class,Government,Africa,Furniture,Phone Case MagSafe,780,2,160
ORD-001183,2024-02-20,Express,Consumer,Africa,Furniture,Wireless Charger Pad,161,8,51
ORD-001184,2024-10-17,First Class,Education,Africa,Office Supplies,Standing Desk Frame,241,7,80
ORD-001185,2025-02-18,First Class,Consumer,North America,Office Supplies,Phone Case MagSafe,2008,5,727
ORD-001186,2025-01-09,Standard Class,Education,Africa,Office Supplies,Standing Desk Frame,1477,7,426
ORD-001187,2025-02-06,Express,Small Business,Africa,Office Supplies,Smart Watch Series 5,848,7,309
ORD-001188,2025-02-07,Standard Class,Home Office,Middle East,Electronics,"Monitor 27"" 4K",1147,3,425
ORD-001189,2025-06-01,First Class,Small Business,Middle East,Furniture,Wireless Charger Pad,1666,5,623
ORD-001190,2025-10-17,Standard Class,Consumer,Middle East,Office Supplies,"Tablet Air 11""",2401,2,987
ORD-001191,2025-05-25,Express,Corporate,Asia Pacific,Accessories,Smart Home Hub,2522,5,321
ORD-001192,2024-01-25,Express,Corporate,Middle East,Furniture,Privacy Screen Protector,726,7,141
ORD-001193,2024-04-23,First Class,Corporate,Asia Pacific,Office Supplies,USB-C Hub 7-in-1,309,4,113
ORD-001194,2024-04-08,Same Day,Government,Asia Pacific,Gadgets,Ergonomic Desk Chair,190,6,78
ORD-001195,2024-12-08,Standard Class,Corporate,Asia Pacific,Accessories,USB-C Hub 7-in-1,399,1,112
ORD-001196,2024-04-13,First Class,Consumer,Middle East,Furniture,Wireless Charger Pad,959,6,81
ORD-001197,2024-04-09,Standard Class,Home Office,Asia Pacific,Office Supplies,"Tablet Air 11""",1629,3,694
ORD-001198,2025-08-20,Same Day,Education,Europe,Furniture,"Monitor 27"" 4K",212,7,49
ORD-001199,2024-01-14,Second Class,Consumer,Europe,Electronics,Wireless Noise Cancelling Headphones,674,4,210
ORD-001200,2025-01-01,First Class,Home Office,Middle East,Office Supplies,Standing Desk Frame,2398,2,505
ORD-001201,2024-05-28,Second Class,Education,Middle East,Accessories,"Tablet Air 11""",791,5,334
ORD-001202,2024-06-05,First Class,Home Office,Middle East,Electronics,External SSD 1TB,315,1,122
ORD-001203,2024-03-23,Second Class,Corporate,South America,Gadgets,Privacy Screen Protector,2125,1,244
ORD-001204,2024-08-23,Second Class,Education,Middle East,Furniture,Fitness Tracker Band,2031,3,716
ORD-001205,2024-02-10,Same Day,Government,South America,Electronics,Mechanical Keyboard,177,5,53
ORD-001206,2024-09-14,Express,Consumer,Middle East,Electronics,Mechanical Keyboard,841,7,182
ORD-001207,2024-06-24,Second Class,Corporate,Africa,Accessories,Bluetooth Speaker,2316,1,686
ORD-001208,2024-09-28,Standard Class,Consumer,Middle East,Accessories,"Laptop Pro 14""",831,8,73
ORD-001209,2025-04-18,Same Day,Small Business,South America,Electronics,Bluetooth Speaker,1803,3,232
ORD-001210,2024-09-12,Express,Home Office,Europe,Office Supplies,Bluetooth Speaker,493,2,88
ORD-001211,2024-02-17,Express,Home Office,Asia Pacific,Gadgets,Phone Case MagSafe,825,7,340
ORD-001212,2025-03-28,Second Class,Consumer,Africa,Furniture,Smart Home Hub,289,2,107
ORD-001213,2025-05-23,Standard Class,Home Office,Africa,Accessories,USB-C Hub 7-in-1,732,7,105
ORD-001214,2025-01-03,Second Class,Education,Asia Pacific,Electronics,"Monitor 27"" 4K",2353,3,582
ORD-001215,2024-01-04,Second Class,Consumer,South America,Accessories,Smart Home Hub,1645,5,164
ORD-001216,2024-03-15,Express,Small Business,North America,Furniture,Wireless Charger Pad,2352,2,624
ORD-001217,2024-08-13,Second Class,Home Office,Africa,Accessories,Privacy Screen Protector,1400,6,386
ORD-001218,2025-03-10,Same Day,Government,Middle East,Gadgets,"Laptop Pro 14""",2408,3,719
ORD-001219,2024-10-22,First Class,Corporate,Middle East,Furniture,Mechanical Keyboard,113,4,19
ORD-001220,2025-09-17,Standard Class,Government,Europe,Electronics,"Tablet Air 11""",245,8,39
ORD-001221,2024-05-08,Same Day,Consumer,North America,Electronics,Smartphone Ultra,1042,7,172
ORD-001222,2024-10-09,Same Day,Consumer,North America,Office Supplies,Wireless Noise Cancelling Headphones,215,6,34
ORD-001223,2025-05-20,Second Class,Education,Middle East,Electronics,Smart Watch Series 5,671,4,273
ORD-001224,2024-03-06,Second Class,Home Office,North America,Furniture,Ergonomic Desk Chair,2343,5,750
ORD-001225,2024-12-25,Standard Class,Consumer,North America,Gadgets,Phone Case MagSafe,672,3,121
ORD-001226,2024-01-04,First Class,Small Business,Europe,Accessories,Wireless Charger Pad,76,8,30
ORD-001227,2024-07-09,Second Class,Corporate,Asia Pacific,Furniture,Wireless Noise Cancelling Headphones,1795,1,700
ORD-001228,2025-03-27,Second Class,Government,Africa,Gadgets,Mechanical Keyboard,2430,7,772
ORD-001229,2024-10-22,Second Class,Corporate,Africa,Office Supplies,Wireless Charger Pad,847,8,288
ORD-001230,2025-04-10,Standard Class,Government,Middle East,Gadgets,Fitness Tracker Band,2150,3,241
ORD-001231,2025-04-15,Second Class,Government,Asia Pacific,Electronics,Bluetooth Speaker,1391,2,438
ORD-001232,2024-03-05,Same Day,Corporate,Africa,Electronics,4K Webcam,229,8,36
ORD-001233,2024-07-21,Second Class,Corporate,Middle East,Electronics,External SSD 1TB,1430,4,293
ORD-001234,2024-09-28,First Class,Government,Europe,Accessories,Standing Desk Frame,250,6,75
ORD-001235,2024-12-14,Same Day,Consumer,Africa,Electronics,Privacy Screen Protector,280,6,98
ORD-001236,2024-05-12,Second Class,Consumer,Middle East,Office Supplies,Ergonomic Desk Chair,962,3,332
ORD-001237,2025-03-14,Standard Class,Corporate,North America,Furniture,Privacy Screen Protector,2181,5,479
ORD-001238,2025-04-28,Express,Consumer,Europe,Accessories,USB-C Hub 7-in-1,717,7,216
ORD-001239,2024-09-17,First Class,Government,Middle East,Office Supplies,"Monitor 27"" 4K",1440,6,285
ORD-001240,2025-07-23,Same Day,Consumer,North America,Accessories,Standing Desk Frame,165,3,34
ORD-001241,2024-04-20,Second Class,Home Office,North America,Office Supplies,"Laptop Pro 14""",1891,5,215
ORD-001242,2024-01-14,Standard Class,Corporate,North America,Electronics,Mechanical Keyboard,2152,6,679
ORD-001243,2024-01-18,Express,Home Office,Middle East,Electronics,Smartphone Ultra,541,6,138
ORD-001244,2024-10-23,Second Class,Education,Middle East,Accessories,"Laptop Pro 14""",1789,6,265
ORD-001245,2024-05-14,First Class,Education,North America,Electronics,Wireless Noise Cancelling Headphones,1103,4,100
ORD-001246,2025-04-21,Second Class,Consumer,South America,Accessories,"Laptop Pro 14""",2497,2,410
ORD-001247,2025-08-09,Standard Class,Small Business,Europe,Gadgets,Standing Desk Frame,905,5,284
ORD-001248,2025-11-08,Second Class,Home Office,Middle East,Gadgets,Smartphone Ultra,1659,6,462
ORD-001249,2024-12-04,Same Day,Government,Europe,Furniture,Standing Desk Frame,1356,7,505
ORD-001250,2025-04-06,Same Day,Consumer,Africa,Electronics,Smart Home Hub,411,7,52
ORD-001251,2024-03-25,First Class,Home Office,Europe,Gadgets,USB-C Hub 7-in-1,928,3,100
ORD-001252,2025-06-29,Same Day,Home Office,South America,Furniture,Wireless Noise Cancelling Headphones,552,2,85
ORD-001253,2025-05-17,Same Day,Small Business,Asia Pacific,Accessories,Laptop Cooling Stand,2327,2,652
ORD-001254,2024-07-28,Same Day,Government,Africa,Office Supplies,Smart Home Hub,1432,5,362
ORD-001255,2025-01-05,Same Day,Corporate,Asia Pacific,Gadgets,"Tablet Air 11""",936,2,281
ORD-001256,2025-07-02,Standard Class,Small Business,Middle East,Accessories,Ergonomic Desk Chair,1798,6,288
ORD-001257,2024-07-03,Express,Home Office,Asia Pacific,Office Supplies,Fitness Tracker Band,976,4,154
ORD-001258,2024-08-02,First Class,Home Office,Africa,Office Supplies,Gaming Mouse RGB,1118,8,473
ORD-001259,2024-07-20,Express,Government,North America,Furniture,Bluetooth Speaker,1602,4,687
ORD-001260,2024-11-23,First Class,Government,Africa,Gadgets,4K Webcam,1585,4,675
ORD-001261,2024-05-23,First Class,Consumer,North America,Office Supplies,Phone Case MagSafe,1005,7,223
ORD-001262,2025-11-03,Second Class,Consumer,Europe,Electronics,Standing Desk Frame,2050,2,271
ORD-001263,2024-02-03,Same Day,Home Office,South America,Accessories,Fitness Tracker Band,1182,1,492
ORD-001264,2025-06-23,Standard Class,Government,South America,Accessories,"Monitor 27"" 4K",1793,7,198
ORD-001265,2025-05-22,Same Day,Small Business,Middle East,Gadgets,Bluetooth Speaker,1517,2,317
ORD-001266,2025-02-01,First Class,Government,South America,Furniture,Laptop Cooling Stand,1071,8,200
ORD-001267,2024-11-15,Express,Small Business,Africa,Gadgets,Fitness Tracker Band,2093,1,836
ORD-001268,2024-03-16,Express,Small Business,North America,Gadgets,Privacy Screen Protector,2171,3,911
ORD-001269,2025-08-23,Second Class,Education,Middle East,Electronics,Smartphone Ultra,1341,4,236
ORD-001270,2025-07-03,Standard Class,Small Business,Europe,Office Supplies,Smartphone Ultra,812,5,277
ORD-001271,2024-08-10,Same Day,Government,South America,Furniture,Privacy Screen Protector,1507,4,473
ORD-001272,2025-01-11,Second Class,Corporate,Middle East,Accessories,Wireless Noise Cancelling Headphones,1996,5,694
ORD-001273,2025-05-01,Standard Class,Small Business,South America,Accessories,Ergonomic Desk Chair,1183,6,177
ORD-001274,2025-03-16,Same Day,Consumer,South America,Accessories,Standing Desk Frame,1121,8,449
ORD-001275,2025-03-10,Same Day,Education,Asia Pacific,Office Supplies,Laptop Cooling Stand,2522,4,1011
ORD-001276,2024-05-17,First Class,Corporate,Europe,Gadgets,"Laptop Pro 14""",1891,4,677
ORD-001277,2024-01-21,Second Class,Corporate,Asia Pacific,Furniture,Standing Desk Frame,2534,1,321
ORD-001278,2025-09-14,Standard Class,Government,North America,Office Supplies,Ergonomic Desk Chair,2125,3,380
ORD-001279,2025-08-13,Same Day,Consumer,South America,Gadgets,Privacy Screen Protector,2124,5,252
ORD-001280,2024-01-06,Same Day,Government,North America,Gadgets,Bluetooth Speaker,816,4,123
ORD-001281,2024-12-20,Second Class,Government,South America,Gadgets,Bluetooth Speaker,1964,3,727
ORD-001282,2025-09-17,Second Class,Corporate,Middle East,Gadgets,Wireless Charger Pad,399,2,106
ORD-001283,2024-11-14,Express,Corporate,Africa,Electronics,USB-C Hub 7-in-1,983,1,215
ORD-001284,2024-02-21,First Class,Small Business,South America,Gadgets,Wireless Charger Pad,887,1,269
ORD-001285,2024-10-05,Second Class,Small Business,Africa,Electronics,Wireless Noise Cancelling Headphones,275,5,38
ORD-001286,2024-03-08,First Class,Small Business,South America,Electronics,Smartphone Ultra,2237,4,357
ORD-001287,2024-04-13,Standard Class,Small Business,South America,Office Supplies,Smart Watch Series 5,1811,8,487
ORD-001288,2025-04-10,Express,Education,North America,Gadgets,Bluetooth Speaker,2252,3,326
ORD-001289,2025-07-20,First Class,Home Office,North America,Accessories,External SSD 1TB,1326,4,241
ORD-001290,2025-08-10,Same Day,Consumer,North America,Office Supplies,4K Webcam,2131,2,241
ORD-001291,2025-03-03,Second Class,Home Office,South America,Electronics,Wireless Noise Cancelling Headphones,697,7,204
ORD-001292,2024-11-06,Same Day,Government,Asia Pacific,Office Supplies,Phone Case MagSafe,1310,2,250
ORD-001293,2024-07-18,Express,Corporate,South America,Accessories,Fitness Tracker Band,499,6,111
ORD-001294,2024-06-23,Second Class,Government,Asia Pacific,Electronics,Smartphone Ultra,1725,2,184
ORD-001295,2025-10-07,Same Day,Corporate,Asia Pacific,Furniture,Standing Desk Frame,1654,7,511
ORD-001296,2025-01-29,Express,Government,North America,Furniture,Smartphone Ultra,1180,4,267
ORD-001297,2025-05-30,Express,Government,Africa,Accessories,Standing Desk Frame,2192,7,355
ORD-001298,2025-12-24,Same Day,Education,Europe,Electronics,4K Webcam,495,7,48
ORD-001299,2024-01-07,First Class,Consumer,Middle East,Office Supplies,USB-C Hub 7-in-1,1007,5,140
ORD-001300,2024-09-12,Express,Government,Europe,Electronics,Wireless Charger Pad,1488,8,363
ORD-001301,2024-04-06,Second Class,Consumer,Africa,Accessories,"Monitor 27"" 4K",1134,4,156
ORD-001302,2024-03-27,Standard Class,Education,South America,Electronics,Phone Case MagSafe,2157,2,860
ORD-001303,2024-06-21,Same Day,Consumer,South America,Office Supplies,Wireless Noise Cancelling Headphones,1847,8,569
ORD-001304,2024-09-13,Second Class,Government,Asia Pacific,Gadgets,Privacy Screen Protector,492,3,81
ORD-001305,2025-03-05,Second Class,Home Office,South America,Furniture,"Laptop Pro 14""",1492,6,375
ORD-001306,2025-08-09,Same Day,Consumer,Asia Pacific,Gadgets,Privacy Screen Protector,1814,2,200
ORD-001307,2024-07-05,Express,Education,Europe,Electronics,USB-C Hub 7-in-1,2132,1,694
ORD-001308,2024-05-29,First Class,Small Business,Europe,Furniture,External SSD 1TB,903,3,381
ORD-001309,2024-02-27,First Class,Small Business,North America,Electronics,Phone Case MagSafe,2032,2,414
ORD-001310,2025-01-20,Same Day,Small Business,South America,Electronics,"Monitor 27"" 4K",462,4,191
ORD-001311,2024-12-14,Express,Corporate,Africa,Furniture,Fitness Tracker Band,1033,5,123
ORD-001312,2024-12-18,Same Day,Consumer,Africa,Gadgets,Bluetooth Speaker,965,7,111
ORD-001313,2024-12-22,Second Class,Consumer,Europe,Office Supplies,Wireless Charger Pad,1504,1,139
ORD-001314,2025-10-13,Second Class,Consumer,North America,Office Supplies,"Laptop Pro 14""",1332,8,271
ORD-001315,2025-01-12,Standard Class,Government,Europe,Office Supplies,Phone Case MagSafe,2484,1,1035
ORD-001316,2024-02-28,Same Day,Government,Africa,Electronics,External SSD 1TB,1795,6,198
ORD-001317,2025-10-21,Second Class,Education,Europe,Furniture,Ergonomic Desk Chair,1689,7,238
ORD-001318,2025-07-23,Same Day,Consumer,Africa,Furniture,Privacy Screen Protector,1475,8,185
ORD-001319,2025-02-25,First Class,Home Office,Asia Pacific,Office Supplies,Bluetooth Speaker,1254,5,128
ORD-001320,2025-07-27,Same Day,Education,North America,Electronics,Smart Watch Series 5,2223,5,500
ORD-001321,2024-01-23,First Class,Home Office,South America,Office Supplies,Mechanical Keyboard,404,8,157
ORD-001322,2024-11-07,Second Class,Home Office,South America,Accessories,External SSD 1TB,293,2,75
ORD-001323,2024-08-24,Same Day,Government,Africa,Electronics,"Monitor 27"" 4K",2128,6,492
ORD-001324,2024-03-01,Express,Home Office,Africa,Accessories,4K Webcam,750,4,149
ORD-001325,2024-02-14,Same Day,Education,North America,Electronics,"Monitor 27"" 4K",1193,3,283
ORD-001326,2024-04-05,Express,Home Office,South America,Accessories,Wireless Noise Cancelling Headphones,352,1,114
ORD-001327,2024-10-18,First Class,Small Business,Asia Pacific,Accessories,Standing Desk Frame,1625,5,624
ORD-001328,2025-01-16,Same Day,Corporate,South America,Electronics,Fitness Tracker Band,642,5,110
ORD-001329,2024-06-17,Same Day,Consumer,South America,Accessories,Standing Desk Frame,2206,7,592
ORD-001330,2025-01-19,Express,Government,Middle East,Accessories,Fitness Tracker Band,2288,7,643
ORD-001331,2025-06-14,Standard Class,Corporate,Europe,Furniture,Standing Desk Frame,2474,1,914
ORD-001332,2024-05-29,Second Class,Corporate,Africa,Office Supplies,Standing Desk Frame,1836,2,215
ORD-001333,2025-07-20,Second Class,Government,Africa,Electronics,"Tablet Air 11""",932,7,98
ORD-001334,2025-10-21,First Class,Government,South America,Electronics,"Monitor 27"" 4K",957,8,367
ORD-001335,2024-07-21,Express,Home Office,Asia Pacific,Electronics,Privacy Screen Protector,473,2,166
ORD-001336,2024-03-03,First Class,Consumer,North America,Electronics,Ergonomic Desk Chair,240,4,95
ORD-001337,2025-06-22,First Class,Corporate,Middle East,Furniture,Standing Desk Frame,2447,6,239
ORD-001338,2025-11-13,First Class,Education,Asia Pacific,Electronics,Bluetooth Speaker,1284,2,464
ORD-001339,2025-11-22,Second Class,Small Business,Africa,Gadgets,"Monitor 27"" 4K",2523,5,639
ORD-001340,2024-05-11,Second Class,Education,South America,Electronics,Fitness Tracker Band,2537,2,924
ORD-001341,2025-12-15,Express,Education,Asia Pacific,Accessories,Phone Case MagSafe,208,4,22
ORD-001342,2025-09-02,First Class,Education,Europe,Gadgets,Standing Desk Frame,2485,2,431
ORD-001343,2024-10-18,Second Class,Home Office,Africa,Electronics,Privacy Screen Protector,735,2,103
ORD-001344,2025-06-21,First Class,Corporate,Africa,Accessories,4K Webcam,2286,4,329
ORD-001345,2024-12-30,Express,Education,Africa,Accessories,Smartphone Ultra,1772,2,232
ORD-001346,2025-02-26,Standard Class,Corporate,North America,Accessories,External SSD 1TB,267,7,113
ORD-001347,2025-08-14,Second Class,Corporate,Asia Pacific,Office Supplies,Phone Case MagSafe,750,2,149
ORD-001348,2025-12-19,Second Class,Education,North America,Gadgets,"Monitor 27"" 4K",2530,5,750
ORD-001349,2024-04-16,Express,Corporate,Africa,Office Supplies,Smartphone Ultra,1641,2,150
ORD-001350,2025-06-29,First Class,Education,Asia Pacific,Gadgets,Laptop Cooling Stand,1445,1,363
ORD-001351,2025-03-30,First Class,Education,Europe,Office Supplies,Mechanical Keyboard,799,7,274
ORD-001352,2025-04-28,Second Class,Home Office,South America,Office Supplies,Smart Home Hub,430,4,39
ORD-001353,2025-05-19,Express,Education,Asia Pacific,Electronics,Wireless Noise Cancelling Headphones,359,6,77
ORD-001354,2025-03-18,Second Class,Consumer,Europe,Accessories,Wireless Noise Cancelling Headphones,794,4,259
ORD-001355,2024-12-10,First Class,Corporate,North America,Furniture,External SSD 1TB,1474,8,318
ORD-001356,2024-03-04,First Class,Home Office,Asia Pacific,Office Supplies,Smart Watch Series 5,2339,2,637
ORD-001357,2024-08-03,Express,Education,South America,Accessories,Mechanical Keyboard,1332,6,230
ORD-001358,2025-07-21,Same Day,Government,Europe,Furniture,Standing Desk Frame,1641,4,639
ORD-001359,2025-10-10,Express,Small Business,Asia Pacific,Office Supplies,USB-C Hub 7-in-1,2175,1,587
ORD-001360,2025-02-15,Express,Government,Middle East,Electronics,Wireless Charger Pad,2177,5,809
ORD-001361,2024-03-01,First Class,Corporate,South America,Accessories,Smart Watch Series 5,2237,2,729
ORD-001362,2024-07-25,Standard Class,Consumer,Africa,Electronics,Standing Desk Frame,664,5,156
ORD-001363,2024-06-28,Standard Class,Home Office,Africa,Accessories,4K Webcam,692,6,199
ORD-001364,2024-04-17,Second Class,Consumer,Europe,Accessories,4K Webcam,1611,1,687
ORD-001365,2024-12-15,First Class,Consumer,Europe,Accessories,USB-C Hub 7-in-1,1845,5,743
ORD-001366,2025-02-05,Express,Government,South America,Accessories,Smart Watch Series 5,157,2,37
ORD-001367,2024-07-11,Express,Consumer,North America,Gadgets,Laptop Cooling Stand,457,6,44
ORD-001368,2024-10-05,Second Class,Education,Middle East,Gadgets,"Tablet Air 11""",1548,5,374
ORD-001369,2025-11-06,Same Day,Small Business,Middle East,Accessories,4K Webcam,220,5,67
ORD-001370,2024-07-06,Same Day,Government,North America,Furniture,Bluetooth Speaker,151,6,61
ORD-001371,2025-04-06,Standard Class,Small Business,Europe,Furniture,Wireless Charger Pad,1516,4,515
ORD-001372,2024-12-15,Second Class,Education,Asia Pacific,Electronics,"Monitor 27"" 4K",819,2,159
ORD-001373,2025-04-09,Same Day,Government,Middle East,Office Supplies,External SSD 1TB,1727,4,304
ORD-001374,2025-12-06,Second Class,Home Office,South America,Accessories,"Laptop Pro 14""",2435,7,827
ORD-001375,2025-02-11,Standard Class,Corporate,Middle East,Office Supplies,Wireless Noise Cancelling Headphones,553,7,165
ORD-001376,2025-10-15,Standard Class,Home Office,Africa,Office Supplies,"Monitor 27"" 4K",1118,1,350
ORD-001377,2025-09-19,Standard Class,Corporate,South America,Accessories,Bluetooth Speaker,1263,1,208
ORD-001378,2025-11-27,Same Day,Education,South America,Electronics,Smartphone Ultra,134,8,54
ORD-001379,2024-06-25,Second Class,Government,Asia Pacific,Gadgets,Smart Watch Series 5,2194,7,773
ORD-001380,2024-12-04,First Class,Corporate,Asia Pacific,Electronics,Phone Case MagSafe,2124,3,439
ORD-001381,2024-08-26,Standard Class,Small Business,Middle East,Accessories,Ergonomic Desk Chair,1961,2,673
ORD-001382,2025-02-24,Same Day,Consumer,Europe,Office Supplies,Mechanical Keyboard,2042,7,498
ORD-001383,2024-07-31,Standard Class,Education,Africa,Furniture,Laptop Cooling Stand,2371,7,385
ORD-001384,2024-10-26,Second Class,Small Business,Europe,Gadgets,Mechanical Keyboard,1723,5,409
ORD-001385,2024-07-16,Same Day,Corporate,South America,Office Supplies,4K Webcam,1109,7,407
ORD-001386,2025-02-19,First Class,Corporate,Africa,Furniture,Smart Home Hub,199,7,73
ORD-001387,2024-08-16,First Class,Small Business,South America,Accessories,Wireless Noise Cancelling Headphones,2465,1,529
ORD-001388,2025-02-11,First Class,Small Business,Middle East,Furniture,USB-C Hub 7-in-1,1879,4,249
ORD-001389,2024-05-30,Same Day,Corporate,Europe,Office Supplies,Privacy Screen Protector,743,5,146
ORD-001390,2024-10-12,Express,Consumer,Middle East,Gadgets,Mechanical Keyboard,2026,5,732
ORD-001391,2024-03-02,Express,Government,Middle East,Accessories,Smart Home Hub,1030,6,305
ORD-001392,2025-07-03,Same Day,Government,North America,Electronics,Privacy Screen Protector,1982,1,810
ORD-001393,2025-05-20,Second Class,Small Business,Europe,Electronics,Phone Case MagSafe,1130,5,166
ORD-001394,2024-04-12,Express,Government,Europe,Furniture,Fitness Tracker Band,2084,4,357
ORD-001395,2025-08-19,Express,Home Office,Asia Pacific,Office Supplies,"Tablet Air 11""",1826,2,696
ORD-001396,2025-06-21,Standard Class,Government,North America,Electronics,USB-C Hub 7-in-1,908,2,201
ORD-001397,2024-01-31,Same Day,Corporate,Europe,Furniture,Bluetooth Speaker,2109,4,197
ORD-001398,2025-05-02,Second Class,Home Office,Europe,Furniture,Smartphone Ultra,116,5,49
ORD-001399,2025-09-17,Same Day,Corporate,South America,Furniture,"Tablet Air 11""",1531,1,368
ORD-001400,2025-07-09,Standard Class,Education,Africa,Electronics,Wireless Noise Cancelling Headphones,1446,2,131
ORD-001401,2024-07-09,First Class,Home Office,Asia Pacific,Furniture,Smart Watch Series 5,1597,5,205
ORD-001402,2024-09-16,Second Class,Small Business,Europe,Furniture,USB-C Hub 7-in-1,1878,5,469
ORD-001403,2025-09-05,First Class,Government,Africa,Electronics,Mechanical Keyboard,1203,8,331
ORD-001404,2025-07-16,Same Day,Home Office,North America,Furniture,Privacy Screen Protector,1994,4,362
ORD-001405,2025-04-25,Standard Class,Home Office,North America,Gadgets,External SSD 1TB,127,2,50
ORD-001406,2025-01-15,First Class,Education,North America,Office Supplies,"Tablet Air 11""",2341,2,573
ORD-001407,2024-11-30,Second Class,Small Business,Europe,Furniture,Smartphone Ultra,1115,1,207
ORD-001408,2024-05-31,Same Day,Government,Asia Pacific,Office Supplies,Wireless Noise Cancelling Headphones,192,2,67
ORD-001409,2024-11-15,Same Day,Government,North America,Office Supplies,"Monitor 27"" 4K",2514,6,257
ORD-001410,2025-03-23,Same Day,Consumer,Africa,Gadgets,Ergonomic Desk Chair,499,4,161
ORD-001411,2024-06-01,First Class,Home Office,Europe,Accessories,Laptop Cooling Stand,1116,8,258
ORD-001412,2024-03-12,Second Class,Small Business,North America,Furniture,Ergonomic Desk Chair,1605,2,458
ORD-001413,2024-03-22,Standard Class,Home Office,Europe,Office Supplies,"Monitor 27"" 4K",2231,6,197
ORD-001414,2024-01-02,Same Day,Education,Middle East,Furniture,"Laptop Pro 14""",153,8,41
ORD-001415,2024-09-08,Express,Home Office,North America,Office Supplies,Smartphone Ultra,1763,7,396
ORD-001416,2024-01-14,Second Class,Corporate,North America,Office Supplies,USB-C Hub 7-in-1,406,3,114
ORD-001417,2024-07-28,First Class,Small Business,Asia Pacific,Furniture,Gaming Mouse RGB,52,2,14
ORD-001418,2025-04-05,Standard Class,Consumer,Europe,Electronics,Mechanical Keyboard,221,2,44
ORD-001419,2024-02-28,Express,Small Business,South America,Gadgets,Gaming Mouse RGB,694,3,84
ORD-001420,2025-01-16,First Class,Consumer,South America,Furniture,Smartphone Ultra,2246,2,384
ORD-001421,2024-07-23,Standard Class,Consumer,Africa,Electronics,Mechanical Keyboard,2446,8,534
ORD-001422,2025-12-16,Express,Small Business,South America,Furniture,USB-C Hub 7-in-1,382,3,48
ORD-001423,2025-11-09,Second Class,Education,Africa,Furniture,Bluetooth Speaker,154,4,54
ORD-001424,2025-01-07,Express,Education,Asia Pacific,Electronics,Standing Desk Frame,2138,4,546
ORD-001425,2025-12-03,Second Class,Small Business,Europe,Accessories,"Monitor 27"" 4K",952,4,99
ORD-001426,2025-05-21,First Class,Education,North America,Gadgets,Phone Case MagSafe,1473,3,593
ORD-001427,2024-11-09,First Class,Home Office,South America,Electronics,Laptop Cooling Stand,2314,3,661
ORD-001428,2024-05-06,First Class,Government,Europe,Furniture,Phone Case MagSafe,2545,2,456
ORD-001429,2025-08-02,Standard Class,Home Office,Middle East,Accessories,4K Webcam,1253,5,236
ORD-001430,2024-07-21,Second Class,Home Office,North America,Accessories,"Laptop Pro 14""",1293,6,361
ORD-001431,2025-11-21,Second Class,Home Office,North America,Office Supplies,Bluetooth Speaker,1952,4,246
ORD-001432,2025-10-15,First Class,Government,Africa,Furniture,Wireless Noise Cancelling Headphones,2239,1,461
ORD-001433,2025-12-08,Standard Class,Home Office,Asia Pacific,Gadgets,Ergonomic Desk Chair,276,2,37
ORD-001434,2025-01-22,Standard Class,Small Business,Asia Pacific,Accessories,Laptop Cooling Stand,842,3,189
ORD-001435,2024-06-01,Express,Consumer,Asia Pacific,Gadgets,Privacy Screen Protector,1567,5,258
ORD-001436,2024-07-14,First Class,Small Business,South America,Office Supplies,USB-C Hub 7-in-1,822,6,205
ORD-001437,2024-11-02,First Class,Government,Europe,Gadgets,Ergonomic Desk Chair,558,8,117
ORD-001438,2024-10-19,Same Day,Home Office,Middle East,Furniture,"Laptop Pro 14""",2079,8,743
ORD-001439,2025-03-25,Standard Class,Corporate,Europe,Accessories,USB-C Hub 7-in-1,497,4,183
ORD-001440,2025-09-17,Standard Class,Education,Europe,Office Supplies,Laptop Cooling Stand,293,6,72
ORD-001441,2025-07-25,Second Class,Corporate,Middle East,Gadgets,Gaming Mouse RGB,737,1,102
ORD-001442,2024-08-15,Express,Government,Middle East,Electronics,Laptop Cooling Stand,1038,6,331
ORD-001443,2024-05-08,First Class,Small Business,Africa,Gadgets,Wireless Charger Pad,433,8,90
ORD-001444,2025-03-23,Same Day,Consumer,Africa,Electronics,External SSD 1TB,484,4,40
ORD-001445,2025-09-22,Second Class,Consumer,Middle East,Gadgets,USB-C Hub 7-in-1,1349,5,116
ORD-001446,2024-10-04,Second Class,Education,Europe,Office Supplies,Smartphone Ultra,470,7,116
ORD-001447,2024-03-12,First Class,Small Business,Europe,Furniture,Wireless Noise Cancelling Headphones,2162,4,680
ORD-001448,2025-07-26,Express,Home Office,Africa,Office Supplies,Privacy Screen Protector,799,5,229
ORD-001449,2024-09-22,Standard Class,Government,Europe,Accessories,"Monitor 27"" 4K",2059,8,651
ORD-001450,2025-11-24,First Class,Home Office,Europe,Office Supplies,Bluetooth Speaker,672,2,202
ORD-001451,2024-10-17,Standard Class,Corporate,South America,Office Supplies,"Tablet Air 11""",2383,2,361
ORD-001452,2024-04-01,Second Class,Consumer,South America,Electronics,Gaming Mouse RGB,1232,5,361
ORD-001453,2024-05-07,Standard Class,Corporate,Europe,Furniture,Privacy Screen Protector,1322,1,398
ORD-001454,2024-10-08,Standard Class,Government,Asia Pacific,Electronics,Mechanical Keyboard,1301,4,541
ORD-001455,2024-10-25,Standard Class,Consumer,Asia Pacific,Furniture,Gaming Mouse RGB,1111,5,202
ORD-001456,2025-09-13,Express,Small Business,Middle East,Furniture,"Tablet Air 11""",1271,2,135
ORD-001457,2024-12-12,Express,Small Business,South America,Gadgets,Bluetooth Speaker,2265,5,525
ORD-001458,2025-05-12,Express,Corporate,South America,Accessories,"Laptop Pro 14""",1780,3,227
ORD-001459,2024-03-15,First Class,Government,Asia Pacific,Gadgets,"Monitor 27"" 4K",2158,2,795
ORD-001460,2024-03-31,First Class,Home Office,North America,Accessories,"Tablet Air 11""",679,6,179
ORD-001461,2025-01-28,Same Day,Government,Africa,Gadgets,Ergonomic Desk Chair,759,4,316
ORD-001462,2024-08-29,Standard Class,Consumer,Europe,Gadgets,"Laptop Pro 14""",1900,5,799
ORD-001463,2024-04-14,Same Day,Consumer,Middle East,Accessories,Mechanical Keyboard,1193,1,443
ORD-001464,2025-06-04,Express,Education,Africa,Furniture,Smartphone Ultra,194,5,68
ORD-001465,2025-08-07,First Class,Corporate,South America,Electronics,Standing Desk Frame,1190,6,474
ORD-001466,2025-02-04,Second Class,Education,Europe,Office Supplies,Bluetooth Speaker,1650,7,492
ORD-001467,2024-07-19,Standard Class,Government,Asia Pacific,Office Supplies,Bluetooth Speaker,687,2,64
ORD-001468,2024-08-25,Same Day,Corporate,Europe,Accessories,Smart Home Hub,1243,6,324
ORD-001469,2024-01-04,Standard Class,Consumer,Europe,Furniture,Phone Case MagSafe,1694,2,658
ORD-001470,2025-02-14,Same Day,Government,Africa,Office Supplies,Smart Home Hub,2309,3,861
ORD-001471,2025-08-12,Second Class,Consumer,Africa,Furniture,USB-C Hub 7-in-1,1855,4,728
ORD-001472,2025-09-28,Standard Class,Home Office,South America,Office Supplies,Privacy Screen Protector,2017,3,206
ORD-001473,2024-01-31,Standard Class,Consumer,Africa,Office Supplies,Phone Case MagSafe,748,7,284
ORD-001474,2024-05-21,First Class,Home Office,Africa,Gadgets,External SSD 1TB,1960,1,800
ORD-001475,2024-10-11,Same Day,Small Business,Europe,Accessories,Smart Home Hub,1559,6,352
ORD-001476,2025-06-15,Express,Corporate,Europe,Electronics,Smart Home Hub,1701,3,160
ORD-001477,2025-09-30,Express,Home Office,Europe,Accessories,Laptop Cooling Stand,2515,7,861
ORD-001478,2025-10-15,Same Day,Government,South America,Furniture,Bluetooth Speaker,1397,1,397
ORD-001479,2024-09-26,Second Class,Education,South America,Office Supplies,Bluetooth Speaker,666,7,117
ORD-001480,2024-06-19,Same Day,Home Office,Middle East,Accessories,Wireless Noise Cancelling Headphones,2191,3,421
ORD-001481,2024-04-12,Same Day,Education,Middle East,Furniture,Smartphone Ultra,227,6,30
ORD-001482,2024-06-19,Second Class,Home Office,Africa,Electronics,Smart Home Hub,1147,4,183
ORD-001483,2024-09-30,Express,Government,South America,Gadgets,Smart Home Hub,158,3,58
ORD-001484,2024-07-26,First Class,Corporate,Europe,Furniture,External SSD 1TB,1590,3,273
ORD-001485,2025-01-06,First Class,Government,Asia Pacific,Gadgets,Smartphone Ultra,1438,6,527
ORD-001486,2025-05-17,Standard Class,Government,Asia Pacific,Furniture,Smart Watch Series 5,268,5,85
ORD-001487,2024-12-14,Express,Corporate,North America,Gadgets,USB-C Hub 7-in-1,1009,3,233
ORD-001488,2024-07-27,Standard Class,Consumer,North America,Gadgets,Bluetooth Speaker,617,8,177
ORD-001489,2024-03-26,Same Day,Small Business,Asia Pacific,Accessories,External SSD 1TB,689,8,173
ORD-001490,2025-05-17,Express,Government,Europe,Office Supplies,4K Webcam,657,1,261
ORD-001491,2024-08-20,Second Class,Education,North America,Furniture,USB-C Hub 7-in-1,2114,4,198
ORD-001492,2024-12-25,Express,Government,Asia Pacific,Electronics,Wireless Noise Cancelling Headphones,1674,5,401
ORD-001493,2025-04-01,Second Class,Education,Africa,Electronics,USB-C Hub 7-in-1,434,4,120
ORD-001494,2025-07-08,Standard Class,Corporate,Europe,Office Supplies,"Monitor 27"" 4K",2227,2,280
ORD-001495,2025-10-19,Second Class,Small Business,South America,Furniture,USB-C Hub 7-in-1,1018,7,293
ORD-001496,2025-10-10,Second Class,Government,Africa,Accessories,Smartphone Ultra,2156,7,795
ORD-001497,2025-12-05,Standard Class,Government,Middle East,Electronics,Wireless Charger Pad,120,5,22
ORD-001498,2024-07-01,Standard Class,Home Office,North America,Gadgets,Phone Case MagSafe,2044,7,372
ORD-001499,2024-01-11,Express,Small Business,Asia Pacific,Gadgets,Standing Desk Frame,2059,2,722
ORD-001500,2024-02-24,Standard Class,Education,North America,Electronics,Standing Desk Frame,2428,4,684
ORD-001501,2025-06-17,Standard Class,Government,Asia Pacific,Office Supplies,Wireless Charger Pad,1973,7,353
ORD-001502,2025-11-02,Same Day,Corporate,South America,Office Supplies,Wireless Charger Pad,497,4,97
ORD-001503,2024-03-11,Standard Class,Education,Africa,Furniture,"Laptop Pro 14""",547,5,116
ORD-001504,2025-03-09,First Class,Government,Africa,Office Supplies,Privacy Screen Protector,70,5,20
ORD-001505,2025-09-06,Second Class,Small Business,South America,Electronics,Bluetooth Speaker,1959,5,400
ORD-001506,2025-04-13,Express,Education,South America,Electronics,Standing Desk Frame,1795,4,709
ORD-001507,2025-06-29,Express,Education,South America,Electronics,"Laptop Pro 14""",1410,4,525
ORD-001508,2024-03-18,Second Class,Small Business,North America,Gadgets,Wireless Noise Cancelling Headphones,1738,7,326
ORD-001509,2025-05-03,Standard Class,Education,Asia Pacific,Office Supplies,Smartphone Ultra,1211,6,248
ORD-001510,2024-08-24,Standard Class,Education,North America,Office Supplies,Wireless Noise Cancelling Headphones,1266,6,308
ORD-001511,2025-06-21,Standard Class,Corporate,Africa,Office Supplies,Laptop Cooling Stand,1538,5,628
ORD-001512,2025-06-24,First Class,Education,Africa,Accessories,USB-C Hub 7-in-1,1052,3,431
ORD-001513,2024-12-19,Same Day,Corporate,Asia Pacific,Office Supplies,Smart Home Hub,2392,2,566
ORD-001514,2024-03-30,First Class,Home Office,Europe,Office Supplies,Wireless Charger Pad,1145,2,358
ORD-001515,2025-03-20,Second Class,Home Office,Middle East,Gadgets,Smart Watch Series 5,1776,6,725
ORD-001516,2025-11-14,Express,Education,South America,Office Supplies,Wireless Charger Pad,265,6,104
ORD-001517,2025-04-15,First Class,Education,Middle East,Electronics,"Monitor 27"" 4K",1449,4,237
ORD-001518,2025-05-11,First Class,Government,Africa,Electronics,Bluetooth Speaker,1413,6,534
ORD-001519,2024-09-16,First Class,Small Business,Middle East,Accessories,Smartphone Ultra,1623,7,675
ORD-001520,2025-04-14,Same Day,Consumer,Europe,Office Supplies,Smart Watch Series 5,2128,6,565
ORD-001521,2024-11-02,Standard Class,Corporate,Middle East,Accessories,Standing Desk Frame,2268,5,923
ORD-001522,2024-05-21,Second Class,Small Business,South America,Electronics,Smart Home Hub,1298,3,465
ORD-001523,2025-01-09,First Class,Small Business,South America,Office Supplies,4K Webcam,727,2,154
ORD-001524,2024-12-14,Express,Small Business,Europe,Office Supplies,Smart Watch Series 5,946,1,221
ORD-001525,2024-12-10,Standard Class,Government,Middle East,Accessories,Mechanical Keyboard,446,5,181
ORD-001526,2025-01-30,First Class,Education,Africa,Gadgets,Smart Watch Series 5,1053,7,188
ORD-001527,2025-10-25,First Class,Government,Europe,Accessories,Smartphone Ultra,2142,5,877
ORD-001528,2024-11-23,Second Class,Education,North America,Furniture,Mechanical Keyboard,2401,3,666
ORD-001529,2025-01-30,Express,Education,South America,Accessories,Wireless Charger Pad,961,6,303
ORD-001530,2024-01-05,Second Class,Education,North America,Office Supplies,Privacy Screen Protector,2276,2,303
ORD-001531,2024-02-04,Standard Class,Consumer,Africa,Accessories,4K Webcam,1614,5,340
ORD-001532,2025-12-23,First Class,Consumer,Asia Pacific,Furniture,Wireless Charger Pad,267,5,106
ORD-001533,2024-07-10,Second Class,Small Business,Asia Pacific,Electronics,Smart Watch Series 5,1687,8,189
ORD-001534,2024-10-31,First Class,Consumer,North America,Office Supplies,Bluetooth Speaker,1624,3,410
ORD-001535,2024-07-04,Same Day,Home Office,Asia Pacific,Furniture,Privacy Screen Protector,2433,4,442
ORD-001536,2024-11-24,First Class,Government,South America,Office Supplies,Fitness Tracker Band,1593,2,644
ORD-001537,2024-12-11,Express,Corporate,Europe,Furniture,External SSD 1TB,741,6,66
ORD-001538,2024-07-28,Express,Government,Middle East,Accessories,Phone Case MagSafe,92,4,35
ORD-001539,2025-11-26,First Class,Government,North America,Electronics,Mechanical Keyboard,1102,6,370
ORD-001540,2025-11-01,First Class,Small Business,Middle East,Electronics,Fitness Tracker Band,1074,7,431
ORD-001541,2024-10-19,Standard Class,Home Office,Asia Pacific,Office Supplies,Smart Watch Series 5,2413,1,729
ORD-001542,2024-04-13,Same Day,Government,South America,Accessories,USB-C Hub 7-in-1,278,7,90
ORD-001543,2025-10-11,Express,Home Office,Middle East,Office Supplies,Smart Home Hub,2286,6,690
ORD-001544,2024-02-11,Second Class,Government,North America,Furniture,Smart Home Hub,1020,3,86
ORD-001545,2024-12-31,Express,Corporate,Middle East,Office Supplies,Wireless Charger Pad,519,4,133
ORD-001546,2025-03-30,First Class,Government,Africa,Furniture,Privacy Screen Protector,2469,5,1053
ORD-001547,2025-01-12,First Class,Small Business,Europe,Gadgets,External SSD 1TB,227,5,42
ORD-001548,2025-10-21,Express,Corporate,Middle East,Office Supplies,Mechanical Keyboard,275,5,62
ORD-001549,2024-03-20,Same Day,Small Business,South America,Furniture,"Monitor 27"" 4K",628,2,167
ORD-001550,2024-10-24,Express,Government,Africa,Gadgets,"Monitor 27"" 4K",444,5,96
ORD-001551,2024-11-13,First Class,Consumer,Middle East,Furniture,Smart Watch Series 5,571,3,56
ORD-001552,2024-06-08,Standard Class,Home Office,Asia Pacific,Office Supplies,"Monitor 27"" 4K",1839,6,785
ORD-001553,2025-05-02,Express,Home Office,Asia Pacific,Gadgets,External SSD 1TB,342,8,138
ORD-001554,2024-10-20,First Class,Education,South America,Gadgets,Smartphone Ultra,65,5,27
ORD-001555,2025-10-25,Standard Class,Government,North America,Office Supplies,Wireless Noise Cancelling Headphones,1190,7,139
ORD-001556,2025-04-21,Same Day,Home Office,Middle East,Furniture,Phone Case MagSafe,196,2,58
ORD-001557,2025-06-15,Express,Corporate,Europe,Office Supplies,Bluetooth Speaker,1790,3,337
ORD-001558,2024-10-08,Standard Class,Home Office,Middle East,Accessories,Smartphone Ultra,1097,2,303
ORD-001559,2025-05-12,First Class,Corporate,Middle East,Electronics,Ergonomic Desk Chair,274,1,31
ORD-001560,2025-05-21,Express,Education,South America,Gadgets,Wireless Charger Pad,1534,7,383
ORD-001561,2025-04-12,Standard Class,Corporate,North America,Accessories,Laptop Cooling Stand,1845,4,527
ORD-001562,2025-10-11,First Class,Corporate,Europe,Accessories,4K Webcam,228,8,42
ORD-001563,2025-06-04,First Class,Corporate,Asia Pacific,Electronics,Bluetooth Speaker,1637,6,431
ORD-001564,2025-11-25,Same Day,Consumer,Africa,Office Supplies,"Tablet Air 11""",64,5,21
ORD-001565,2024-07-29,First Class,Small Business,Africa,Accessories,Mechanical Keyboard,229,8,34
ORD-001566,2024-03-13,Same Day,Corporate,Middle East,Furniture,USB-C Hub 7-in-1,1754,4,442
ORD-001567,2025-11-17,Second Class,Consumer,South America,Office Supplies,Smartphone Ultra,1887,6,527
ORD-001568,2024-11-08,Second Class,Home Office,North America,Office Supplies,Laptop Cooling Stand,1271,6,175
ORD-001569,2024-04-30,Second Class,Small Business,Middle East,Accessories,Smart Watch Series 5,1107,2,285
ORD-001570,2025-02-10,Second Class,Consumer,Europe,Gadgets,Bluetooth Speaker,1058,5,395
ORD-001571,2025-11-11,Standard Class,Education,South America,Furniture,External SSD 1TB,2134,6,911
ORD-001572,2024-04-05,Express,Consumer,Asia Pacific,Office Supplies,4K Webcam,2025,1,189
ORD-001573,2025-05-07,First Class,Home Office,Africa,Office Supplies,Mechanical Keyboard,1163,7,240
ORD-001574,2025-01-20,Express,Consumer,Europe,Electronics,Standing Desk Frame,2251,1,602
ORD-001575,2025-08-17,Standard Class,Home Office,Europe,Electronics,Standing Desk Frame,1226,7,503
ORD-001576,2024-05-14,Express,Education,South America,Office Supplies,"Monitor 27"" 4K",2382,7,772
ORD-001577,2025-03-24,Express,Consumer,Europe,Office Supplies,Mechanical Keyboard,2007,2,635
ORD-001578,2025-07-09,Standard Class,Small Business,North America,Furniture,Laptop Cooling Stand,600,5,151
ORD-001579,2025-06-13,First Class,Education,Asia Pacific,Electronics,Wireless Charger Pad,1694,2,180
ORD-001580,2024-11-16,Express,Government,North America,Office Supplies,"Laptop Pro 14""",229,7,24
ORD-001581,2025-04-11,First Class,Home Office,Africa,Electronics,"Laptop Pro 14""",568,3,205
ORD-001582,2025-04-18,Second Class,Education,Europe,Electronics,Fitness Tracker Band,811,2,164
ORD-001583,2024-05-03,Second Class,Consumer,Asia Pacific,Gadgets,Smart Watch Series 5,1728,7,536
ORD-001584,2025-07-10,First Class,Corporate,South America,Electronics,USB-C Hub 7-in-1,958,4,93
ORD-001585,2025-02-05,First Class,Home Office,Middle East,Electronics,USB-C Hub 7-in-1,2296,2,493
ORD-001586,2024-07-14,Second Class,Consumer,Asia Pacific,Accessories,Phone Case MagSafe,2169,8,752
ORD-001587,2025-10-24,Standard Class,Consumer,North America,Gadgets,Fitness Tracker Band,1398,5,265
ORD-001588,2024-03-28,Standard Class,Corporate,Africa,Gadgets,Fitness Tracker Band,276,6,52
ORD-001589,2025-01-22,First Class,Education,Middle East,Gadgets,Wireless Charger Pad,204,3,25
ORD-001590,2025-01-18,Standard Class,Corporate,Africa,Furniture,4K Webcam,1157,8,439
ORD-001591,2025-02-08,Second Class,Government,South America,Electronics,"Laptop Pro 14""",337,3,99
ORD-001592,2024-06-21,Express,Consumer,South America,Electronics,External SSD 1TB,1485,2,145
ORD-001593,2024-04-15,Same Day,Consumer,Asia Pacific,Furniture,Bluetooth Speaker,842,5,237
ORD-001594,2025-06-12,Second Class,Small Business,Asia Pacific,Furniture,"Laptop Pro 14""",218,2,89
ORD-001595,2024-11-14,Standard Class,Home Office,South America,Accessories,Smartphone Ultra,2088,4,524
ORD-001596,2025-05-01,Same Day,Home Office,South America,Furniture,"Tablet Air 11""",1342,4,561
ORD-001597,2024-08-03,Standard Class,Education,Middle East,Furniture,USB-C Hub 7-in-1,464,6,87
ORD-001598,2025-03-29,Same Day,Government,Middle East,Gadgets,USB-C Hub 7-in-1,467,3,185
ORD-001599,2025-02-19,Same Day,Education,South America,Furniture,Ergonomic Desk Chair,1270,5,485
ORD-001600,2024-09-06,Express,Education,South America,Office Supplies,Standing Desk Frame,494,7,189
ORD-001601,2025-09-11,Standard Class,Corporate,North America,Gadgets,Gaming Mouse RGB,1957,7,202
ORD-001602,2024-10-01,Standard Class,Corporate,South America,Office Supplies,Mechanical Keyboard,2058,4,401
ORD-001603,2024-02-08,Second Class,Consumer,South America,Electronics,"Monitor 27"" 4K",2327,5,995
ORD-001604,2024-01-31,First Class,Education,North America,Gadgets,Standing Desk Frame,1899,3,538
ORD-001605,2024-12-10,Same Day,Small Business,North America,Electronics,Standing Desk Frame,701,6,124
ORD-001606,2025-02-06,Standard Class,Government,Middle East,Office Supplies,USB-C Hub 7-in-1,391,6,54
ORD-001607,2025-03-11,Same Day,Consumer,South America,Electronics,Smartphone Ultra,1768,1,277
ORD-001608,2024-10-03,Same Day,Education,South America,Electronics,Mechanical Keyboard,1731,3,153
ORD-001609,2025-09-18,First Class,Corporate,Africa,Furniture,"Laptop Pro 14""",599,3,241
ORD-001610,2025-12-04,Express,Government,Middle East,Furniture,4K Webcam,608,3,118
ORD-001611,2025-08-23,First Class,Education,Middle East,Accessories,Privacy Screen Protector,1968,8,514
ORD-001612,2025-12-22,Standard Class,Education,Asia Pacific,Office Supplies,Privacy Screen Protector,1729,8,509
ORD-001613,2025-05-01,First Class,Education,Africa,Accessories,External SSD 1TB,1612,4,499
ORD-001614,2024-07-29,Standard Class,Home Office,Africa,Accessories,Bluetooth Speaker,1429,5,346
ORD-001615,2024-09-27,Same Day,Corporate,Europe,Accessories,4K Webcam,904,8,309
ORD-001616,2024-03-07,Express,Home Office,Middle East,Electronics,Smart Home Hub,528,8,71
ORD-001617,2024-01-02,Standard Class,Government,Europe,Furniture,Wireless Noise Cancelling Headphones,776,6,313
ORD-001618,2024-03-14,Second Class,Education,Asia Pacific,Electronics,Wireless Noise Cancelling Headphones,449,5,107
ORD-001619,2024-10-17,Standard Class,Corporate,Middle East,Gadgets,Fitness Tracker Band,362,7,51
ORD-001620,2025-06-24,Standard Class,Small Business,North America,Office Supplies,"Tablet Air 11""",117,2,10
ORD-001621,2024-10-10,First Class,Government,Africa,Gadgets,Wireless Noise Cancelling Headphones,514,4,74
ORD-001622,2024-12-23,Second Class,Corporate,Africa,Accessories,4K Webcam,574,5,243
ORD-001623,2024-07-11,Standard Class,Corporate,Middle East,Office Supplies,Laptop Cooling Stand,1430,4,423
ORD-001624,2025-08-02,First Class,Education,South America,Office Supplies,Standing Desk Frame,1030,3,177
ORD-001625,2025-09-09,First Class,Government,Asia Pacific,Electronics,Phone Case MagSafe,758,5,204
ORD-001626,2024-11-29,Standard Class,Education,Asia Pacific,Electronics,Smart Watch Series 5,2237,2,400
ORD-001627,2025-08-13,Standard Class,Consumer,Europe,Furniture,Smartphone Ultra,2095,2,583
ORD-001628,2025-03-09,Express,Government,South America,Office Supplies,Phone Case MagSafe,2354,5,485
ORD-001629,2025-02-13,Same Day,Consumer,Africa,Accessories,"Laptop Pro 14""",123,3,30
ORD-001630,2025-01-09,Express,Education,Asia Pacific,Gadgets,Bluetooth Speaker,2130,4,426
ORD-001631,2025-09-04,First Class,Home Office,South America,Gadgets,4K Webcam,698,2,206
ORD-001632,2024-02-24,Express,Small Business,North America,Office Supplies,Wireless Charger Pad,2317,3,540
ORD-001633,2025-06-29,Second Class,Government,Africa,Accessories,Gaming Mouse RGB,2201,6,797
ORD-001634,2024-10-15,Express,Small Business,Europe,Office Supplies,Standing Desk Frame,998,3,115
ORD-001635,2025-05-23,Second Class,Corporate,Middle East,Office Supplies,Smartphone Ultra,1710,5,177
ORD-001636,2025-03-05,Express,Home Office,Europe,Gadgets,Wireless Charger Pad,478,5,190
ORD-001637,2025-02-22,Second Class,Education,Africa,Electronics,Wireless Noise Cancelling Headphones,709,6,263
ORD-001638,2025-04-03,First Class,Consumer,Africa,Gadgets,Standing Desk Frame,553,3,186
ORD-001639,2024-03-16,First Class,Small Business,Asia Pacific,Accessories,"Tablet Air 11""",1457,6,253
ORD-001640,2024-11-17,First Class,Government,South America,Gadgets,Smart Home Hub,2015,7,420
ORD-001641,2024-09-07,Express,Home Office,Africa,Gadgets,"Laptop Pro 14""",2233,5,291
ORD-001642,2025-06-08,First Class,Government,Africa,Electronics,Wireless Noise Cancelling Headphones,704,6,69
ORD-001643,2024-05-02,Standard Class,Small Business,South America,Gadgets,Gaming Mouse RGB,2247,2,672
ORD-001644,2024-04-09,Same Day,Government,Middle East,Furniture,"Laptop Pro 14""",2463,8,256
ORD-001645,2025-06-14,Second Class,Home Office,Europe,Office Supplies,Ergonomic Desk Chair,1463,7,368
ORD-001646,2024-11-21,Same Day,Education,Middle East,Furniture,Smart Home Hub,1081,3,428
ORD-001647,2024-10-18,Second Class,Education,North America,Gadgets,Phone Case MagSafe,2397,1,432
ORD-001648,2024-01-15,Second Class,Home Office,North America,Gadgets,Wireless Noise Cancelling Headphones,2179,4,652
ORD-001649,2025-12-20,Express,Small Business,South America,Office Supplies,Phone Case MagSafe,2480,2,471
ORD-001650,2025-04-26,Express,Education,Europe,Electronics,Laptop Cooling Stand,1275,6,456
ORD-001651,2024-02-18,Second Class,Home Office,South America,Furniture,External SSD 1TB,596,1,244
ORD-001652,2024-03-08,Standard Class,Home Office,Asia Pacific,Office Supplies,Laptop Cooling Stand,1416,6,286
ORD-001653,2024-03-16,Express,Education,Europe,Accessories,Fitness Tracker Band,2358,6,243
ORD-001654,2025-01-06,Express,Government,North America,Accessories,Standing Desk Frame,819,8,288
ORD-001655,2025-08-13,Standard Class,Small Business,Africa,Gadgets,Phone Case MagSafe,1385,5,202
ORD-001656,2025-08-29,Standard Class,Small Business,South America,Gadgets,Gaming Mouse RGB,2019,2,697
ORD-001657,2024-09-21,Second Class,Home Office,Europe,Gadgets,Smartphone Ultra,2370,1,567
ORD-001658,2024-01-17,Standard Class,Education,Middle East,Accessories,"Laptop Pro 14""",1347,8,189
ORD-001659,2025-01-03,Express,Education,Asia Pacific,Office Supplies,4K Webcam,1980,6,168
ORD-001660,2024-01-18,First Class,Small Business,North America,Office Supplies,Wireless Noise Cancelling Headphones,658,4,226
ORD-001661,2024-12-27,First Class,Corporate,Middle East,Furniture,Gaming Mouse RGB,618,3,165
ORD-001662,2024-06-18,Standard Class,Home Office,Asia Pacific,Office Supplies,Wireless Noise Cancelling Headphones,2543,5,310
ORD-001663,2024-09-16,Second Class,Corporate,Europe,Electronics,Wireless Noise Cancelling Headphones,2347,7,618
ORD-001664,2025-11-14,Second Class,Education,North America,Electronics,Phone Case MagSafe,812,1,144
ORD-001665,2025-07-15,Same Day,Corporate,Africa,Gadgets,Laptop Cooling Stand,1206,2,443
ORD-001666,2025-05-08,Standard Class,Corporate,Europe,Furniture,Smart Watch Series 5,1560,5,651
ORD-001667,2025-10-05,Same Day,Government,Middle East,Electronics,"Monitor 27"" 4K",1094,3,194
ORD-001668,2025-07-21,Second Class,Small Business,South America,Office Supplies,Smartphone Ultra,382,5,120
ORD-001669,2025-02-15,Express,Education,Africa,Office Supplies,Gaming Mouse RGB,155,8,26
ORD-001670,2025-09-08,Second Class,Home Office,North America,Electronics,"Monitor 27"" 4K",2270,2,229
ORD-001671,2024-05-29,First Class,Corporate,North America,Electronics,"Laptop Pro 14""",816,5,300
ORD-001672,2024-06-20,Same Day,Education,South America,Electronics,USB-C Hub 7-in-1,2201,1,596
ORD-001673,2025-12-24,First Class,Education,Europe,Furniture,Smart Home Hub,1107,2,272
ORD-001674,2024-02-23,Standard Class,Small Business,North America,Accessories,USB-C Hub 7-in-1,1089,3,125
ORD-001675,2024-04-14,Express,Government,Middle East,Furniture,Ergonomic Desk Chair,1903,8,293
ORD-001676,2024-08-31,First Class,Government,Europe,Furniture,Standing Desk Frame,1007,6,261
ORD-001677,2025-08-19,Second Class,Small Business,North America,Office Supplies,Wireless Charger Pad,1175,1,213
ORD-001678,2025-01-09,Standard Class,Small Business,Africa,Office Supplies,Privacy Screen Protector,2083,1,381
ORD-001679,2025-02-12,Same Day,Education,Europe,Electronics,Smart Watch Series 5,1080,2,406
ORD-001680,2025-08-01,Second Class,Corporate,Africa,Furniture,USB-C Hub 7-in-1,1895,3,182
ORD-001681,2025-04-29,Standard Class,Education,South America,Office Supplies,Fitness Tracker Band,1049,4,293
ORD-001682,2024-11-29,Standard Class,Corporate,Asia Pacific,Electronics,4K Webcam,1966,1,804
ORD-001683,2025-10-16,Standard Class,Corporate,South America,Furniture,USB-C Hub 7-in-1,323,1,75
ORD-001684,2024-01-13,First Class,Consumer,Europe,Electronics,External SSD 1TB,2238,6,235
ORD-001685,2025-09-18,Standard Class,Consumer,Europe,Accessories,Bluetooth Speaker,1091,2,468
ORD-001686,2025-11-20,Standard Class,Corporate,North America,Gadgets,Smart Home Hub,2283,6,922
ORD-001687,2025-06-21,Second Class,Corporate,South America,Office Supplies,Ergonomic Desk Chair,600,8,209
ORD-001688,2025-01-27,Second Class,Consumer,North America,Office Supplies,Laptop Cooling Stand,863,5,348
ORD-001689,2024-05-17,Express,Small Business,Europe,Gadgets,Ergonomic Desk Chair,711,5,280
ORD-001690,2024-01-27,Express,Home Office,Europe,Electronics,Fitness Tracker Band,2428,8,906
ORD-001691,2024-05-16,Second Class,Government,Africa,Gadgets,4K Webcam,2079,7,728
ORD-001692,2024-08-08,Express,Home Office,Middle East,Gadgets,Wireless Charger Pad,2154,7,789
ORD-001693,2025-08-13,First Class,Small Business,Middle East,Office Supplies,Phone Case MagSafe,154,2,60
ORD-001694,2024-09-01,Second Class,Corporate,South America,Electronics,"Laptop Pro 14""",217,8,60
ORD-001695,2024-02-27,Same Day,Corporate,Africa,Accessories,"Tablet Air 11""",1829,1,546
ORD-001696,2025-06-22,First Class,Education,South America,Gadgets,Ergonomic Desk Chair,622,5,182
ORD-001697,2024-12-04,Same Day,Education,Europe,Gadgets,Phone Case MagSafe,1785,3,478
ORD-001698,2024-05-11,Second Class,Consumer,North America,Accessories,Smart Home Hub,1789,2,551
ORD-001699,2024-08-15,Express,Small Business,Middle East,Furniture,"Laptop Pro 14""",1407,4,374
ORD-001700,2024-11-28,Express,Home Office,Europe,Electronics,Standing Desk Frame,1365,5,392
ORD-001701,2024-07-29,Standard Class,Government,South America,Accessories,Smart Home Hub,204,5,66
ORD-001702,2024-08-10,Same Day,Government,Europe,Electronics,"Monitor 27"" 4K",2051,2,274
ORD-001703,2025-01-23,Express,Home Office,South America,Electronics,4K Webcam,1278,4,522
ORD-001704,2025-12-02,Second Class,Education,Asia Pacific,Accessories,Privacy Screen Protector,2508,8,230
ORD-001705,2024-09-23,Express,Government,Middle East,Office Supplies,4K Webcam,1303,7,154
ORD-001706,2024-01-08,Same Day,Corporate,Africa,Furniture,4K Webcam,1002,5,187
ORD-001707,2024-02-02,First Class,Small Business,Asia Pacific,Furniture,Smart Home Hub,952,8,322
ORD-001708,2024-10-08,First Class,Education,Middle East,Office Supplies,Wireless Noise Cancelling Headphones,749,7,310
ORD-001709,2025-09-17,First Class,Education,Europe,Electronics,"Tablet Air 11""",966,8,249
ORD-001710,2024-05-06,Second Class,Small Business,North America,Accessories,Fitness Tracker Band,1467,4,350
ORD-001711,2025-02-08,Second Class,Education,South America,Accessories,Ergonomic Desk Chair,1577,4,444
ORD-001712,2024-05-02,Same Day,Consumer,Middle East,Accessories,External SSD 1TB,2168,4,336
ORD-001713,2025-08-05,Standard Class,Home Office,Africa,Furniture,Smartphone Ultra,348,3,140
ORD-001714,2025-07-14,Second Class,Home Office,Europe,Accessories,Wireless Noise Cancelling Headphones,1866,5,733
ORD-001715,2024-09-26,Standard Class,Consumer,Africa,Office Supplies,Phone Case MagSafe,2362,7,815
ORD-001716,2024-10-05,First Class,Education,Africa,Office Supplies,Fitness Tracker Band,1389,3,540
ORD-001717,2024-08-25,Standard Class,Home Office,South America,Electronics,"Tablet Air 11""",2353,3,914
ORD-001718,2024-02-16,Same Day,Home Office,Asia Pacific,Electronics,Bluetooth Speaker,1755,2,197
ORD-001719,2025-12-11,Second Class,Government,South America,Accessories,Smart Watch Series 5,2061,8,262
ORD-001720,2024-04-30,Second Class,Home Office,South America,Gadgets,Phone Case MagSafe,1864,3,597
ORD-001721,2025-01-12,Express,Home Office,Middle East,Electronics,Laptop Cooling Stand,2084,6,470
ORD-001722,2024-04-11,Same Day,Home Office,Middle East,Office Supplies,Fitness Tracker Band,1070,4,90
ORD-001723,2025-08-19,Standard Class,Home Office,Africa,Gadgets,"Monitor 27"" 4K",1499,4,568
ORD-001724,2024-05-18,Same Day,Government,Africa,Furniture,"Laptop Pro 14""",1473,1,184
ORD-001725,2025-02-25,Second Class,Small Business,Africa,Office Supplies,4K Webcam,1117,4,132
ORD-001726,2025-02-27,Same Day,Corporate,North America,Accessories,Smart Home Hub,2273,7,727
ORD-001727,2024-06-17,Second Class,Education,Africa,Accessories,Ergonomic Desk Chair,1739,1,248
ORD-001728,2024-01-02,Same Day,Consumer,Africa,Gadgets,"Monitor 27"" 4K",792,8,248
ORD-001729,2024-11-13,Standard Class,Consumer,Asia Pacific,Gadgets,"Monitor 27"" 4K",2549,2,903
ORD-001730,2025-04-27,Second Class,Small Business,Middle East,Office Supplies,Gaming Mouse RGB,2532,8,624
ORD-001731,2024-08-02,Standard Class,Small Business,Europe,Office Supplies,Bluetooth Speaker,1756,8,593
ORD-001732,2025-06-02,First Class,Home Office,Europe,Office Supplies,Laptop Cooling Stand,352,3,93
ORD-001733,2024-09-21,First Class,Corporate,Europe,Accessories,Ergonomic Desk Chair,2057,3,216
ORD-001734,2025-07-22,Standard Class,Consumer,South America,Office Supplies,Wireless Noise Cancelling Headphones,263,5,86
ORD-001735,2024-11-19,Express,Consumer,Middle East,Electronics,Smart Watch Series 5,1481,6,269
ORD-001736,2025-09-23,Second Class,Corporate,Africa,Gadgets,Wireless Charger Pad,2361,5,245
ORD-001737,2025-03-22,Same Day,Home Office,Europe,Furniture,Fitness Tracker Band,1382,8,406
ORD-001738,2025-10-14,Standard Class,Corporate,Africa,Accessories,Ergonomic Desk Chair,1179,7,479
ORD-001739,2024-06-22,Express,Small Business,North America,Gadgets,Privacy Screen Protector,2194,6,556
ORD-001740,2024-01-24,Second Class,Consumer,Europe,Furniture,Fitness Tracker Band,901,3,192
ORD-001741,2024-09-07,Express,Small Business,Middle East,Gadgets,Bluetooth Speaker,576,5,89
ORD-001742,2025-10-11,Same Day,Government,Asia Pacific,Office Supplies,"Tablet Air 11""",2218,5,611
ORD-001743,2024-12-10,Express,Home Office,Asia Pacific,Electronics,Smart Watch Series 5,1949,4,507
ORD-001744,2025-10-02,Second Class,Home Office,Middle East,Accessories,USB-C Hub 7-in-1,842,1,332
ORD-001745,2024-12-17,Same Day,Consumer,Middle East,Office Supplies,Wireless Noise Cancelling Headphones,380,5,37
ORD-001746,2024-08-08,Same Day,Government,Middle East,Accessories,Phone Case MagSafe,2142,5,759
ORD-001747,2024-06-20,Same Day,Government,North America,Furniture,Bluetooth Speaker,2078,2,511
ORD-001748,2024-04-17,Standard Class,Small Business,Africa,Office Supplies,Smart Home Hub,1673,5,488
ORD-001749,2025-02-10,Second Class,Home Office,North America,Furniture,External SSD 1TB,1320,1,220
ORD-001750,2025-02-05,First Class,Education,Africa,Electronics,Ergonomic Desk Chair,473,2,174
ORD-001751,2024-05-04,Standard Class,Home Office,South America,Gadgets,Mechanical Keyboard,1402,1,574
ORD-001752,2024-07-29,Standard Class,Corporate,Asia Pacific,Office Supplies,USB-C Hub 7-in-1,2118,4,509
ORD-001753,2024-09-18,Same Day,Government,Middle East,Furniture,Fitness Tracker Band,1160,5,344
ORD-001754,2024-07-24,Express,Small Business,Africa,Gadgets,Mechanical Keyboard,2117,4,673
ORD-001755,2025-10-19,Second Class,Education,Middle East,Accessories,"Tablet Air 11""",849,2,238
ORD-001756,2024-09-07,Second Class,Corporate,Africa,Accessories,Wireless Noise Cancelling Headphones,2194,5,936
ORD-001757,2024-10-01,Second Class,Government,North America,Gadgets,Smart Watch Series 5,523,8,211
ORD-001758,2025-03-15,First Class,Education,Europe,Gadgets,Smart Home Hub,1778,6,463
ORD-001759,2024-12-11,First Class,Consumer,Europe,Office Supplies,Laptop Cooling Stand,1004,5,85
ORD-001760,2024-10-21,Standard Class,Consumer,North America,Furniture,4K Webcam,1138,3,292
ORD-001761,2024-03-08,Second Class,Corporate,South America,Gadgets,"Laptop Pro 14""",1126,4,241
ORD-001762,2024-08-09,First Class,Corporate,Europe,Gadgets,USB-C Hub 7-in-1,1931,3,567
ORD-001763,2024-08-26,Express,Small Business,South America,Furniture,Fitness Tracker Band,900,7,103
ORD-001764,2025-08-22,Standard Class,Home Office,Middle East,Furniture,Fitness Tracker Band,640,1,172
ORD-001765,2024-03-10,Standard Class,Small Business,South America,Gadgets,Phone Case MagSafe,260,5,82
ORD-001766,2025-05-01,First Class,Home Office,South America,Office Supplies,"Tablet Air 11""",1803,1,398
ORD-001767,2024-01-18,Same Day,Government,North America,Accessories,Fitness Tracker Band,2004,3,405
ORD-001768,2025-01-29,Standard Class,Education,South America,Electronics,Standing Desk Frame,2022,2,580
ORD-001769,2025-07-19,First Class,Consumer,Asia Pacific,Office Supplies,Mechanical Keyboard,1120,4,386
ORD-001770,2025-01-08,Express,Education,Europe,Gadgets,Phone Case MagSafe,1658,1,168
ORD-001771,2025-08-01,Second Class,Corporate,Asia Pacific,Furniture,Laptop Cooling Stand,1138,5,103
ORD-001772,2024-07-10,First Class,Home Office,Middle East,Gadgets,Wireless Noise Cancelling Headphones,2192,2,919
ORD-001773,2024-02-09,Express,Corporate,South America,Office Supplies,USB-C Hub 7-in-1,1165,4,401
ORD-001774,2025-06-12,Standard Class,Corporate,Middle East,Gadgets,Bluetooth Speaker,2048,4,784
ORD-001775,2025-04-16,First Class,Consumer,South America,Accessories,"Laptop Pro 14""",1552,5,378
ORD-001776,2024-04-03,Same Day,Education,North America,Accessories,Smart Watch Series 5,1527,2,351
ORD-001777,2025-08-24,First Class,Consumer,North America,Accessories,Wireless Noise Cancelling Headphones,1267,8,330
ORD-001778,2024-08-31,First Class,Consumer,Europe,Accessories,External SSD 1TB,2006,8,348
ORD-001779,2024-08-07,First Class,Corporate,Europe,Furniture,Mechanical Keyboard,1651,5,279
ORD-001780,2025-09-08,Express,Education,Asia Pacific,Accessories,4K Webcam,1989,2,779
ORD-001781,2024-08-09,Express,Consumer,South America,Gadgets,"Tablet Air 11""",2497,2,977
ORD-001782,2024-01-14,Second Class,Small Business,Africa,Electronics,4K Webcam,1434,2,221
ORD-001783,2024-04-21,First Class,Corporate,Asia Pacific,Gadgets,"Tablet Air 11""",2298,4,198
ORD-001784,2025-07-13,Second Class,Corporate,Middle East,Electronics,"Monitor 27"" 4K",1949,4,724
ORD-001785,2025-06-25,Express,Consumer,South America,Accessories,Wireless Noise Cancelling Headphones,1194,4,435
ORD-001786,2024-11-24,Standard Class,Corporate,Europe,Furniture,Phone Case MagSafe,495,7,137
ORD-001787,2024-08-14,Express,Consumer,Asia Pacific,Accessories,Smartphone Ultra,1818,6,349
ORD-001788,2025-03-29,Same Day,Corporate,Asia Pacific,Accessories,4K Webcam,1470,1,594
ORD-001789,2024-01-16,Express,Education,South America,Gadgets,"Laptop Pro 14""",2490,8,662
ORD-001790,2025-07-01,Same Day,Home Office,North America,Furniture,Mechanical Keyboard,853,3,341
ORD-001791,2024-11-10,Same Day,Consumer,Middle East,Office Supplies,Ergonomic Desk Chair,1836,4,383
ORD-001792,2024-06-30,Express,Small Business,Asia Pacific,Furniture,Privacy Screen Protector,1955,7,637
ORD-001793,2025-09-04,Standard Class,Home Office,Asia Pacific,Office Supplies,Smart Watch Series 5,2328,1,788
ORD-001794,2025-05-26,First Class,Small Business,Asia Pacific,Furniture,Smart Home Hub,665,7,200
ORD-001795,2024-03-30,Second Class,Corporate,Middle East,Electronics,Wireless Noise Cancelling Headphones,760,7,127
ORD-001796,2025-08-10,Second Class,Corporate,North America,Office Supplies,Laptop Cooling Stand,199,3,77
ORD-001797,2024-07-27,Express,Government,Europe,Furniture,Smart Home Hub,2507,4,233
ORD-001798,2024-06-23,First Class,Corporate,Middle East,Office Supplies,Privacy Screen Protector,799,5,331
ORD-001799,2025-04-02,Express,Government,North America,Accessories,Mechanical Keyboard,1698,3,158
ORD-001800,2025-01-10,Express,Education,Africa,Office Supplies,Smart Home Hub,624,3,139
ORD-001801,2025-05-28,Standard Class,Small Business,Middle East,Gadgets,Laptop Cooling Stand,2269,1,768
ORD-001802,2024-11-06,Second Class,Consumer,North America,Gadgets,Smart Home Hub,2010,2,672
ORD-001803,2024-12-05,Express,Government,North America,Furniture,4K Webcam,1328,3,224
ORD-001804,2024-02-07,Standard Class,Education,South America,Office Supplies,USB-C Hub 7-in-1,1054,2,335
ORD-001805,2025-03-17,First Class,Small Business,South America,Accessories,Phone Case MagSafe,1274,2,197
ORD-001806,2025-07-27,Second Class,Education,Asia Pacific,Electronics,Wireless Charger Pad,1748,7,536
ORD-001807,2025-01-06,Standard Class,Government,Africa,Office Supplies,Standing Desk Frame,866,8,319
ORD-001808,2025-11-05,Same Day,Corporate,North America,Furniture,Smartphone Ultra,2381,2,348
ORD-001809,2024-07-05,Second Class,Consumer,Africa,Office Supplies,Standing Desk Frame,2463,5,859
ORD-001810,2025-11-12,Second Class,Small Business,North America,Electronics,"Tablet Air 11""",2536,7,588
ORD-001811,2024-05-17,First Class,Consumer,North America,Office Supplies,"Monitor 27"" 4K",873,3,149
ORD-001812,2025-07-13,Same Day,Consumer,Africa,Office Supplies,4K Webcam,942,2,366
ORD-001813,2024-01-08,First Class,Government,South America,Furniture,Fitness Tracker Band,1279,2,118
ORD-001814,2024-12-21,Second Class,Corporate,Asia Pacific,Office Supplies,Wireless Noise Cancelling Headphones,2232,5,340
ORD-001815,2024-01-02,Second Class,Education,Asia Pacific,Electronics,Smart Home Hub,1200,2,129
ORD-001816,2025-11-22,Second Class,Home Office,North America,Furniture,Smart Watch Series 5,2480,1,655
ORD-001817,2024-12-01,Same Day,Corporate,Asia Pacific,Accessories,Wireless Noise Cancelling Headphones,149,1,26
ORD-001818,2025-02-05,Express,Education,Europe,Accessories,Smartphone Ultra,1188,7,371
ORD-001819,2024-02-20,Second Class,Small Business,Africa,Office Supplies,Fitness Tracker Band,1373,3,381
ORD-001820,2024-09-15,Standard Class,Education,South America,Office Supplies,Bluetooth Speaker,53,3,11
ORD-001821,2024-01-19,Express,Corporate,Asia Pacific,Furniture,Gaming Mouse RGB,2250,3,910
ORD-001822,2025-06-07,Same Day,Education,Asia Pacific,Electronics,External SSD 1TB,2271,4,701
ORD-001823,2025-07-12,Standard Class,Government,Asia Pacific,Gadgets,Phone Case MagSafe,1228,5,298
ORD-001824,2024-09-22,Second Class,Corporate,South America,Gadgets,Smartphone Ultra,836,6,202
ORD-001825,2024-09-08,Second Class,Home Office,South America,Gadgets,Mechanical Keyboard,2004,2,304
ORD-001826,2024-08-22,Express,Consumer,Middle East,Accessories,External SSD 1TB,1884,1,758
ORD-001827,2025-08-19,First Class,Consumer,South America,Gadgets,USB-C Hub 7-in-1,1159,6,370
ORD-001828,2025-11-24,Standard Class,Home Office,Africa,Furniture,Phone Case MagSafe,700,6,190
ORD-001829,2025-10-09,Standard Class,Corporate,Middle East,Furniture,Fitness Tracker Band,2442,2,835
ORD-001830,2024-11-29,First Class,Education,North America,Office Supplies,USB-C Hub 7-in-1,1517,8,293
ORD-001831,2025-11-17,Same Day,Small Business,Asia Pacific,Electronics,Standing Desk Frame,480,3,112
ORD-001832,2024-05-04,First Class,Education,Europe,Accessories,Mechanical Keyboard,492,8,51
ORD-001833,2024-03-05,Second Class,Home Office,North America,Accessories,"Laptop Pro 14""",899,5,207
ORD-001834,2025-10-02,Second Class,Home Office,North America,Office Supplies,Wireless Charger Pad,1374,5,178
ORD-001835,2025-11-24,Second Class,Government,Europe,Furniture,External SSD 1TB,1769,7,514
ORD-001836,2025-06-24,Second Class,Corporate,North America,Electronics,Laptop Cooling Stand,534,8,212
ORD-001837,2024-12-03,Second Class,Home Office,Africa,Gadgets,Standing Desk Frame,2208,1,612
ORD-001838,2025-11-14,Same Day,Government,Middle East,Furniture,Phone Case MagSafe,1434,2,228
ORD-001839,2024-12-05,Second Class,Corporate,Europe,Electronics,Wireless Charger Pad,708,3,115
ORD-001840,2024-03-13,Standard Class,Home Office,Europe,Accessories,Mechanical Keyboard,1027,4,360
ORD-001841,2025-05-21,Express,Education,Africa,Office Supplies,Smart Home Hub,2392,5,675
ORD-001842,2025-09-24,Second Class,Education,South America,Gadgets,Mechanical Keyboard,609,2,162
ORD-001843,2025-04-10,Second Class,Education,Asia Pacific,Gadgets,Phone Case MagSafe,2484,5,230
ORD-001844,2025-05-02,Standard Class,Corporate,South America,Accessories,Bluetooth Speaker,1089,6,450
ORD-001845,2024-08-16,First Class,Corporate,Middle East,Gadgets,External SSD 1TB,1130,8,465
ORD-001846,2025-08-23,Second Class,Consumer,Africa,Electronics,Wireless Noise Cancelling Headphones,1424,5,384
ORD-001847,2024-05-01,Second Class,Government,North America,Accessories,Smartphone Ultra,1302,1,211
ORD-001848,2024-08-05,Second Class,Education,South America,Office Supplies,"Laptop Pro 14""",962,6,352
ORD-001849,2025-05-26,Express,Small Business,North America,Furniture,External SSD 1TB,1998,3,629
ORD-001850,2024-09-19,Second Class,Home Office,South America,Gadgets,Smart Watch Series 5,2052,5,722
ORD-001851,2024-09-02,First Class,Home Office,South America,Electronics,Smart Watch Series 5,199,7,56
ORD-001852,2024-07-10,Express,Consumer,North America,Gadgets,Smart Watch Series 5,1451,7,332
ORD-001853,2025-03-22,First Class,Government,Europe,Gadgets,Gaming Mouse RGB,748,8,163
ORD-001854,2025-11-07,Second Class,Government,Asia Pacific,Furniture,Smartphone Ultra,584,3,172
ORD-001855,2025-10-11,Same Day,Education,Africa,Furniture,Bluetooth Speaker,1189,2,126
ORD-001856,2024-01-26,Standard Class,Small Business,South America,Furniture,Fitness Tracker Band,456,1,100
ORD-001857,2024-10-19,First Class,Consumer,Africa,Gadgets,Phone Case MagSafe,2060,7,206
ORD-001858,2024-07-24,Same Day,Small Business,Africa,Electronics,"Monitor 27"" 4K",1824,3,487
ORD-001859,2025-10-14,First Class,Small Business,South America,Gadgets,Smart Home Hub,1420,5,330
ORD-001860,2025-02-21,Second Class,Consumer,Asia Pacific,Accessories,Laptop Cooling Stand,523,5,223
ORD-001861,2025-03-09,First Class,Home Office,South America,Electronics,Wireless Charger Pad,153,2,40
ORD-001862,2024-02-28,Express,Consumer,Middle East,Electronics,Fitness Tracker Band,1466,7,312
ORD-001863,2024-06-23,Same Day,Consumer,South America,Gadgets,Wireless Charger Pad,1122,5,429
ORD-001864,2024-02-03,Second Class,Small Business,Africa,Office Supplies,4K Webcam,359,3,59
ORD-001865,2024-11-25,Standard Class,Corporate,North America,Accessories,Fitness Tracker Band,1060,6,103
ORD-001866,2024-08-09,Express,Corporate,South America,Office Supplies,Standing Desk Frame,152,8,16
ORD-001867,2025-08-26,Same Day,Education,Africa,Accessories,"Monitor 27"" 4K",637,8,254
ORD-001868,2024-07-19,Same Day,Education,Europe,Accessories,Standing Desk Frame,1001,2,235
ORD-001869,2025-11-20,Express,Home Office,South America,Office Supplies,Gaming Mouse RGB,2309,7,502
ORD-001870,2025-12-12,Same Day,Small Business,Europe,Furniture,Bluetooth Speaker,959,2,378
ORD-001871,2025-11-15,First Class,Education,Africa,Gadgets,Smart Watch Series 5,854,8,337
ORD-001872,2024-03-12,Standard Class,Consumer,North America,Office Supplies,Mechanical Keyboard,1724,8,183
ORD-001873,2025-08-07,First Class,Education,North America,Gadgets,Ergonomic Desk Chair,1218,6,205
ORD-001874,2025-01-24,Standard Class,Government,Middle East,Gadgets,USB-C Hub 7-in-1,164,7,23
ORD-001875,2025-06-14,Same Day,Consumer,North America,Furniture,"Laptop Pro 14""",150,8,29
ORD-001876,2024-06-10,Second Class,Consumer,Asia Pacific,Furniture,External SSD 1TB,1319,2,196
ORD-001877,2025-02-07,Same Day,Home Office,Europe,Office Supplies,External SSD 1TB,1969,2,389
ORD-001878,2025-03-23,Standard Class,Corporate,South America,Gadgets,Standing Desk Frame,329,3,118
ORD-001879,2024-02-20,Standard Class,Government,Europe,Electronics,Privacy Screen Protector,1293,7,187
ORD-001880,2025-10-12,Second Class,Home Office,Asia Pacific,Gadgets,Laptop Cooling Stand,1632,5,460
ORD-001881,2025-08-22,First Class,Consumer,Asia Pacific,Furniture,Laptop Cooling Stand,1288,3,354
ORD-001882,2025-11-07,Second Class,Corporate,South America,Electronics,Gaming Mouse RGB,1028,6,278
ORD-001883,2024-06-03,Second Class,Home Office,South America,Gadgets,"Laptop Pro 14""",526,6,70
ORD-001884,2024-01-22,First Class,Small Business,Middle East,Gadgets,Smart Home Hub,1958,3,645
ORD-001885,2025-10-23,First Class,Corporate,Europe,Electronics,Bluetooth Speaker,236,6,74
ORD-001886,2025-01-07,Express,Home Office,Middle East,Electronics,Smart Home Hub,1925,5,812
ORD-001887,2024-01-01,First Class,Corporate,Asia Pacific,Furniture,Smart Home Hub,171,4,19
ORD-001888,2025-06-21,Second Class,Education,Asia Pacific,Accessories,USB-C Hub 7-in-1,993,8,278
ORD-001889,2025-05-17,Same Day,Corporate,Africa,Furniture,Wireless Charger Pad,990,1,283
ORD-001890,2025-01-14,Express,Small Business,Europe,Electronics,Standing Desk Frame,1579,3,459
ORD-001891,2024-06-03,Second Class,Consumer,South America,Electronics,Fitness Tracker Band,544,8,95
ORD-001892,2025-11-06,Express,Small Business,Asia Pacific,Gadgets,4K Webcam,2175,4,478
ORD-001893,2024-02-07,Express,Education,Africa,Accessories,Gaming Mouse RGB,2195,3,825
ORD-001894,2024-05-27,Express,Home Office,Europe,Gadgets,Privacy Screen Protector,227,4,95
ORD-001895,2024-03-05,Same Day,Small Business,Europe,Accessories,"Monitor 27"" 4K",2179,1,703
ORD-001896,2025-03-01,Express,Corporate,Asia Pacific,Gadgets,Standing Desk Frame,1903,8,208
ORD-001897,2025-12-07,Express,Home Office,Africa,Gadgets,"Monitor 27"" 4K",987,8,332
ORD-001898,2025-02-04,Express,Consumer,Middle East,Furniture,Fitness Tracker Band,894,2,217
ORD-001899,2025-08-13,Same Day,Corporate,Africa,Gadgets,"Tablet Air 11""",922,1,156
ORD-001900,2024-10-01,Standard Class,Education,South America,Office Supplies,Fitness Tracker Band,1712,5,482
ORD-001901,2025-10-15,Second Class,Education,South America,Office Supplies,"Tablet Air 11""",246,2,55
ORD-001902,2024-05-21,Express,Government,Europe,Office Supplies,Wireless Noise Cancelling Headphones,716,6,160
ORD-001903,2025-03-17,First Class,Education,Africa,Accessories,4K Webcam,510,3,53
ORD-001904,2024-02-07,Standard Class,Consumer,Middle East,Office Supplies,4K Webcam,2418,7,274
ORD-001905,2025-03-26,Same Day,Home Office,Asia Pacific,Furniture,Wireless Noise Cancelling Headphones,782,4,282
ORD-001906,2024-12-12,First Class,Consumer,Africa,Gadgets,USB-C Hub 7-in-1,181,7,30
ORD-001907,2025-01-30,Same Day,Corporate,Asia Pacific,Furniture,USB-C Hub 7-in-1,1425,5,464
ORD-001908,2025-06-26,Express,Corporate,Middle East,Office Supplies,"Monitor 27"" 4K",2009,5,782
ORD-001909,2025-04-14,Second Class,Education,Europe,Furniture,Fitness Tracker Band,426,4,132
ORD-001910,2024-04-14,Standard Class,Government,Europe,Office Supplies,Laptop Cooling Stand,1939,1,509
ORD-001911,2025-06-30,Second Class,Home Office,Middle East,Gadgets,Smart Watch Series 5,600,7,88
ORD-001912,2024-05-12,Same Day,Home Office,Asia Pacific,Office Supplies,Gaming Mouse RGB,1783,8,327
ORD-001913,2024-10-08,Standard Class,Government,Asia Pacific,Furniture,"Laptop Pro 14""",2329,5,263
ORD-001914,2024-04-27,First Class,Home Office,North America,Office Supplies,Standing Desk Frame,1235,4,517
ORD-001915,2025-09-17,Same Day,Education,Asia Pacific,Office Supplies,Smartphone Ultra,1282,6,476
ORD-001916,2025-11-24,First Class,Consumer,Africa,Electronics,Wireless Noise Cancelling Headphones,2249,7,246
ORD-001917,2025-01-19,First Class,Government,Asia Pacific,Furniture,Bluetooth Speaker,142,5,13
ORD-001918,2024-07-11,Express,Consumer,Asia Pacific,Gadgets,"Tablet Air 11""",1180,4,127
ORD-001919,2024-08-11,Express,Government,North America,Furniture,4K Webcam,557,8,187
ORD-001920,2025-11-09,Express,Government,Asia Pacific,Furniture,Ergonomic Desk Chair,84,5,28
ORD-001921,2024-12-13,Second Class,Government,North America,Furniture,Ergonomic Desk Chair,2260,7,425
ORD-001922,2024-11-23,Express,Education,Europe,Office Supplies,Gaming Mouse RGB,474,1,185
ORD-001923,2024-03-19,First Class,Home Office,Europe,Furniture,Phone Case MagSafe,353,8,64
ORD-001924,2025-09-07,Express,Home Office,Asia Pacific,Electronics,Fitness Tracker Band,1682,1,355
ORD-001925,2025-04-10,Second Class,Small Business,South America,Furniture,"Tablet Air 11""",1544,7,158
ORD-001926,2024-02-16,Express,Small Business,North America,Gadgets,4K Webcam,1132,3,218
ORD-001927,2024-06-19,Second Class,Small Business,Asia Pacific,Furniture,Wireless Noise Cancelling Headphones,753,5,322
ORD-001928,2024-12-24,First Class,Education,Europe,Gadgets,Smart Watch Series 5,2296,2,663
ORD-001929,2025-10-22,Express,Small Business,Europe,Accessories,Wireless Noise Cancelling Headphones,690,6,73
ORD-001930,2024-11-03,Standard Class,Consumer,Middle East,Accessories,External SSD 1TB,466,2,185
ORD-001931,2024-05-20,Standard Class,Government,Middle East,Furniture,"Monitor 27"" 4K",375,5,124
ORD-001932,2024-03-23,Standard Class,Home Office,Africa,Electronics,Laptop Cooling Stand,1466,5,134
ORD-001933,2025-04-30,Standard Class,Government,Africa,Electronics,Smart Home Hub,2041,6,797
ORD-001934,2024-07-09,Same Day,Small Business,Middle East,Furniture,Standing Desk Frame,1885,7,470
ORD-001935,2025-03-26,Second Class,Corporate,Europe,Electronics,Ergonomic Desk Chair,1253,6,225
ORD-001936,2025-06-25,First Class,Corporate,South America,Gadgets,Smart Watch Series 5,1228,5,305
ORD-001937,2025-08-20,Standard Class,Small Business,Asia Pacific,Furniture,Bluetooth Speaker,1774,8,401
ORD-001938,2024-07-21,Same Day,Education,Africa,Accessories,Standing Desk Frame,1725,3,326
ORD-001939,2024-08-14,Second Class,Small Business,Africa,Furniture,Mechanical Keyboard,1333,7,269
ORD-001940,2024-07-03,Same Day,Education,Middle East,Gadgets,Smart Home Hub,1890,7,307
ORD-001941,2025-08-10,Standard Class,Small Business,North America,Furniture,Laptop Cooling Stand,2286,8,649
ORD-001942,2025-05-27,Second Class,Consumer,Africa,Electronics,"Laptop Pro 14""",2236,1,487
ORD-001943,2024-06-30,Second Class,Home Office,Asia Pacific,Electronics,4K Webcam,973,3,339
ORD-001944,2024-12-05,Standard Class,Corporate,Asia Pacific,Gadgets,External SSD 1TB,1000,7,170
ORD-001945,2025-11-12,Standard Class,Consumer,South America,Office Supplies,Fitness Tracker Band,461,3,42
ORD-001946,2024-07-20,Same Day,Small Business,Europe,Gadgets,Wireless Charger Pad,1481,7,415
ORD-001947,2024-06-11,Express,Consumer,Middle East,Gadgets,Wireless Noise Cancelling Headphones,629,6,80
ORD-001948,2025-09-10,Same Day,Small Business,Middle East,Accessories,Laptop Cooling Stand,582,4,67
ORD-001949,2024-06-14,Same Day,Home Office,Middle East,Gadgets,Smart Home Hub,2180,3,577
ORD-001950,2025-07-22,Second Class,Government,Asia Pacific,Accessories,Wireless Charger Pad,1420,3,404
ORD-001951,2024-04-12,Standard Class,Home Office,North America,Gadgets,4K Webcam,89,2,14
ORD-001952,2025-12-20,Express,Small Business,Europe,Electronics,Gaming Mouse RGB,1819,7,408
ORD-001953,2025-06-29,Express,Education,Africa,Electronics,Privacy Screen Protector,1999,6,331
ORD-001954,2025-06-27,Express,Small Business,Asia Pacific,Gadgets,Smartphone Ultra,250,6,58
ORD-001955,2025-09-20,Same Day,Corporate,Middle East,Gadgets,"Monitor 27"" 4K",2262,1,803
ORD-001956,2024-03-28,Standard Class,Small Business,North America,Gadgets,Mechanical Keyboard,553,4,212
ORD-001957,2024-12-23,Second Class,Consumer,Asia Pacific,Office Supplies,Smart Watch Series 5,2091,6,647
ORD-001958,2025-08-08,Second Class,Education,Middle East,Office Supplies,Bluetooth Speaker,1711,8,631
ORD-001959,2025-01-14,Second Class,Home Office,Asia Pacific,Electronics,"Monitor 27"" 4K",648,7,109
ORD-001960,2024-02-19,Second Class,Small Business,Africa,Electronics,"Monitor 27"" 4K",386,5,165
ORD-001961,2024-08-19,Second Class,Corporate,Africa,Electronics,Smartphone Ultra,978,5,241
ORD-001962,2024-04-02,Standard Class,Small Business,North America,Electronics,"Monitor 27"" 4K",1333,7,131
ORD-001963,2024-12-12,Second Class,Government,Africa,Accessories,Phone Case MagSafe,552,6,226
ORD-001964,2024-03-09,Express,Government,Africa,Gadgets,External SSD 1TB,1820,1,776
ORD-001965,2025-11-28,Second Class,Corporate,Asia Pacific,Gadgets,Smart Watch Series 5,1399,4,408
ORD-001966,2025-04-11,First Class,Education,Middle East,Gadgets,Privacy Screen Protector,606,3,129
ORD-001967,2024-09-24,First Class,Home Office,North America,Office Supplies,Fitness Tracker Band,370,6,79
ORD-001968,2024-06-19,Express,Consumer,Europe,Gadgets,USB-C Hub 7-in-1,404,6,75
ORD-001969,2024-12-30,First Class,Government,Europe,Office Supplies,Fitness Tracker Band,292,6,108
ORD-001970,2024-01-25,First Class,Home Office,Middle East,Electronics,"Laptop Pro 14""",1907,7,410
ORD-001971,2024-07-06,Second Class,Education,Europe,Gadgets,Smart Watch Series 5,1256,5,521
ORD-001972,2025-08-23,Same Day,Education,Africa,Electronics,Wireless Charger Pad,2163,3,660
ORD-001973,2024-09-05,Second Class,Home Office,Europe,Accessories,Wireless Noise Cancelling Headphones,1474,3,197
ORD-001974,2024-06-21,Second Class,Government,North America,Gadgets,Fitness Tracker Band,908,3,271
ORD-001975,2025-10-31,First Class,Government,South America,Accessories,"Monitor 27"" 4K",587,1,204
ORD-001976,2025-05-25,First Class,Home Office,Asia Pacific,Electronics,Mechanical Keyboard,2000,4,716
ORD-001977,2025-01-30,Same Day,Corporate,Middle East,Accessories,Privacy Screen Protector,51,2,10
ORD-001978,2025-01-20,Standard Class,Consumer,North America,Office Supplies,Smart Watch Series 5,2531,2,214
ORD-001979,2025-07-24,Same Day,Education,North America,Electronics,USB-C Hub 7-in-1,1299,2,393
ORD-001980,2025-01-01,Express,Government,South America,Furniture,"Laptop Pro 14""",1173,7,412
ORD-001981,2025-03-20,First Class,Small Business,North America,Electronics,Phone Case MagSafe,2305,6,409
ORD-001982,2025-09-29,Same Day,Consumer,Africa,Electronics,Smartphone Ultra,1913,4,175
ORD-001983,2025-03-12,First Class,Home Office,North America,Office Supplies,Fitness Tracker Band,2457,7,1014
ORD-001984,2025-11-13,Express,Consumer,North America,Office Supplies,"Laptop Pro 14""",863,4,177
ORD-001985,2024-04-02,Standard Class,Small Business,Asia Pacific,Gadgets,4K Webcam,2431,8,785
ORD-001986,2024-08-31,Same Day,Home Office,Europe,Office Supplies,Phone Case MagSafe,1787,3,344
ORD-001987,2025-04-16,Express,Home Office,Europe,Electronics,Smart Home Hub,915,2,353
ORD-001988,2024-06-08,Same Day,Small Business,Asia Pacific,Gadgets,Mechanical Keyboard,209,4,86
ORD-001989,2024-11-19,Second Class,Consumer,North America,Furniture,Fitness Tracker Band,1218,5,249
ORD-001990,2024-04-26,First Class,Education,Middle East,Furniture,4K Webcam,527,5,54
ORD-001991,2025-08-20,Second Class,Corporate,Asia Pacific,Gadgets,Bluetooth Speaker,272,5,96
ORD-001992,2024-11-22,Same Day,Corporate,Asia Pacific,Furniture,Privacy Screen Protector,2375,7,279
ORD-001993,2024-12-30,Standard Class,Education,North America,Furniture,Smartphone Ultra,2176,3,763
ORD-001994,2024-09-07,First Class,Small Business,Europe,Electronics,Mechanical Keyboard,2474,4,1019
ORD-001995,2024-10-10,Express,Home Office,Asia Pacific,Electronics,Smart Watch Series 5,341,6,134
ORD-001996,2024-08-13,Second Class,Consumer,South America,Electronics,External SSD 1TB,165,7,32
ORD-001997,2025-08-16,First Class,Government,Asia Pacific,Furniture,"Laptop Pro 14""",522,4,169
ORD-001998,2025-01-02,Standard Class,Education,South America,Furniture,"Laptop Pro 14""",383,3,43
ORD-001999,2025-03-29,Express,Corporate,Africa,Furniture,"Monitor 27"" 4K",1647,8,599
ORD-002000,2024-05-10,Express,Home Office,South America,Office Supplies,Smart Home Hub,513,5,104
ORD-002001,2024-01-15,Express,Small Business,Europe,Accessories,Bluetooth Speaker,1564,6,308
ORD-002002,2024-08-20,Standard Class,Corporate,Europe,Accessories,"Monitor 27"" 4K",402,7,88
ORD-002003,2024-07-30,First Class,Corporate,North America,Gadgets,External SSD 1TB,2030,3,594
ORD-002004,2025-07-28,Express,Corporate,Africa,Electronics,External SSD 1TB,1022,5,229
ORD-002005,2025-08-17,Express,Small Business,North America,Office Supplies,Privacy Screen Protector,2111,7,444
ORD-002006,2025-01-23,Same Day,Corporate,Asia Pacific,Electronics,"Laptop Pro 14""",2274,8,940
ORD-002007,2025-12-18,Second Class,Government,Africa,Gadgets,Laptop Cooling Stand,121,3,26
ORD-002008,2025-06-05,Second Class,Home Office,Asia Pacific,Electronics,Phone Case MagSafe,2170,6,507
ORD-002009,2025-12-27,Same Day,Small Business,Asia Pacific,Accessories,Smart Home Hub,1234,2,419
ORD-002010,2025-06-21,Same Day,Government,North America,Furniture,Wireless Noise Cancelling Headphones,209,2,52
ORD-002011,2024-08-12,First Class,Government,Africa,Electronics,Wireless Noise Cancelling Headphones,1738,7,365
ORD-002012,2024-12-11,Second Class,Education,Asia Pacific,Furniture,Smartphone Ultra,837,7,69
ORD-002013,2025-12-16,First Class,Small Business,Europe,Furniture,Mechanical Keyboard,1241,5,485
ORD-002014,2024-05-03,First Class,Education,Middle East,Accessories,"Tablet Air 11""",1501,5,481
ORD-002015,2024-07-07,Second Class,Government,Asia Pacific,Furniture,USB-C Hub 7-in-1,967,1,389
ORD-002016,2024-04-28,Second Class,Government,Middle East,Accessories,Phone Case MagSafe,531,4,165
ORD-002017,2025-01-22,Same Day,Home Office,Middle East,Gadgets,Smart Watch Series 5,277,7,23
ORD-002018,2024-01-15,Same Day,Consumer,South America,Furniture,Gaming Mouse RGB,2493,4,592
ORD-002019,2024-09-03,Same Day,Home Office,Middle East,Electronics,Laptop Cooling Stand,1884,7,389
ORD-002020,2025-03-12,Standard Class,Consumer,Europe,Gadgets,Ergonomic Desk Chair,1022,4,430
ORD-002021,2024-06-15,Standard Class,Home Office,Europe,Electronics,"Tablet Air 11""",198,4,31
ORD-002022,2024-08-24,Express,Government,North America,Gadgets,"Tablet Air 11""",2183,2,786
ORD-002023,2025-02-01,Standard Class,Home Office,Middle East,Electronics,Privacy Screen Protector,1119,2,367
ORD-002024,2025-01-25,Standard Class,Education,Asia Pacific,Gadgets,4K Webcam,1607,1,596
ORD-002025,2025-06-17,Standard Class,Consumer,Europe,Furniture,Gaming Mouse RGB,1410,3,450
ORD-002026,2024-09-06,Express,Small Business,Europe,Furniture,Standing Desk Frame,1943,1,621
ORD-002027,2025-06-20,Standard Class,Government,Asia Pacific,Accessories,"Monitor 27"" 4K",1744,6,494
ORD-002028,2025-05-20,Express,Corporate,Africa,Office Supplies,Smartphone Ultra,509,7,45
ORD-002029,2025-11-23,First Class,Government,Asia Pacific,Office Supplies,Ergonomic Desk Chair,2222,1,284
ORD-002030,2024-08-26,Same Day,Consumer,Africa,Furniture,External SSD 1TB,657,4,202
ORD-002031,2024-04-15,Standard Class,Education,North America,Office Supplies,Mechanical Keyboard,2065,5,814
ORD-002032,2024-01-30,Same Day,Government,North America,Furniture,Privacy Screen Protector,722,5,212
ORD-002033,2024-12-15,Second Class,Government,Europe,Accessories,Ergonomic Desk Chair,537,4,139
ORD-002034,2025-12-25,Express,Corporate,South America,Accessories,Wireless Charger Pad,322,8,138
ORD-002035,2024-06-24,Express,Corporate,Middle East,Accessories,Privacy Screen Protector,2176,3,598
ORD-002036,2024-07-07,Same Day,Corporate,Africa,Furniture,Ergonomic Desk Chair,2344,3,441
ORD-002037,2025-02-12,Express,Government,North America,Gadgets,Phone Case MagSafe,928,2,283
ORD-002038,2025-10-12,Second Class,Government,Middle East,Gadgets,Smartphone Ultra,868,6,162
ORD-002039,2024-05-08,First Class,Home Office,Middle East,Gadgets,Smart Watch Series 5,346,6,52
ORD-002040,2024-08-08,Same Day,Education,Africa,Furniture,Laptop Cooling Stand,153,2,23
ORD-002041,2024-06-20,Express,Consumer,Europe,Electronics,Wireless Noise Cancelling Headphones,2139,6,884
ORD-002042,2024-01-15,Express,Education,Middle East,Furniture,Laptop Cooling Stand,837,4,337
ORD-002043,2024-07-16,Standard Class,Home Office,South America,Gadgets,Standing Desk Frame,2247,3,735
ORD-002044,2024-05-25,Express,Home Office,Africa,Gadgets,"Monitor 27"" 4K",2052,3,714
ORD-002045,2024-12-31,First Class,Home Office,Africa,Accessories,Gaming Mouse RGB,1211,6,173
ORD-002046,2024-06-23,Express,Government,Middle East,Accessories,Wireless Charger Pad,713,1,140
ORD-002047,2024-03-14,Express,Education,Europe,Electronics,Bluetooth Speaker,149,7,26
ORD-002048,2025-04-03,Second Class,Small Business,Middle East,Furniture,"Laptop Pro 14""",2308,1,603
ORD-002049,2024-01-29,Same Day,Consumer,Middle East,Gadgets,Phone Case MagSafe,885,8,182
ORD-002050,2025-11-02,Express,Small Business,Middle East,Office Supplies,Standing Desk Frame,2259,5,234
ORD-002051,2025-02-11,First Class,Consumer,Asia Pacific,Electronics,USB-C Hub 7-in-1,482,6,59
ORD-002052,2025-03-05,Express,Government,Europe,Accessories,Laptop Cooling Stand,370,6,49
ORD-002053,2024-07-10,Same Day,Government,Asia Pacific,Accessories,Wireless Noise Cancelling Headphones,1939,1,815
ORD-002054,2024-09-23,Standard Class,Consumer,North America,Electronics,Gaming Mouse RGB,2346,1,455
ORD-002055,2025-05-11,Standard Class,Small Business,Asia Pacific,Electronics,Smart Watch Series 5,2062,3,839
ORD-002056,2025-01-04,Express,Government,South America,Electronics,Wireless Noise Cancelling Headphones,108,7,21
ORD-002057,2024-03-15,Standard Class,Corporate,Asia Pacific,Furniture,Privacy Screen Protector,2137,6,491
ORD-002058,2025-07-04,Express,Government,Middle East,Electronics,External SSD 1TB,85,4,33
ORD-002059,2025-09-02,Express,Education,Middle East,Office Supplies,Mechanical Keyboard,1830,5,569
ORD-002060,2024-01-01,First Class,Education,South America,Electronics,Standing Desk Frame,372,2,62
ORD-002061,2024-11-11,Same Day,Home Office,Africa,Accessories,Fitness Tracker Band,2253,7,408
ORD-002062,2024-02-21,Second Class,Consumer,Middle East,Gadgets,USB-C Hub 7-in-1,164,3,20
ORD-002063,2025-08-02,First Class,Corporate,Europe,Furniture,4K Webcam,2095,1,579
ORD-002064,2024-11-09,Same Day,Consumer,Middle East,Furniture,Standing Desk Frame,1309,7,154
ORD-002065,2024-12-20,Standard Class,Government,Europe,Accessories,Gaming Mouse RGB,1487,1,511
ORD-002066,2025-08-27,First Class,Government,South America,Gadgets,"Laptop Pro 14""",2201,1,744
ORD-002067,2024-06-08,Same Day,Government,Africa,Accessories,Wireless Noise Cancelling Headphones,949,6,384
ORD-002068,2024-06-05,Express,Small Business,Africa,Office Supplies,Wireless Charger Pad,1455,5,258
ORD-002069,2024-02-18,Standard Class,Government,Asia Pacific,Furniture,Fitness Tracker Band,508,1,75
ORD-002070,2024-08-18,Same Day,Corporate,North America,Electronics,Privacy Screen Protector,1355,7,191
ORD-002071,2025-03-07,First Class,Home Office,South America,Accessories,Wireless Noise Cancelling Headphones,1945,6,631
ORD-002072,2024-09-07,Second Class,Corporate,Middle East,Accessories,Mechanical Keyboard,2469,8,323
ORD-002073,2025-09-02,Standard Class,Home Office,North America,Gadgets,Ergonomic Desk Chair,366,8,134
ORD-002074,2024-10-01,Second Class,Home Office,Europe,Furniture,Smart Home Hub,1291,3,232
ORD-002075,2025-12-14,Second Class,Education,North America,Furniture,Wireless Noise Cancelling Headphones,2345,2,721
ORD-002076,2024-04-20,Same Day,Small Business,North America,Electronics,Phone Case MagSafe,543,5,74
ORD-002077,2025-04-20,Express,Home Office,Asia Pacific,Accessories,USB-C Hub 7-in-1,291,8,97
ORD-002078,2025-11-17,Standard Class,Corporate,Africa,Electronics,Privacy Screen Protector,1808,1,532
ORD-002079,2024-03-31,Same Day,Home Office,Europe,Electronics,Laptop Cooling Stand,1074,5,291
ORD-002080,2025-12-13,Standard Class,Government,Asia Pacific,Electronics,4K Webcam,2189,8,344
ORD-002081,2024-03-10,Same Day,Education,Asia Pacific,Electronics,"Tablet Air 11""",1768,6,514
ORD-002082,2025-02-03,Standard Class,Government,North America,Office Supplies,Smart Watch Series 5,2115,7,810
ORD-002083,2024-02-29,Second Class,Small Business,Middle East,Accessories,"Laptop Pro 14""",1454,3,312
ORD-002084,2024-01-12,Second Class,Home Office,South America,Electronics,Fitness Tracker Band,1534,4,224
ORD-002085,2025-04-23,Same Day,Government,South America,Furniture,Smart Watch Series 5,946,4,168
ORD-002086,2024-02-06,Second Class,Small Business,Middle East,Accessories,Phone Case MagSafe,1697,7,252
ORD-002087,2025-05-25,Same Day,Small Business,South America,Furniture,Phone Case MagSafe,2277,1,693
ORD-002088,2025-05-21,Express,Small Business,South America,Electronics,Privacy Screen Protector,1174,2,356
ORD-002089,2025-05-02,Second Class,Home Office,Asia Pacific,Gadgets,Smart Home Hub,1853,6,756
ORD-002090,2025-09-29,Express,Small Business,Middle East,Office Supplies,Wireless Charger Pad,1221,2,466
ORD-002091,2024-07-15,Same Day,Government,Middle East,Gadgets,Gaming Mouse RGB,1220,1,505
ORD-002092,2025-07-28,Standard Class,Small Business,Asia Pacific,Electronics,USB-C Hub 7-in-1,1632,4,317
ORD-002093,2024-02-06,Same Day,Education,North America,Gadgets,External SSD 1TB,492,5,83
ORD-002094,2024-01-08,Same Day,Corporate,South America,Office Supplies,External SSD 1TB,1433,7,346
ORD-002095,2025-10-11,Standard Class,Small Business,Asia Pacific,Accessories,Phone Case MagSafe,1650,1,513
ORD-002096,2025-11-23,Express,Government,North America,Office Supplies,"Tablet Air 11""",783,2,290
ORD-002097,2024-10-25,Second Class,Consumer,North America,Accessories,Smart Home Hub,1473,6,273
ORD-002098,2024-05-14,Same Day,Consumer,South America,Furniture,Phone Case MagSafe,2048,5,347
ORD-002099,2024-02-26,Express,Consumer,Africa,Electronics,USB-C Hub 7-in-1,2282,1,266
ORD-002100,2024-09-20,Same Day,Government,Middle East,Furniture,Gaming Mouse RGB,2271,7,477
ORD-002101,2025-12-24,Second Class,Small Business,North America,Furniture,Bluetooth Speaker,359,8,39
ORD-002102,2024-11-26,First Class,Small Business,Africa,Electronics,Privacy Screen Protector,2494,5,599
ORD-002103,2024-04-14,Standard Class,Home Office,Asia Pacific,Electronics,Wireless Charger Pad,1109,7,338
ORD-002104,2025-12-13,Same Day,Government,North America,Furniture,Smart Watch Series 5,404,4,36
ORD-002105,2025-06-18,Express,Corporate,South America,Gadgets,Gaming Mouse RGB,929,6,137
ORD-002106,2025-07-08,First Class,Education,Middle East,Gadgets,Mechanical Keyboard,1421,3,200
ORD-002107,2025-04-29,Standard Class,Education,Middle East,Electronics,4K Webcam,67,4,14
ORD-002108,2025-03-26,Express,Small Business,Middle East,Accessories,"Tablet Air 11""",682,6,293
ORD-002109,2025-11-06,Same Day,Corporate,Asia Pacific,Accessories,USB-C Hub 7-in-1,2459,8,525
ORD-002110,2025-01-11,First Class,Education,Asia Pacific,Accessories,Fitness Tracker Band,1276,4,152
ORD-002111,2024-08-27,First Class,Government,Europe,Office Supplies,External SSD 1TB,863,8,243
ORD-002112,2025-02-14,Express,Consumer,Africa,Electronics,Bluetooth Speaker,762,1,72
ORD-002113,2025-11-26,Second Class,Corporate,Asia Pacific,Office Supplies,Mechanical Keyboard,1102,2,456
ORD-002114,2024-03-19,Second Class,Education,South America,Electronics,External SSD 1TB,2025,1,663
ORD-002115,2025-11-10,Standard Class,Government,North America,Furniture,Laptop Cooling Stand,647,5,126
ORD-002116,2025-12-03,Express,Small Business,Africa,Gadgets,Smart Home Hub,2016,3,690
ORD-002117,2025-09-04,Standard Class,Consumer,North America,Furniture,Wireless Charger Pad,619,7,194
ORD-002118,2024-03-10,Same Day,Consumer,North America,Accessories,USB-C Hub 7-in-1,1179,4,220
ORD-002119,2024-02-25,Express,Small Business,Africa,Furniture,Wireless Noise Cancelling Headphones,1870,4,427
ORD-002120,2025-01-28,First Class,Home Office,North America,Office Supplies,Phone Case MagSafe,1256,1,239
ORD-002121,2025-02-06,First Class,Small Business,Africa,Furniture,Phone Case MagSafe,237,6,24
ORD-002122,2025-11-06,Express,Small Business,South America,Office Supplies,Gaming Mouse RGB,2413,3,528
ORD-002123,2025-07-12,Same Day,Corporate,Middle East,Furniture,External SSD 1TB,2390,3,761
ORD-002124,2025-01-25,Express,Small Business,Middle East,Gadgets,Laptop Cooling Stand,1482,8,236
ORD-002125,2025-02-03,Second Class,Small Business,Africa,Gadgets,USB-C Hub 7-in-1,968,8,332
ORD-002126,2025-07-26,Second Class,Home Office,Middle East,Electronics,"Tablet Air 11""",926,8,333
ORD-002127,2025-02-03,Same Day,Small Business,Africa,Electronics,USB-C Hub 7-in-1,375,4,153
ORD-002128,2025-09-03,Same Day,Government,Asia Pacific,Electronics,4K Webcam,1567,2,390
ORD-002129,2024-10-05,Same Day,Government,Africa,Office Supplies,Ergonomic Desk Chair,834,5,325
ORD-002130,2024-03-29,Express,Home Office,Europe,Gadgets,4K Webcam,1269,4,503
ORD-002131,2025-09-18,Express,Small Business,Asia Pacific,Electronics,Gaming Mouse RGB,1628,6,567
ORD-002132,2025-11-30,First Class,Government,South America,Furniture,Standing Desk Frame,1461,7,288
ORD-002133,2025-10-14,Standard Class,Small Business,South America,Office Supplies,Smart Home Hub,1540,2,130
ORD-002134,2025-05-29,First Class,Corporate,South America,Furniture,4K Webcam,1166,1,207
ORD-002135,2025-10-12,Same Day,Small Business,Middle East,Gadgets,Ergonomic Desk Chair,2447,3,970
ORD-002136,2025-02-24,Standard Class,Education,Asia Pacific,Office Supplies,Phone Case MagSafe,147,6,27
ORD-002137,2024-01-22,Express,Corporate,Asia Pacific,Gadgets,Privacy Screen Protector,1141,7,109
ORD-002138,2024-06-29,Same Day,Government,North America,Electronics,4K Webcam,202,2,61
ORD-002139,2024-12-10,Second Class,Corporate,Africa,Electronics,Fitness Tracker Band,2079,2,732
ORD-002140,2024-01-25,Express,Corporate,Asia Pacific,Furniture,Mechanical Keyboard,1456,4,435
ORD-002141,2024-12-25,Second Class,Corporate,North America,Furniture,Smart Watch Series 5,219,8,91
ORD-002142,2025-05-24,Same Day,Corporate,South America,Office Supplies,Ergonomic Desk Chair,562,6,83
ORD-002143,2025-06-04,Standard Class,Small Business,Asia Pacific,Gadgets,4K Webcam,2546,1,698
ORD-002144,2025-01-18,Second Class,Small Business,South America,Accessories,Smart Home Hub,212,8,90
ORD-002145,2025-01-19,Standard Class,Education,South America,Gadgets,Mechanical Keyboard,2065,6,506
ORD-002146,2024-05-18,Standard Class,Small Business,Europe,Office Supplies,Smart Home Hub,665,8,230
ORD-002147,2025-12-21,Express,Government,Middle East,Office Supplies,Smart Home Hub,1720,1,178
ORD-002148,2024-10-31,Standard Class,Home Office,Europe,Office Supplies,Privacy Screen Protector,379,3,65
ORD-002149,2024-02-19,Standard Class,Small Business,Middle East,Accessories,"Laptop Pro 14""",2450,8,1035
ORD-002150,2025-08-11,First Class,Corporate,South America,Gadgets,Wireless Noise Cancelling Headphones,543,4,70
ORD-002151,2024-09-07,Second Class,Consumer,Asia Pacific,Furniture,Smart Watch Series 5,921,5,286
ORD-002152,2025-10-16,Express,Small Business,Asia Pacific,Gadgets,USB-C Hub 7-in-1,2348,3,844
ORD-002153,2025-06-10,Express,Home Office,Europe,Accessories,Laptop Cooling Stand,2257,8,462
ORD-002154,2024-04-01,Standard Class,Home Office,Europe,Accessories,Bluetooth Speaker,2320,3,848
ORD-002155,2024-04-04,First Class,Consumer,Middle East,Office Supplies,Gaming Mouse RGB,768,2,246
ORD-002156,2025-04-01,Same Day,Consumer,Middle East,Office Supplies,4K Webcam,315,6,118
ORD-002157,2024-05-26,Standard Class,Consumer,Europe,Electronics,Privacy Screen Protector,1428,6,484
ORD-002158,2024-03-13,Express,Education,Asia Pacific,Gadgets,4K Webcam,1007,8,317
ORD-002159,2025-11-26,Same Day,Government,Africa,Electronics,Mechanical Keyboard,2051,5,276
ORD-002160,2025-10-15,Standard Class,Consumer,North America,Furniture,USB-C Hub 7-in-1,531,1,184
ORD-002161,2024-07-31,Express,Education,North America,Office Supplies,Smart Watch Series 5,942,6,345
ORD-002162,2024-07-25,Standard Class,Corporate,Africa,Office Supplies,Mechanical Keyboard,51,3,18
ORD-002163,2024-04-26,Second Class,Home Office,Middle East,Furniture,USB-C Hub 7-in-1,852,4,135
ORD-002164,2024-05-14,Express,Consumer,Middle East,Office Supplies,Gaming Mouse RGB,527,1,92
ORD-002165,2024-03-30,Same Day,Home Office,Middle East,Electronics,Gaming Mouse RGB,1312,6,349
ORD-002166,2025-01-15,Same Day,Education,North America,Office Supplies,"Monitor 27"" 4K",1834,6,183
ORD-002167,2024-04-27,First Class,Consumer,North America,Electronics,Laptop Cooling Stand,416,3,69
ORD-002168,2025-12-20,Second Class,Education,Middle East,Electronics,USB-C Hub 7-in-1,2217,5,705
ORD-002169,2024-07-20,First Class,Education,Asia Pacific,Accessories,USB-C Hub 7-in-1,1745,4,547
ORD-002170,2024-07-30,Standard Class,Education,Africa,Electronics,Phone Case MagSafe,2299,5,308
ORD-002171,2025-01-09,Second Class,Corporate,Europe,Accessories,Laptop Cooling Stand,839,1,173
ORD-002172,2025-09-18,Second Class,Consumer,South America,Electronics,Smart Home Hub,2382,5,241
ORD-002173,2025-08-15,First Class,Home Office,Middle East,Electronics,Gaming Mouse RGB,401,5,84
ORD-002174,2025-02-08,Express,Education,Europe,Gadgets,Phone Case MagSafe,1767,7,406
ORD-002175,2024-03-15,Express,Consumer,North America,Accessories,Ergonomic Desk Chair,1387,8,243
ORD-002176,2025-04-16,Express,Government,Africa,Accessories,Smart Home Hub,1616,6,625
ORD-002177,2025-08-07,Standard Class,Education,Asia Pacific,Electronics,Fitness Tracker Band,1421,4,452
ORD-002178,2024-02-18,Same Day,Small Business,South America,Electronics,"Monitor 27"" 4K",963,2,395
ORD-002179,2024-07-13,Express,Education,Europe,Gadgets,4K Webcam,1181,5,407
ORD-002180,2024-09-15,Second Class,Small Business,Africa,Gadgets,Mechanical Keyboard,544,3,84
ORD-002181,2024-05-28,Express,Consumer,Middle East,Office Supplies,Bluetooth Speaker,1108,2,176
ORD-002182,2024-09-15,Same Day,Home Office,Middle East,Gadgets,4K Webcam,829,4,78
ORD-002183,2024-02-04,Second Class,Corporate,South America,Electronics,Smartphone Ultra,871,2,295
ORD-002184,2025-07-16,Same Day,Home Office,Europe,Accessories,Standing Desk Frame,1228,2,467
ORD-002185,2024-04-11,First Class,Education,Africa,Electronics,Wireless Charger Pad,513,2,75
ORD-002186,2024-12-20,Express,Education,Asia Pacific,Furniture,Privacy Screen Protector,1367,4,354
ORD-002187,2024-03-30,Standard Class,Education,Europe,Gadgets,"Laptop Pro 14""",1686,7,522
ORD-002188,2024-05-25,Same Day,Consumer,Middle East,Office Supplies,Smartphone Ultra,2272,7,225
ORD-002189,2024-03-18,Same Day,Small Business,Asia Pacific,Office Supplies,Standing Desk Frame,361,2,77
ORD-002190,2024-11-07,Express,Government,Asia Pacific,Electronics,"Monitor 27"" 4K",496,8,140
ORD-002191,2025-06-24,Standard Class,Small Business,South America,Office Supplies,Wireless Charger Pad,1828,7,391
ORD-002192,2025-08-22,Second Class,Home Office,North America,Gadgets,Smart Home Hub,1556,4,134
ORD-002193,2024-07-16,First Class,Education,Europe,Office Supplies,Smartphone Ultra,2295,1,864
ORD-002194,2025-08-24,Second Class,Education,South America,Accessories,Laptop Cooling Stand,2528,3,557
ORD-002195,2024-07-06,Standard Class,Corporate,Middle East,Electronics,"Laptop Pro 14""",705,1,198
ORD-002196,2024-12-20,First Class,Home Office,Africa,Electronics,Smartphone Ultra,377,5,97
ORD-002197,2025-02-03,First Class,Consumer,North America,Electronics,External SSD 1TB,2004,8,798
ORD-002198,2024-05-26,Standard Class,Small Business,North America,Electronics,Phone Case MagSafe,2159,4,229
ORD-002199,2024-01-30,Same Day,Small Business,North America,Office Supplies,Gaming Mouse RGB,1352,1,571
ORD-002200,2025-10-27,First Class,Consumer,Europe,Office Supplies,External SSD 1TB,1030,4,309
ORD-002201,2024-07-16,Same Day,Government,North America,Office Supplies,Standing Desk Frame,1034,6,179
ORD-002202,2024-12-01,Second Class,Education,North America,Gadgets,"Monitor 27"" 4K",52,3,9
ORD-002203,2025-04-04,Second Class,Corporate,Europe,Furniture,Smart Home Hub,1363,7,469
ORD-002204,2024-03-02,Express,Government,Asia Pacific,Accessories,Mechanical Keyboard,1513,8,580
ORD-002205,2025-07-09,Standard Class,Small Business,Africa,Electronics,Smart Watch Series 5,2336,7,968
ORD-002206,2025-08-01,First Class,Consumer,North America,Accessories,4K Webcam,2411,3,566
ORD-002207,2025-04-07,Standard Class,Home Office,North America,Gadgets,Laptop Cooling Stand,1575,6,287
ORD-002208,2024-10-11,Express,Education,Europe,Office Supplies,Wireless Noise Cancelling Headphones,2177,1,889
ORD-002209,2025-07-09,Standard Class,Small Business,Middle East,Electronics,4K Webcam,1390,4,376
ORD-002210,2024-10-02,Express,Corporate,Middle East,Office Supplies,Gaming Mouse RGB,2172,2,539
ORD-002211,2025-04-24,Same Day,Education,Africa,Accessories,"Monitor 27"" 4K",941,4,297
ORD-002212,2025-04-19,Express,Small Business,Africa,Electronics,Gaming Mouse RGB,1604,8,297
ORD-002213,2025-02-23,Express,Consumer,Europe,Accessories,External SSD 1TB,1666,6,624
ORD-002214,2025-05-03,Standard Class,Government,South America,Furniture,"Monitor 27"" 4K",1684,5,222
ORD-002215,2025-08-15,Second Class,Consumer,Middle East,Furniture,Bluetooth Speaker,755,2,228
ORD-002216,2025-01-09,Standard Class,Corporate,Europe,Gadgets,"Laptop Pro 14""",518,4,183
ORD-002217,2024-08-22,Express,Home Office,Africa,Electronics,Smartphone Ultra,2362,8,923
ORD-002218,2025-04-15,Second Class,Corporate,North America,Office Supplies,Phone Case MagSafe,1003,1,200
ORD-002219,2025-02-26,Same Day,Small Business,South America,Office Supplies,Smart Watch Series 5,772,2,93
ORD-002220,2024-03-13,First Class,Education,Africa,Gadgets,Mechanical Keyboard,525,5,173
ORD-002221,2025-06-27,Second Class,Education,North America,Office Supplies,Fitness Tracker Band,2174,2,208
ORD-002222,2025-03-05,Second Class,Consumer,Asia Pacific,Furniture,"Laptop Pro 14""",1182,8,332
ORD-002223,2024-02-11,Standard Class,Consumer,South America,Electronics,Wireless Charger Pad,2441,3,899
ORD-002224,2024-04-18,Standard Class,Small Business,Asia Pacific,Office Supplies,"Laptop Pro 14""",2195,3,310
ORD-002225,2025-11-21,First Class,Consumer,Europe,Furniture,Privacy Screen Protector,1412,7,342
ORD-002226,2024-06-25,Standard Class,Small Business,South America,Office Supplies,Mechanical Keyboard,2377,1,965
ORD-002227,2025-02-15,First Class,Corporate,Africa,Electronics,Wireless Charger Pad,207,8,73
ORD-002228,2025-08-28,Standard Class,Corporate,Middle East,Office Supplies,"Tablet Air 11""",881,2,88
ORD-002229,2024-05-20,Standard Class,Corporate,Europe,Electronics,Ergonomic Desk Chair,1398,1,338
ORD-002230,2024-06-30,Standard Class,Corporate,Middle East,Accessories,Ergonomic Desk Chair,1394,3,159
ORD-002231,2024-05-13,Standard Class,Corporate,Africa,Gadgets,"Monitor 27"" 4K",589,6,80
ORD-002232,2025-04-02,Same Day,Home Office,Middle East,Furniture,"Monitor 27"" 4K",595,3,72
ORD-002233,2025-12-02,First Class,Government,Asia Pacific,Office Supplies,USB-C Hub 7-in-1,2305,5,203
ORD-002234,2025-07-30,Standard Class,Home Office,North America,Accessories,Wireless Noise Cancelling Headphones,1867,1,260
ORD-002235,2025-01-18,First Class,Home Office,Asia Pacific,Furniture,"Tablet Air 11""",978,3,142
ORD-002236,2025-05-28,Same Day,Government,Africa,Office Supplies,Laptop Cooling Stand,2458,2,340
ORD-002237,2024-03-06,Standard Class,Education,South America,Office Supplies,"Laptop Pro 14""",2013,5,367
ORD-002238,2024-06-17,Second Class,Corporate,Asia Pacific,Gadgets,Privacy Screen Protector,2354,2,244
ORD-002239,2025-06-28,Express,Corporate,Europe,Electronics,Phone Case MagSafe,1808,7,212
ORD-002240,2024-12-24,First Class,Home Office,North America,Electronics,Mechanical Keyboard,1430,4,510
ORD-002241,2025-04-06,Second Class,Small Business,Africa,Office Supplies,Standing Desk Frame,2409,2,956
ORD-002242,2025-02-02,First Class,Home Office,North America,Accessories,Gaming Mouse RGB,1528,6,471
ORD-002243,2025-08-17,Standard Class,Government,Europe,Furniture,Ergonomic Desk Chair,1697,1,153
ORD-002244,2024-01-29,First Class,Government,South America,Gadgets,"Tablet Air 11""",1334,3,213
ORD-002245,2025-04-28,First Class,Education,Asia Pacific,Accessories,Gaming Mouse RGB,2041,7,409
ORD-002246,2025-04-03,Express,Small Business,Africa,Accessories,Laptop Cooling Stand,1753,3,536
ORD-002247,2024-12-02,Express,Home Office,South America,Office Supplies,Gaming Mouse RGB,2495,6,466
ORD-002248,2025-06-13,Express,Corporate,Middle East,Office Supplies,USB-C Hub 7-in-1,876,2,195
ORD-002249,2025-02-05,Same Day,Government,South America,Gadgets,Wireless Charger Pad,1119,2,455
ORD-002250,2025-09-23,Second Class,Corporate,Europe,Furniture,External SSD 1TB,1416,7,558
ORD-002251,2025-11-06,Express,Consumer,South America,Gadgets,Bluetooth Speaker,2278,3,203
ORD-002252,2024-07-02,Express,Government,Africa,Electronics,USB-C Hub 7-in-1,1057,8,428
ORD-002253,2025-04-25,Same Day,Consumer,Asia Pacific,Furniture,Bluetooth Speaker,1561,5,189
ORD-002254,2025-02-27,Same Day,Education,Middle East,Accessories,4K Webcam,1635,7,502
ORD-002255,2024-03-27,Express,Corporate,South America,Gadgets,Laptop Cooling Stand,2505,7,694
ORD-002256,2024-04-17,First Class,Consumer,Asia Pacific,Electronics,"Tablet Air 11""",2401,3,551
ORD-002257,2025-04-25,Second Class,Home Office,Middle East,Furniture,Standing Desk Frame,964,6,277
ORD-002258,2024-09-16,Second Class,Corporate,North America,Accessories,Wireless Noise Cancelling Headphones,976,8,391
ORD-002259,2025-05-12,Standard Class,Government,South America,Office Supplies,Smart Home Hub,283,4,107
ORD-002260,2024-05-27,Standard Class,Corporate,Middle East,Office Supplies,Bluetooth Speaker,550,7,164
ORD-002261,2024-08-31,Second Class,Small Business,South America,Accessories,Smartphone Ultra,1042,3,166
ORD-002262,2024-11-11,Express,Corporate,Africa,Accessories,"Tablet Air 11""",754,2,97
ORD-002263,2025-11-07,Same Day,Small Business,Middle East,Gadgets,"Monitor 27"" 4K",359,7,38
ORD-002264,2024-12-21,Express,Home Office,Asia Pacific,Furniture,USB-C Hub 7-in-1,1868,8,242
ORD-002265,2024-07-12,Express,Consumer,Europe,Furniture,Ergonomic Desk Chair,932,4,164
ORD-002266,2025-03-05,Express,Government,Africa,Furniture,Bluetooth Speaker,290,8,63
ORD-002267,2024-06-13,Express,Consumer,Asia Pacific,Electronics,Phone Case MagSafe,2500,4,1011
ORD-002268,2024-08-16,Standard Class,Home Office,North America,Office Supplies,4K Webcam,1680,5,162
ORD-002269,2024-03-09,First Class,Corporate,North America,Furniture,Smart Watch Series 5,1007,4,228
ORD-002270,2025-02-22,First Class,Small Business,Europe,Electronics,Mechanical Keyboard,1815,5,198
ORD-002271,2025-05-02,Same Day,Small Business,Africa,Electronics,External SSD 1TB,1380,2,312
ORD-002272,2024-04-07,Standard Class,Corporate,North America,Gadgets,Gaming Mouse RGB,519,8,170
ORD-002273,2024-09-22,Standard Class,Home Office,Europe,Electronics,USB-C Hub 7-in-1,90,4,10
ORD-002274,2025-10-29,Same Day,Corporate,Middle East,Accessories,4K Webcam,340,4,140
ORD-002275,2025-10-12,Same Day,Home Office,North America,Furniture,Gaming Mouse RGB,2415,1,541
ORD-002276,2025-03-31,Standard Class,Government,Asia Pacific,Furniture,Mechanical Keyboard,1144,2,377
ORD-002277,2025-11-25,Express,Home Office,Asia Pacific,Accessories,"Monitor 27"" 4K",766,6,153
ORD-002278,2025-03-03,Express,Consumer,North America,Furniture,Privacy Screen Protector,1274,5,387
ORD-002279,2024-02-01,Second Class,Small Business,South America,Gadgets,External SSD 1TB,320,8,76
ORD-002280,2024-12-06,Second Class,Consumer,Asia Pacific,Furniture,USB-C Hub 7-in-1,409,7,120
ORD-002281,2024-09-19,Same Day,Small Business,North America,Office Supplies,External SSD 1TB,2197,6,509
ORD-002282,2025-04-18,Express,Government,Asia Pacific,Office Supplies,Wireless Charger Pad,607,1,252
ORD-002283,2025-08-15,Standard Class,Consumer,Middle East,Gadgets,4K Webcam,1908,3,287
ORD-002284,2025-12-09,Standard Class,Consumer,Europe,Office Supplies,"Monitor 27"" 4K",2283,7,224
ORD-002285,2024-01-18,Express,Education,South America,Gadgets,Standing Desk Frame,2336,6,617
ORD-002286,2024-04-25,Same Day,Education,Africa,Furniture,Gaming Mouse RGB,939,8,358
ORD-002287,2024-07-07,First Class,Corporate,South America,Office Supplies,Phone Case MagSafe,2460,4,353
ORD-002288,2024-07-08,First Class,Education,Africa,Accessories,Mechanical Keyboard,469,8,96
ORD-002289,2025-07-04,Standard Class,Home Office,Asia Pacific,Office Supplies,4K Webcam,232,7,54
ORD-002290,2025-12-05,Second Class,Home Office,North America,Gadgets,Wireless Noise Cancelling Headphones,922,4,204
ORD-002291,2025-10-27,Express,Small Business,Middle East,Gadgets,Ergonomic Desk Chair,2128,3,590
ORD-002292,2025-10-06,Same Day,Education,Africa,Gadgets,Wireless Charger Pad,1780,3,354
ORD-002293,2024-12-26,Same Day,Government,South America,Office Supplies,Bluetooth Speaker,1389,2,335
ORD-002294,2024-09-21,First Class,Education,Middle East,Electronics,USB-C Hub 7-in-1,1222,1,199
ORD-002295,2024-11-14,Standard Class,Education,North America,Electronics,Bluetooth Speaker,539,2,70
ORD-002296,2024-06-23,Standard Class,Consumer,North America,Accessories,Standing Desk Frame,741,8,312
ORD-002297,2025-06-07,Standard Class,Education,Middle East,Electronics,Laptop Cooling Stand,1124,3,208
ORD-002298,2024-12-18,Same Day,Consumer,Africa,Accessories,Laptop Cooling Stand,1019,3,138
ORD-002299,2025-03-23,Same Day,Government,Middle East,Office Supplies,Laptop Cooling Stand,675,3,192
ORD-002300,2024-02-13,Express,Education,Africa,Electronics,Bluetooth Speaker,885,3,123
ORD-002301,2025-06-20,Standard Class,Corporate,Middle East,Gadgets,Laptop Cooling Stand,2316,4,837
ORD-002302,2024-08-23,Second Class,Education,South America,Gadgets,Standing Desk Frame,878,2,226
ORD-002303,2025-08-17,First Class,Government,Europe,Accessories,"Monitor 27"" 4K",2302,1,860
ORD-002304,2024-04-11,Standard Class,Government,South America,Gadgets,Fitness Tracker Band,362,5,98
ORD-002305,2024-11-22,Express,Education,Middle East,Furniture,"Monitor 27"" 4K",735,6,101
ORD-002306,2025-04-09,First Class,Corporate,Middle East,Gadgets,Mechanical Keyboard,2058,2,582
ORD-002307,2025-09-30,Express,Education,Middle East,Furniture,Smart Watch Series 5,696,6,160
ORD-002308,2025-09-01,Express,Corporate,Middle East,Gadgets,USB-C Hub 7-in-1,1870,5,457
ORD-002309,2025-07-30,Express,Corporate,Africa,Electronics,Wireless Noise Cancelling Headphones,1538,3,306
ORD-002310,2024-08-18,Standard Class,Education,Asia Pacific,Accessories,"Laptop Pro 14""",2212,8,535
ORD-002311,2024-11-24,Same Day,Education,Asia Pacific,Office Supplies,Wireless Noise Cancelling Headphones,2108,8,532
ORD-002312,2025-01-22,Express,Small Business,North America,Office Supplies,"Tablet Air 11""",1105,6,324
ORD-002313,2025-07-14,First Class,Corporate,Europe,Office Supplies,"Laptop Pro 14""",129,6,43
ORD-002314,2024-05-15,Same Day,Small Business,South America,Office Supplies,Laptop Cooling Stand,1798,4,440
ORD-002315,2025-02-25,Second Class,Consumer,South America,Gadgets,Wireless Noise Cancelling Headphones,958,4,113
ORD-002316,2025-04-10,First Class,Small Business,Africa,Furniture,Mechanical Keyboard,146,7,25
ORD-002317,2025-03-04,First Class,Small Business,Asia Pacific,Accessories,Privacy Screen Protector,1341,3,479
ORD-002318,2024-04-18,Same Day,Corporate,North America,Office Supplies,Gaming Mouse RGB,459,2,98
ORD-002319,2025-09-05,First Class,Education,South America,Furniture,Standing Desk Frame,1086,7,419
ORD-002320,2025-09-17,Same Day,Small Business,Asia Pacific,Furniture,4K Webcam,162,4,31
ORD-002321,2024-10-19,Standard Class,Corporate,South America,Office Supplies,"Monitor 27"" 4K",312,3,38
ORD-002322,2025-10-20,Express,Small Business,Europe,Gadgets,USB-C Hub 7-in-1,691,3,277
ORD-002323,2025-03-26,Express,Education,South America,Office Supplies,Privacy Screen Protector,373,1,114
ORD-002324,2024-12-26,First Class,Small Business,North America,Gadgets,Privacy Screen Protector,449,4,88
ORD-002325,2025-10-06,Same Day,Small Business,North America,Accessories,Laptop Cooling Stand,1867,8,500
ORD-002326,2024-02-23,Express,Small Business,South America,Furniture,Wireless Charger Pad,1620,5,248
ORD-002327,2025-07-18,Express,Home Office,Asia Pacific,Electronics,Smart Home Hub,1700,1,204
ORD-002328,2025-09-27,Standard Class,Government,Middle East,Furniture,Laptop Cooling Stand,2383,1,501
ORD-002329,2024-09-09,Same Day,Consumer,Africa,Accessories,Bluetooth Speaker,2177,5,627
ORD-002330,2024-05-09,Second Class,Government,Africa,Electronics,Bluetooth Speaker,1025,6,154
ORD-002331,2025-01-14,Same Day,Education,Europe,Office Supplies,"Tablet Air 11""",1251,2,324
ORD-002332,2025-11-26,Express,Government,Middle East,Accessories,Wireless Noise Cancelling Headphones,1169,4,366
ORD-002333,2025-10-27,Express,Education,North America,Gadgets,"Monitor 27"" 4K",1007,3,408
ORD-002334,2024-03-04,Same Day,Education,Europe,Furniture,"Tablet Air 11""",217,3,27
ORD-002335,2024-02-27,Standard Class,Education,North America,Gadgets,Phone Case MagSafe,1626,1,356
ORD-002336,2024-08-05,Express,Home Office,South America,Office Supplies,"Tablet Air 11""",1374,6,404
ORD-002337,2025-07-20,Express,Corporate,South America,Office Supplies,Mechanical Keyboard,389,4,88
ORD-002338,2025-03-10,Second Class,Corporate,North America,Accessories,"Monitor 27"" 4K",2149,8,854
ORD-002339,2025-05-10,Same Day,Education,Africa,Furniture,Wireless Charger Pad,2259,4,202
ORD-002340,2024-01-28,Same Day,Corporate,Middle East,Furniture,"Laptop Pro 14""",2196,5,191
ORD-002341,2025-03-04,Express,Government,Asia Pacific,Furniture,Phone Case MagSafe,2149,1,693
ORD-002342,2024-02-03,Standard Class,Education,North America,Office Supplies,Laptop Cooling Stand,686,7,94
ORD-002343,2025-07-24,Standard Class,Corporate,Europe,Furniture,Mechanical Keyboard,1081,1,320
ORD-002344,2025-11-29,Second Class,Education,North America,Gadgets,Smart Home Hub,1526,2,601
ORD-002345,2024-11-21,Express,Consumer,Middle East,Office Supplies,Fitness Tracker Band,1557,1,426
ORD-002346,2025-03-26,Express,Government,Asia Pacific,Electronics,4K Webcam,1660,2,612
ORD-002347,2024-09-28,Same Day,Home Office,Middle East,Office Supplies,Smart Watch Series 5,146,3,52
ORD-002348,2024-08-18,Standard Class,Consumer,South America,Office Supplies,"Monitor 27"" 4K",1583,3,520
ORD-002349,2025-03-22,First Class,Government,South America,Office Supplies,Mechanical Keyboard,1757,2,598
ORD-002350,2024-11-25,Second Class,Education,Africa,Electronics,Bluetooth Speaker,2233,5,717
ORD-002351,2025-07-28,Standard Class,Home Office,South America,Office Supplies,Smart Watch Series 5,1307,6,408
ORD-002352,2025-06-30,Express,Home Office,South America,Electronics,Mechanical Keyboard,2432,2,563
ORD-002353,2024-10-17,Express,Corporate,Europe,Accessories,Standing Desk Frame,1580,1,228
ORD-002354,2024-10-01,Second Class,Government,North America,Office Supplies,Smartphone Ultra,1085,2,359
ORD-002355,2024-03-30,Second Class,Corporate,Asia Pacific,Accessories,Phone Case MagSafe,783,8,118
ORD-002356,2025-10-21,Second Class,Home Office,Africa,Furniture,"Laptop Pro 14""",547,2,205
ORD-002357,2025-05-22,Express,Corporate,North America,Office Supplies,"Laptop Pro 14""",1759,1,662
ORD-002358,2025-07-19,Standard Class,Small Business,Asia Pacific,Furniture,Privacy Screen Protector,261,1,71
ORD-002359,2024-11-25,Standard Class,Home Office,North America,Furniture,"Laptop Pro 14""",2276,6,833
ORD-002360,2024-09-13,Express,Education,Asia Pacific,Furniture,External SSD 1TB,2363,4,628
ORD-002361,2025-06-05,Standard Class,Government,Asia Pacific,Accessories,"Monitor 27"" 4K",1852,7,695
ORD-002362,2025-02-20,First Class,Consumer,Middle East,Gadgets,Smart Home Hub,1332,5,121
ORD-002363,2024-12-27,Same Day,Corporate,Asia Pacific,Furniture,External SSD 1TB,2255,7,322
ORD-002364,2024-04-11,Express,Consumer,North America,Office Supplies,Phone Case MagSafe,2330,2,291
ORD-002365,2024-08-13,Standard Class,Corporate,South America,Gadgets,USB-C Hub 7-in-1,732,7,105
ORD-002366,2025-12-10,Same Day,Small Business,Middle East,Gadgets,Smart Home Hub,1866,8,275
ORD-002367,2024-03-10,Express,Small Business,Asia Pacific,Accessories,USB-C Hub 7-in-1,486,5,161
ORD-002368,2025-09-24,Standard Class,Education,North America,Accessories,Standing Desk Frame,1774,2,411
ORD-002369,2024-05-20,Same Day,Small Business,North America,Accessories,"Monitor 27"" 4K",429,5,62
ORD-002370,2025-05-19,Same Day,Corporate,South America,Furniture,Laptop Cooling Stand,886,3,91
ORD-002371,2025-08-29,First Class,Government,Europe,Furniture,Mechanical Keyboard,1495,3,555
ORD-002372,2024-11-13,Express,Home Office,Europe,Office Supplies,External SSD 1TB,153,3,59
ORD-002373,2024-08-13,Second Class,Small Business,South America,Office Supplies,Smart Watch Series 5,1519,8,423
ORD-002374,2025-10-17,First Class,Home Office,South America,Furniture,Smart Home Hub,1467,4,488
ORD-002375,2025-06-21,First Class,Consumer,Europe,Furniture,External SSD 1TB,1058,6,108
ORD-002376,2024-12-03,Second Class,Education,Middle East,Gadgets,Smart Home Hub,1776,8,530
ORD-002377,2024-05-13,Express,Corporate,North America,Office Supplies,"Monitor 27"" 4K",451,8,112
ORD-002378,2025-05-26,Standard Class,Consumer,Middle East,Gadgets,Smart Watch Series 5,924,7,116
ORD-002379,2025-05-17,Standard Class,Corporate,Europe,Accessories,Wireless Noise Cancelling Headphones,812,1,293
ORD-002380,2024-02-07,First Class,Corporate,Africa,Electronics,Ergonomic Desk Chair,101,6,17
ORD-002381,2024-07-23,Standard Class,Corporate,North America,Electronics,USB-C Hub 7-in-1,2484,5,271
ORD-002382,2025-06-21,Same Day,Government,Middle East,Accessories,Smartphone Ultra,2529,5,590
ORD-002383,2025-05-05,First Class,Corporate,Middle East,Accessories,"Tablet Air 11""",1835,4,679
ORD-002384,2024-04-22,Standard Class,Corporate,Africa,Gadgets,Wireless Charger Pad,797,3,225
ORD-002385,2025-10-05,Second Class,Small Business,Africa,Accessories,Privacy Screen Protector,491,7,52
ORD-002386,2025-10-20,Standard Class,Small Business,Europe,Electronics,"Tablet Air 11""",1397,5,592
ORD-002387,2025-12-17,Second Class,Small Business,Africa,Accessories,"Laptop Pro 14""",2081,8,454
ORD-002388,2025-09-15,Second Class,Home Office,Africa,Accessories,Bluetooth Speaker,2318,4,520
ORD-002389,2025-10-21,Standard Class,Home Office,Africa,Gadgets,Smart Watch Series 5,1792,3,529
ORD-002390,2025-09-20,Second Class,Home Office,North America,Accessories,Ergonomic Desk Chair,683,1,190
ORD-002391,2025-01-08,Standard Class,Government,South America,Office Supplies,"Monitor 27"" 4K",1047,5,250
ORD-002392,2024-12-02,First Class,Small Business,South America,Gadgets,Smart Home Hub,920,1,114
ORD-002393,2025-11-23,Second Class,Small Business,Africa,Accessories,"Laptop Pro 14""",684,8,282
ORD-002394,2025-10-12,First Class,Corporate,Europe,Office Supplies,Bluetooth Speaker,160,5,31
ORD-002395,2025-11-03,Express,Education,Africa,Gadgets,Fitness Tracker Band,946,5,327
ORD-002396,2024-12-19,Second Class,Home Office,Europe,Accessories,"Monitor 27"" 4K",930,8,335
ORD-002397,2024-01-04,First Class,Small Business,North America,Accessories,Bluetooth Speaker,401,4,170
ORD-002398,2025-05-01,Same Day,Corporate,Middle East,Electronics,Smart Home Hub,2318,6,332
ORD-002399,2025-06-15,Second Class,Education,North America,Electronics,"Tablet Air 11""",1828,3,756
ORD-002400,2025-04-30,Second Class,Education,South America,Accessories,Smart Home Hub,391,5,100
ORD-002401,2024-09-26,First Class,Corporate,Middle East,Gadgets,"Monitor 27"" 4K",2219,1,487
ORD-002402,2024-07-14,Express,Home Office,North America,Office Supplies,Mechanical Keyboard,1392,1,399
ORD-002403,2025-08-07,First Class,Education,Africa,Accessories,Standing Desk Frame,169,6,21
ORD-002404,2024-01-29,Same Day,Home Office,Europe,Furniture,Laptop Cooling Stand,1804,5,322
ORD-002405,2025-11-02,Same Day,Education,South America,Furniture,Mechanical Keyboard,1791,8,377
ORD-002406,2024-10-23,Express,Education,South America,Office Supplies,Mechanical Keyboard,182,5,32
ORD-002407,2024-07-19,First Class,Home Office,Middle East,Gadgets,Wireless Charger Pad,2424,5,784
ORD-002408,2024-09-24,Second Class,Corporate,Africa,Furniture,Standing Desk Frame,2158,6,521
ORD-002409,2025-09-21,Second Class,Small Business,Middle East,Gadgets,USB-C Hub 7-in-1,101,6,36
ORD-002410,2024-03-09,Same Day,Home Office,Middle East,Gadgets,Wireless Charger Pad,1571,3,543
ORD-002411,2025-06-19,First Class,Education,Asia Pacific,Electronics,Smart Home Hub,1505,3,452
ORD-002412,2024-10-14,Second Class,Consumer,Europe,Electronics,Bluetooth Speaker,141,7,42
ORD-002413,2025-07-30,First Class,Home Office,Africa,Accessories,Smart Home Hub,2465,1,565
ORD-002414,2025-11-25,Express,Education,North America,Furniture,Privacy Screen Protector,1789,5,603
ORD-002415,2024-10-20,Express,Government,South America,Furniture,Standing Desk Frame,466,6,91
ORD-002416,2025-05-18,Same Day,Government,Africa,Electronics,"Monitor 27"" 4K",1941,1,482
ORD-002417,2025-01-21,First Class,Education,Asia Pacific,Furniture,Smart Home Hub,2128,8,679
ORD-002418,2024-01-22,First Class,Education,North America,Electronics,"Monitor 27"" 4K",1851,2,709
ORD-002419,2024-03-15,First Class,Home Office,Africa,Furniture,Smart Watch Series 5,2206,2,832
ORD-002420,2024-03-31,Standard Class,Corporate,North America,Gadgets,Smartphone Ultra,1759,6,600
ORD-002421,2025-04-11,Same Day,Corporate,Middle East,Furniture,Smartphone Ultra,186,3,23
ORD-002422,2025-05-26,First Class,Education,Asia Pacific,Office Supplies,Wireless Noise Cancelling Headphones,653,2,78
ORD-002423,2025-01-15,Standard Class,Government,North America,Furniture,Mechanical Keyboard,1859,3,254
ORD-002424,2025-04-21,Second Class,Home Office,Asia Pacific,Gadgets,External SSD 1TB,1799,2,187
ORD-002425,2025-04-03,Same Day,Consumer,Asia Pacific,Furniture,Phone Case MagSafe,674,6,55
ORD-002426,2025-11-06,Standard Class,Government,Middle East,Furniture,Laptop Cooling Stand,2265,5,875
ORD-002427,2025-08-09,First Class,Government,South America,Accessories,Mechanical Keyboard,706,2,63
ORD-002428,2025-07-27,Same Day,Home Office,Europe,Electronics,"Tablet Air 11""",1623,6,362
ORD-002429,2024-12-11,Express,Consumer,Asia Pacific,Office Supplies,Mechanical Keyboard,1874,8,730
ORD-002430,2025-07-17,Express,Government,Africa,Furniture,"Monitor 27"" 4K",1406,3,600
ORD-002431,2025-03-21,Second Class,Home Office,Europe,Electronics,"Laptop Pro 14""",325,6,87
ORD-002432,2025-01-01,Second Class,Government,Africa,Furniture,Ergonomic Desk Chair,1744,6,346
ORD-002433,2024-10-10,Standard Class,Consumer,Asia Pacific,Furniture,Wireless Charger Pad,939,5,369
ORD-002434,2025-09-20,Standard Class,Education,Europe,Electronics,Gaming Mouse RGB,486,4,179
ORD-002435,2024-10-11,First Class,Home Office,Middle East,Office Supplies,USB-C Hub 7-in-1,2455,4,321
ORD-002436,2024-04-04,Express,Corporate,Middle East,Gadgets,"Laptop Pro 14""",1836,2,440
ORD-002437,2024-01-22,Express,Consumer,South America,Accessories,Gaming Mouse RGB,2472,1,294
ORD-002438,2024-05-29,Express,Consumer,Africa,Office Supplies,Standing Desk Frame,831,2,112
ORD-002439,2025-03-28,First Class,Government,North America,Gadgets,4K Webcam,279,8,67
ORD-002440,2025-12-04,Standard Class,Education,South America,Office Supplies,4K Webcam,1642,7,643
ORD-002441,2025-10-30,Same Day,Government,South America,Gadgets,Standing Desk Frame,1721,1,599
ORD-002442,2024-08-24,First Class,Government,Asia Pacific,Electronics,Wireless Charger Pad,1113,7,414
ORD-002443,2025-08-07,Express,Consumer,Middle East,Office Supplies,Fitness Tracker Band,1764,4,200
ORD-002444,2025-01-08,Express,Corporate,Africa,Accessories,Smartphone Ultra,2075,4,884
ORD-002445,2024-05-12,First Class,Consumer,Africa,Office Supplies,Bluetooth Speaker,2371,8,836
ORD-002446,2024-07-25,Same Day,Corporate,Asia Pacific,Gadgets,Phone Case MagSafe,412,6,151
ORD-002447,2025-06-03,Same Day,Education,Middle East,Accessories,USB-C Hub 7-in-1,1272,6,208
ORD-002448,2025-10-29,Second Class,Home Office,Europe,Office Supplies,Bluetooth Speaker,1991,3,625
ORD-002449,2024-11-20,Express,Corporate,South America,Furniture,Wireless Noise Cancelling Headphones,2314,8,274
ORD-002450,2025-11-26,Express,Small Business,Europe,Furniture,Bluetooth Speaker,954,2,84
ORD-002451,2024-11-06,Same Day,Small Business,South America,Gadgets,USB-C Hub 7-in-1,343,1,124
ORD-002452,2024-03-17,Second Class,Government,Europe,Office Supplies,USB-C Hub 7-in-1,2091,1,649
ORD-002453,2025-03-23,Standard Class,Education,Europe,Accessories,Laptop Cooling Stand,1286,2,384
ORD-002454,2024-08-02,Same Day,Government,South America,Office Supplies,Smartphone Ultra,2186,4,481
ORD-002455,2025-09-05,Second Class,Corporate,Africa,Gadgets,External SSD 1TB,2176,5,393
ORD-002456,2025-01-17,Express,Government,North America,Gadgets,Smart Watch Series 5,2426,1,794
ORD-002457,2024-05-21,First Class,Corporate,Europe,Gadgets,External SSD 1TB,1903,8,356
ORD-002458,2025-08-05,Same Day,Corporate,North America,Accessories,"Laptop Pro 14""",993,2,229
ORD-002459,2024-10-18,Second Class,Consumer,Europe,Gadgets,"Monitor 27"" 4K",2360,8,633
ORD-002460,2025-11-30,Standard Class,Education,North America,Accessories,External SSD 1TB,1336,5,388
ORD-002461,2025-02-03,Second Class,Home Office,Europe,Furniture,Laptop Cooling Stand,1602,5,138
ORD-002462,2024-10-15,First Class,Corporate,Asia Pacific,Accessories,Ergonomic Desk Chair,2454,8,322
ORD-002463,2025-05-17,Same Day,Home Office,Europe,Gadgets,Mechanical Keyboard,539,7,225
ORD-002464,2025-09-17,Second Class,Small Business,Africa,Office Supplies,Wireless Charger Pad,523,8,116
ORD-002465,2024-12-02,First Class,Consumer,Africa,Accessories,"Laptop Pro 14""",1792,6,753
ORD-002466,2025-07-23,Express,Small Business,North America,Gadgets,4K Webcam,410,7,144
ORD-002467,2025-04-04,First Class,Education,South America,Furniture,"Laptop Pro 14""",730,3,70
ORD-002468,2024-02-07,Second Class,Home Office,South America,Accessories,"Laptop Pro 14""",1841,8,755
ORD-002469,2025-12-15,First Class,Government,Africa,Furniture,Smart Home Hub,703,4,187
ORD-002470,2025-05-10,Express,Small Business,North America,Furniture,Ergonomic Desk Chair,957,2,175
ORD-002471,2025-04-27,Same Day,Consumer,Africa,Accessories,USB-C Hub 7-in-1,941,3,355
ORD-002472,2025-07-01,Standard Class,Small Business,North America,Office Supplies,External SSD 1TB,2043,7,474
ORD-002473,2024-07-16,Standard Class,Consumer,Asia Pacific,Furniture,Smart Home Hub,2042,6,746
ORD-002474,2024-10-04,Same Day,Consumer,Asia Pacific,Gadgets,Smartphone Ultra,292,1,78
ORD-002475,2025-04-09,Express,Consumer,Middle East,Furniture,External SSD 1TB,1703,1,192
ORD-002476,2025-12-22,Standard Class,Home Office,South America,Gadgets,Gaming Mouse RGB,2345,4,388
ORD-002477,2025-07-30,Same Day,Consumer,Middle East,Furniture,Mechanical Keyboard,694,1,85
ORD-002478,2025-09-06,Express,Government,Asia Pacific,Office Supplies,"Laptop Pro 14""",2536,5,687
ORD-002479,2024-02-13,Second Class,Government,Africa,Gadgets,"Tablet Air 11""",696,6,140
ORD-002480,2025-06-24,Same Day,Education,North America,Accessories,Standing Desk Frame,2119,6,333
ORD-002481,2025-10-18,Second Class,Home Office,Middle East,Gadgets,"Laptop Pro 14""",2093,3,445
ORD-002482,2025-05-22,First Class,Home Office,North America,Furniture,Wireless Noise Cancelling Headphones,1438,8,595
ORD-002483,2024-09-12,Standard Class,Small Business,South America,Accessories,Wireless Noise Cancelling Headphones,242,8,95
ORD-002484,2025-01-26,Second Class,Education,Asia Pacific,Accessories,4K Webcam,1563,3,647
ORD-002485,2024-07-17,Express,Government,Africa,Office Supplies,Gaming Mouse RGB,1608,2,311
ORD-002486,2025-10-13,Second Class,Small Business,South America,Accessories,Smart Watch Series 5,1584,2,471
ORD-002487,2025-09-29,First Class,Home Office,Asia Pacific,Furniture,Gaming Mouse RGB,2376,6,804
ORD-002488,2025-07-12,First Class,Consumer,Middle East,Gadgets,USB-C Hub 7-in-1,2201,1,897
ORD-002489,2025-01-09,Standard Class,Home Office,North America,Gadgets,Phone Case MagSafe,2300,5,486
ORD-002490,2024-08-13,Standard Class,Education,South America,Office Supplies,External SSD 1TB,2029,7,571
ORD-002491,2025-10-09,Same Day,Consumer,Europe,Accessories,Wireless Noise Cancelling Headphones,550,6,48
ORD-002492,2024-02-08,Second Class,Education,Africa,Furniture,USB-C Hub 7-in-1,2350,1,427
ORD-002493,2024-06-05,First Class,Education,South America,Electronics,Standing Desk Frame,1753,6,400
ORD-002494,2024-11-09,Express,Corporate,Europe,Furniture,Ergonomic Desk Chair,1163,3,283
ORD-002495,2024-05-11,Standard Class,Corporate,Africa,Electronics,Laptop Cooling Stand,2311,1,759
ORD-002496,2025-01-01,Same Day,Home Office,Africa,Furniture,"Tablet Air 11""",2348,2,333
ORD-002497,2024-07-13,Second Class,Small Business,North America,Office Supplies,Fitness Tracker Band,642,6,268
ORD-002498,2025-07-25,Standard Class,Small Business,North America,Accessories,Smart Home Hub,2389,2,816
ORD-002499,2024-10-10,First Class,Corporate,South America,Electronics,Phone Case MagSafe,1840,5,560
ORD-002500,2024-04-23,Second Class,Small Business,North America,Furniture,Wireless Noise Cancelling Headphones,1657,8,383
ORD-002501,2025-04-28,First Class,Education,Africa,Gadgets,Phone Case MagSafe,286,7,38
ORD-002502,2025-05-31,Same Day,Corporate,South America,Office Supplies,Ergonomic Desk Chair,2360,8,442
ORD-002503,2025-11-21,Standard Class,Consumer,Africa,Gadgets,Phone Case MagSafe,2150,3,873
ORD-002504,2024-03-04,Same Day,Consumer,South America,Electronics,"Monitor 27"" 4K",2200,6,225
ORD-002505,2025-01-02,Second Class,Small Business,North America,Gadgets,Smartphone Ultra,2520,8,853
ORD-002506,2024-12-09,Second Class,Consumer,Asia Pacific,Office Supplies,Wireless Charger Pad,1741,1,244
ORD-002507,2025-05-09,Express,Education,Middle East,Accessories,Gaming Mouse RGB,1711,6,370
ORD-002508,2025-05-21,Same Day,Government,Middle East,Electronics,Wireless Charger Pad,940,8,228
ORD-002509,2024-03-01,Express,Government,Asia Pacific,Gadgets,USB-C Hub 7-in-1,1342,6,306
ORD-002510,2024-12-15,Same Day,Corporate,Europe,Gadgets,Mechanical Keyboard,268,6,92
ORD-002511,2024-08-19,Same Day,Education,Africa,Electronics,Bluetooth Speaker,2429,1,525
ORD-002512,2024-07-20,Express,Education,Europe,Gadgets,Phone Case MagSafe,1318,3,322
ORD-002513,2024-11-02,Standard Class,Government,North America,Electronics,External SSD 1TB,199,2,52
ORD-002514,2025-01-08,First Class,Home Office,South America,Office Supplies,Fitness Tracker Band,2108,7,822
ORD-002515,2024-10-11,Same Day,Corporate,North America,Furniture,Phone Case MagSafe,1633,1,409
ORD-002516,2025-03-23,Second Class,Small Business,Asia Pacific,Accessories,Gaming Mouse RGB,1114,8,104
ORD-002517,2024-06-20,Express,Home Office,Europe,Office Supplies,Bluetooth Speaker,2371,4,942
ORD-002518,2025-09-29,Same Day,Consumer,Europe,Electronics,"Monitor 27"" 4K",942,8,99
ORD-002519,2024-05-25,Standard Class,Corporate,Middle East,Furniture,Standing Desk Frame,1154,8,353
ORD-002520,2025-10-21,Standard Class,Education,Africa,Gadgets,Gaming Mouse RGB,515,2,90
ORD-002521,2025-05-11,Second Class,Corporate,South America,Accessories,"Tablet Air 11""",2179,5,632
ORD-002522,2025-11-12,Standard Class,Small Business,Africa,Office Supplies,USB-C Hub 7-in-1,193,1,73
ORD-002523,2025-11-27,Standard Class,Consumer,Europe,Furniture,Wireless Noise Cancelling Headphones,722,1,96
ORD-002524,2025-09-25,Standard Class,Education,Europe,Electronics,Smart Home Hub,1045,6,216
ORD-002525,2024-10-21,Standard Class,Home Office,North America,Accessories,Wireless Charger Pad,1566,1,510
ORD-002526,2024-05-03,Express,Corporate,South America,Accessories,Smart Home Hub,1562,7,210
ORD-002527,2025-01-05,Express,Education,North America,Gadgets,Mechanical Keyboard,1797,3,488
ORD-002528,2024-03-26,Same Day,Home Office,Europe,Gadgets,Smart Home Hub,95,3,18
ORD-002529,2025-03-13,First Class,Government,North America,Electronics,4K Webcam,648,2,87
ORD-002530,2025-07-21,First Class,Small Business,Asia Pacific,Furniture,Wireless Noise Cancelling Headphones,1045,5,102
ORD-002531,2025-08-29,Standard Class,Home Office,Middle East,Office Supplies,Mechanical Keyboard,2257,7,864
ORD-002532,2024-06-04,Express,Home Office,Asia Pacific,Accessories,Smartphone Ultra,1633,2,198
ORD-002533,2024-04-08,Express,Small Business,Middle East,Accessories,4K Webcam,2037,2,479
ORD-002534,2025-04-18,Standard Class,Education,Middle East,Electronics,Smart Watch Series 5,1929,5,376
ORD-002535,2025-07-11,Express,Consumer,Middle East,Office Supplies,Mechanical Keyboard,714,4,271
ORD-002536,2024-03-13,Second Class,Home Office,North America,Electronics,Privacy Screen Protector,1162,3,359
ORD-002537,2024-02-01,Standard Class,Small Business,Europe,Gadgets,Bluetooth Speaker,1450,2,170
ORD-002538,2024-04-20,Express,Home Office,Asia Pacific,Electronics,"Tablet Air 11""",2413,6,406
ORD-002539,2024-07-11,Standard Class,Government,South America,Accessories,Laptop Cooling Stand,1384,7,431
ORD-002540,2025-06-14,Same Day,Home Office,South America,Accessories,Bluetooth Speaker,166,5,62
ORD-002541,2025-12-18,Second Class,Home Office,South America,Office Supplies,Wireless Charger Pad,414,2,48
ORD-002542,2024-11-01,Same Day,Small Business,Europe,Furniture,"Tablet Air 11""",405,2,110
ORD-002543,2025-12-09,Same Day,Education,South America,Electronics,Standing Desk Frame,2546,5,870
ORD-002544,2025-05-01,Standard Class,Corporate,Africa,Accessories,Smart Home Hub,593,7,103
ORD-002545,2024-11-11,First Class,Corporate,South America,Accessories,"Monitor 27"" 4K",1933,3,393
ORD-002546,2024-07-03,Standard Class,Small Business,Asia Pacific,Electronics,"Laptop Pro 14""",1195,6,172
ORD-002547,2024-12-11,Express,Home Office,Africa,Accessories,Wireless Charger Pad,1445,3,508
ORD-002548,2024-06-15,Standard Class,Education,Middle East,Electronics,Privacy Screen Protector,2156,7,362
ORD-002549,2025-02-16,First Class,Education,North America,Furniture,Fitness Tracker Band,1294,2,143
ORD-002550,2024-06-20,Standard Class,Education,Asia Pacific,Electronics,Laptop Cooling Stand,1578,1,534
ORD-002551,2024-09-17,Same Day,Home Office,Asia Pacific,Gadgets,Mechanical Keyboard,883,5,356
ORD-002552,2024-10-26,Express,Home Office,North America,Office Supplies,Phone Case MagSafe,2430,4,478
ORD-002553,2025-03-24,Express,Education,Asia Pacific,Gadgets,Privacy Screen Protector,791,2,219
ORD-002554,2025-05-24,First Class,Government,Asia Pacific,Furniture,"Monitor 27"" 4K",558,8,88
ORD-002555,2024-12-14,First Class,Small Business,Asia Pacific,Electronics,Mechanical Keyboard,1768,7,567
ORD-002556,2024-05-25,Same Day,Consumer,Europe,Electronics,Wireless Charger Pad,2451,5,944
ORD-002557,2024-01-16,Standard Class,Consumer,Middle East,Office Supplies,"Tablet Air 11""",2478,1,943
ORD-002558,2025-07-07,Standard Class,Home Office,Asia Pacific,Furniture,Laptop Cooling Stand,1827,1,464
ORD-002559,2024-07-26,Standard Class,Consumer,Middle East,Office Supplies,Wireless Noise Cancelling Headphones,2166,1,180
ORD-002560,2024-03-30,Same Day,Corporate,South America,Gadgets,"Monitor 27"" 4K",610,1,125
ORD-002561,2024-07-07,Second Class,Education,Europe,Furniture,Smartphone Ultra,823,5,261
ORD-002562,2024-03-18,Same Day,Small Business,Asia Pacific,Office Supplies,Laptop Cooling Stand,2065,8,611
ORD-002563,2025-07-07,Standard Class,Corporate,Asia Pacific,Electronics,USB-C Hub 7-in-1,2379,2,519
ORD-002564,2024-06-17,Express,Home Office,Asia Pacific,Electronics,Wireless Charger Pad,1199,3,148
ORD-002565,2025-11-21,Express,Consumer,Middle East,Accessories,Wireless Charger Pad,78,8,14
ORD-002566,2024-01-15,First Class,Education,Asia Pacific,Furniture,Fitness Tracker Band,2374,7,767
ORD-002567,2024-03-05,Second Class,Government,Middle East,Gadgets,Laptop Cooling Stand,556,6,96
ORD-002568,2024-11-03,First Class,Consumer,North America,Electronics,4K Webcam,2271,8,380
ORD-002569,2024-05-28,Standard Class,Home Office,South America,Electronics,Smartphone Ultra,665,4,207
ORD-002570,2024-12-04,Express,Home Office,South America,Electronics,Mechanical Keyboard,663,4,92
ORD-002571,2024-06-04,Same Day,Government,Europe,Accessories,Fitness Tracker Band,1662,6,611
ORD-002572,2024-11-19,Same Day,Consumer,Middle East,Furniture,Smart Home Hub,1419,3,398
ORD-002573,2025-03-19,First Class,Corporate,Middle East,Electronics,Phone Case MagSafe,1279,5,121
ORD-002574,2024-07-08,Second Class,Government,Europe,Accessories,Privacy Screen Protector,426,4,155
ORD-002575,2024-03-20,Express,Consumer,Africa,Gadgets,"Tablet Air 11""",971,5,211
ORD-002576,2025-01-05,Express,Home Office,South America,Furniture,4K Webcam,229,8,54
ORD-002577,2024-07-21,Second Class,Corporate,North America,Furniture,Fitness Tracker Band,306,5,103
ORD-002578,2025-06-09,Standard Class,Small Business,Africa,Office Supplies,Smart Watch Series 5,1808,7,699
ORD-002579,2025-12-23,Standard Class,Small Business,South America,Gadgets,Smartphone Ultra,1971,5,229
ORD-002580,2024-08-10,Standard Class,Small Business,Asia Pacific,Electronics,Bluetooth Speaker,1319,6,336
ORD-002581,2025-04-03,First Class,Government,Europe,Gadgets,Wireless Noise Cancelling Headphones,971,4,226
ORD-002582,2025-07-12,Standard Class,Education,North America,Accessories,4K Webcam,397,6,32
ORD-002583,2024-05-28,Second Class,Home Office,Europe,Gadgets,External SSD 1TB,1626,7,351
ORD-002584,2024-12-13,Express,Small Business,Asia Pacific,Electronics,4K Webcam,2153,8,351
ORD-002585,2024-11-30,Express,Small Business,Africa,Accessories,Phone Case MagSafe,2365,5,540
ORD-002586,2025-11-20,Second Class,Consumer,Middle East,Furniture,Mechanical Keyboard,1055,2,294
ORD-002587,2024-09-28,First Class,Education,South America,Office Supplies,Mechanical Keyboard,1932,1,282
ORD-002588,2024-08-29,Standard Class,Small Business,Europe,Furniture,Wireless Charger Pad,2440,2,452
ORD-002589,2024-12-04,Same Day,Small Business,Middle East,Accessories,Smart Home Hub,1832,2,453
ORD-002590,2025-04-30,Standard Class,Small Business,Middle East,Electronics,Standing Desk Frame,1120,1,179
ORD-002591,2024-01-23,Express,Education,Asia Pacific,Furniture,"Monitor 27"" 4K",1138,8,446
ORD-002592,2025-12-18,First Class,Consumer,Europe,Furniture,Fitness Tracker Band,2333,3,261
ORD-002593,2025-06-25,Express,Government,South America,Office Supplies,Phone Case MagSafe,751,8,239
ORD-002594,2024-12-03,First Class,Home Office,Middle East,Accessories,"Monitor 27"" 4K",689,4,116
ORD-002595,2024-01-07,First Class,Small Business,North America,Office Supplies,Phone Case MagSafe,1110,5,191
ORD-002596,2025-03-09,First Class,Corporate,Asia Pacific,Accessories,Fitness Tracker Band,336,2,74
ORD-002597,2025-11-13,Standard Class,Education,Europe,Gadgets,Ergonomic Desk Chair,754,3,81
ORD-002598,2025-01-16,Same Day,Corporate,Europe,Office Supplies,"Laptop Pro 14""",1017,5,429
ORD-002599,2025-12-26,Second Class,Home Office,Africa,Office Supplies,Smart Watch Series 5,614,1,104
ORD-002600,2024-09-28,Same Day,Small Business,South America,Gadgets,Ergonomic Desk Chair,2066,3,698
ORD-002601,2024-03-15,Second Class,Small Business,Africa,Electronics,"Tablet Air 11""",1821,2,701
ORD-002602,2024-12-25,Second Class,Education,Asia Pacific,Furniture,Phone Case MagSafe,2350,4,330
ORD-002603,2024-05-11,Second Class,Small Business,Middle East,Office Supplies,Phone Case MagSafe,1436,3,164
ORD-002604,2024-11-17,First Class,Government,North America,Office Supplies,Smart Watch Series 5,1788,4,287
ORD-002605,2024-05-22,First Class,Consumer,Europe,Accessories,"Tablet Air 11""",2399,5,624
ORD-002606,2025-10-06,Second Class,Education,Africa,Electronics,USB-C Hub 7-in-1,1953,4,676
ORD-002607,2025-07-28,First Class,Government,Europe,Furniture,Smart Home Hub,1642,7,607
ORD-002608,2024-07-30,Standard Class,Education,Africa,Office Supplies,Phone Case MagSafe,1450,8,382
ORD-002609,2025-02-16,First Class,Consumer,Africa,Furniture,Laptop Cooling Stand,1362,5,351
ORD-002610,2024-03-03,Second Class,Consumer,Asia Pacific,Office Supplies,4K Webcam,242,3,24
ORD-002611,2025-11-17,Standard Class,Small Business,Asia Pacific,Electronics,Wireless Noise Cancelling Headphones,2002,6,461
ORD-002612,2024-02-01,Standard Class,Small Business,Asia Pacific,Electronics,Standing Desk Frame,649,6,116
ORD-002613,2025-05-25,Standard Class,Consumer,North America,Gadgets,Laptop Cooling Stand,198,2,73
ORD-002614,2025-04-18,Standard Class,Education,South America,Furniture,Smart Watch Series 5,764,6,113
ORD-002615,2024-04-15,Same Day,Corporate,Middle East,Office Supplies,Standing Desk Frame,1720,8,456
ORD-002616,2025-05-04,Second Class,Corporate,South America,Office Supplies,Gaming Mouse RGB,2135,4,243
ORD-002617,2024-07-09,First Class,Government,Middle East,Gadgets,"Laptop Pro 14""",2029,8,498
ORD-002618,2025-06-13,Express,Corporate,Africa,Furniture,Privacy Screen Protector,1176,7,371
ORD-002619,2025-08-11,First Class,Education,Middle East,Office Supplies,Phone Case MagSafe,288,2,35
ORD-002620,2025-05-06,Express,Consumer,South America,Furniture,Ergonomic Desk Chair,300,4,45
ORD-002621,2024-01-13,Standard Class,Small Business,South America,Furniture,Standing Desk Frame,968,7,153
ORD-002622,2025-02-06,Express,Consumer,Middle East,Furniture,Wireless Noise Cancelling Headphones,1348,5,514
ORD-002623,2024-03-29,Express,Education,Europe,Furniture,Privacy Screen Protector,2359,5,346
ORD-002624,2025-09-02,Same Day,Consumer,Middle East,Accessories,Privacy Screen Protector,1398,6,339
ORD-002625,2024-10-02,Express,Consumer,North America,Gadgets,Ergonomic Desk Chair,1729,4,569
ORD-002626,2025-02-24,Second Class,Corporate,Europe,Gadgets,"Laptop Pro 14""",481,1,170
ORD-002627,2025-05-13,Same Day,Education,Europe,Office Supplies,Privacy Screen Protector,1535,5,172
ORD-002628,2024-06-20,Express,Small Business,Asia Pacific,Furniture,"Monitor 27"" 4K",456,5,150
ORD-002629,2024-11-03,Express,Corporate,Asia Pacific,Furniture,Laptop Cooling Stand,110,4,14
ORD-002630,2024-02-07,First Class,Government,South America,Accessories,Wireless Charger Pad,1360,4,547
ORD-002631,2024-02-07,Standard Class,Consumer,South America,Electronics,Privacy Screen Protector,1487,2,123
ORD-002632,2025-09-09,First Class,Education,South America,Electronics,Phone Case MagSafe,2495,3,945
ORD-002633,2024-04-09,Express,Corporate,Europe,Accessories,Privacy Screen Protector,413,6,83
ORD-002634,2024-02-19,Express,Small Business,Asia Pacific,Accessories,"Monitor 27"" 4K",2457,6,372
ORD-002635,2024-05-28,First Class,Corporate,North America,Accessories,Standing Desk Frame,630,5,83
ORD-002636,2024-02-28,Second Class,Home Office,Asia Pacific,Furniture,Bluetooth Speaker,694,2,125
ORD-002637,2024-03-11,Second Class,Home Office,Middle East,Electronics,"Monitor 27"" 4K",1077,2,402
ORD-002638,2025-08-21,Same Day,Corporate,North America,Electronics,Bluetooth Speaker,88,6,18
ORD-002639,2024-12-23,First Class,Education,Middle East,Accessories,Ergonomic Desk Chair,249,1,44
ORD-002640,2024-06-16,First Class,Education,South America,Gadgets,Mechanical Keyboard,1541,3,324
ORD-002641,2024-03-03,Second Class,Small Business,Middle East,Gadgets,Smart Home Hub,2402,3,832
ORD-002642,2024-02-09,Standard Class,Small Business,Europe,Furniture,"Laptop Pro 14""",1108,6,348
ORD-002643,2024-10-22,Second Class,Government,South America,Accessories,Mechanical Keyboard,1745,2,142
ORD-002644,2024-03-27,Same Day,Consumer,Europe,Gadgets,4K Webcam,2029,6,354
ORD-002645,2024-02-11,Express,Government,Africa,Furniture,Gaming Mouse RGB,219,5,36
ORD-002646,2025-11-08,Express,Home Office,Middle East,Office Supplies,Wireless Noise Cancelling Headphones,613,7,96
ORD-002647,2025-07-14,Express,Education,Africa,Gadgets,Wireless Noise Cancelling Headphones,2070,4,843
ORD-002648,2025-03-06,Express,Government,North America,Office Supplies,Phone Case MagSafe,1794,2,149
ORD-002649,2025-05-03,Express,Education,North America,Accessories,"Laptop Pro 14""",460,4,88
ORD-002650,2025-02-19,Second Class,Education,South America,Furniture,Smartphone Ultra,2309,6,453
ORD-002651,2024-06-02,First Class,Corporate,South America,Office Supplies,"Monitor 27"" 4K",706,6,108
ORD-002652,2024-08-28,Second Class,Government,Middle East,Accessories,Smartphone Ultra,182,6,44
ORD-002653,2024-03-02,First Class,Corporate,Middle East,Office Supplies,"Tablet Air 11""",1255,1,244
ORD-002654,2024-07-30,First Class,Consumer,Africa,Electronics,Phone Case MagSafe,684,7,219
ORD-002655,2024-01-14,First Class,Small Business,Middle East,Office Supplies,Ergonomic Desk Chair,441,4,153
ORD-002656,2025-03-04,Express,Government,Africa,Accessories,External SSD 1TB,1456,3,268
ORD-002657,2025-04-02,Express,Small Business,Africa,Office Supplies,"Laptop Pro 14""",633,3,52
ORD-002658,2025-07-23,Standard Class,Small Business,Africa,Electronics,USB-C Hub 7-in-1,1501,8,571
ORD-002659,2024-11-30,Second Class,Government,Asia Pacific,Gadgets,Wireless Noise Cancelling Headphones,2030,2,265
ORD-002660,2025-07-17,Same Day,Small Business,Asia Pacific,Electronics,Smart Watch Series 5,2447,5,758
ORD-002661,2024-09-07,Standard Class,Consumer,Middle East,Gadgets,Fitness Tracker Band,2065,8,688
ORD-002662,2024-02-23,Same Day,Corporate,Middle East,Gadgets,Smart Home Hub,59,5,5
ORD-002663,2025-04-04,Second Class,Government,Middle East,Gadgets,Privacy Screen Protector,1813,3,769
ORD-002664,2025-10-30,Express,Corporate,Africa,Office Supplies,Wireless Noise Cancelling Headphones,836,7,171
ORD-002665,2025-01-05,Same Day,Consumer,South America,Furniture,"Laptop Pro 14""",319,4,72
ORD-002666,2025-11-30,Standard Class,Education,South America,Office Supplies,Smart Watch Series 5,179,5,28
ORD-002667,2024-02-11,First Class,Small Business,Middle East,Accessories,Privacy Screen Protector,1808,7,330
ORD-002668,2024-04-17,Express,Corporate,Asia Pacific,Office Supplies,4K Webcam,1286,8,320
ORD-002669,2025-06-02,First Class,Government,North America,Gadgets,Phone Case MagSafe,735,2,95
ORD-002670,2024-05-16,Same Day,Consumer,Middle East,Accessories,Smartphone Ultra,1141,3,122
ORD-002671,2024-06-16,First Class,Consumer,Africa,Electronics,"Laptop Pro 14""",456,3,124
ORD-002672,2024-01-07,Second Class,Government,Europe,Gadgets,Smart Watch Series 5,1279,3,507
ORD-002673,2025-01-30,Standard Class,Consumer,Europe,Gadgets,"Laptop Pro 14""",1657,5,281
ORD-002674,2025-12-17,Second Class,Home Office,Africa,Furniture,Standing Desk Frame,2297,1,691
ORD-002675,2025-09-05,Same Day,Home Office,Europe,Office Supplies,Ergonomic Desk Chair,1621,4,198
ORD-002676,2025-12-06,First Class,Home Office,Africa,Furniture,"Laptop Pro 14""",618,3,262
ORD-002677,2024-03-05,Second Class,Home Office,North America,Office Supplies,USB-C Hub 7-in-1,378,2,30
ORD-002678,2025-09-12,First Class,Government,Europe,Accessories,Ergonomic Desk Chair,788,8,73
ORD-002679,2024-10-01,Express,Corporate,Asia Pacific,Accessories,4K Webcam,1661,8,495
ORD-002680,2024-12-06,Standard Class,Consumer,Africa,Office Supplies,USB-C Hub 7-in-1,2470,1,598
ORD-002681,2024-12-29,Standard Class,Home Office,South America,Gadgets,External SSD 1TB,1076,5,427
ORD-002682,2024-11-23,Express,Government,North America,Furniture,Ergonomic Desk Chair,1246,7,369
ORD-002683,2025-02-15,Same Day,Home Office,Africa,Accessories,External SSD 1TB,1704,1,270
ORD-002684,2024-04-07,Express,Home Office,Africa,Furniture,Mechanical Keyboard,889,8,160
ORD-002685,2024-02-20,Second Class,Education,Middle East,Electronics,Smartphone Ultra,1050,3,360
ORD-002686,2024-03-01,Express,Corporate,Africa,Gadgets,Phone Case MagSafe,708,3,95
ORD-002687,2025-04-07,Same Day,Consumer,Asia Pacific,Accessories,External SSD 1TB,1004,2,377
ORD-002688,2024-12-26,Express,Consumer,Europe,Accessories,Gaming Mouse RGB,2061,6,587
ORD-002689,2024-06-21,Standard Class,Corporate,Middle East,Furniture,Privacy Screen Protector,2168,1,387
ORD-002690,2024-06-27,Standard Class,Home Office,Africa,Furniture,Wireless Charger Pad,1040,6,234
ORD-002691,2024-10-28,Same Day,Consumer,Asia Pacific,Office Supplies,"Monitor 27"" 4K",2241,1,621
ORD-002692,2025-01-15,First Class,Small Business,Europe,Accessories,Ergonomic Desk Chair,1642,7,526
ORD-002693,2024-06-11,Second Class,Corporate,Asia Pacific,Gadgets,External SSD 1TB,1886,3,554
ORD-002694,2024-10-17,Same Day,Education,Middle East,Gadgets,Wireless Charger Pad,1186,3,96
ORD-002695,2024-01-18,Same Day,Government,North America,Office Supplies,Phone Case MagSafe,1583,4,511
ORD-002696,2024-05-29,First Class,Education,Africa,Accessories,Ergonomic Desk Chair,1185,8,221
ORD-002697,2025-03-26,Same Day,Government,Middle East,Furniture,Mechanical Keyboard,450,1,113
ORD-002698,2024-10-22,Same Day,Corporate,Africa,Electronics,4K Webcam,2528,1,788
ORD-002699,2025-10-20,Express,Education,North America,Accessories,Smartphone Ultra,812,4,283
ORD-002700,2025-12-22,First Class,Education,South America,Electronics,4K Webcam,59,7,20
ORD-002701,2025-07-10,Second Class,Education,North America,Office Supplies,Smart Watch Series 5,2476,5,747
ORD-002702,2025-02-02,Standard Class,Government,Asia Pacific,Accessories,Laptop Cooling Stand,1633,1,258
ORD-002703,2024-03-30,Same Day,Education,Middle East,Office Supplies,Smart Home Hub,657,2,123
ORD-002704,2025-03-05,Standard Class,Home Office,Europe,Accessories,"Monitor 27"" 4K",586,8,188
ORD-002705,2025-02-04,Express,Corporate,North America,Electronics,Laptop Cooling Stand,1809,1,402
ORD-002706,2025-12-28,Standard Class,Corporate,Africa,Furniture,Ergonomic Desk Chair,850,1,295
ORD-002707,2025-12-09,Express,Education,Middle East,Furniture,Privacy Screen Protector,2205,8,756
ORD-002708,2025-06-03,Standard Class,Home Office,Europe,Gadgets,"Tablet Air 11""",1544,3,388
ORD-002709,2025-02-04,Same Day,Education,Africa,Accessories,Gaming Mouse RGB,975,4,283
ORD-002710,2025-12-11,Second Class,Government,Europe,Electronics,External SSD 1TB,513,6,130
ORD-002711,2024-10-13,Standard Class,Corporate,South America,Office Supplies,Phone Case MagSafe,2238,6,529
ORD-002712,2025-07-05,Same Day,Home Office,North America,Accessories,Laptop Cooling Stand,2379,6,742
ORD-002713,2025-03-16,Same Day,Education,Europe,Accessories,Smart Home Hub,2258,1,787
ORD-002714,2025-10-23,First Class,Education,South America,Accessories,"Laptop Pro 14""",1548,2,564
ORD-002715,2024-07-31,Second Class,Government,North America,Furniture,USB-C Hub 7-in-1,1109,8,170
ORD-002716,2025-06-17,Express,Government,Africa,Accessories,Privacy Screen Protector,461,7,80
ORD-002717,2024-03-17,Same Day,Corporate,Middle East,Electronics,Bluetooth Speaker,809,4,279
ORD-002718,2024-11-24,First Class,Consumer,Africa,Gadgets,"Monitor 27"" 4K",577,4,101
ORD-002719,2025-01-20,Standard Class,Government,Africa,Gadgets,Smart Home Hub,1033,6,89
ORD-002720,2024-10-13,Second Class,Government,Middle East,Electronics,"Monitor 27"" 4K",1657,3,420
ORD-002721,2025-01-02,Standard Class,Corporate,Africa,Gadgets,Smart Home Hub,177,1,43
ORD-002722,2024-08-09,Standard Class,Government,Africa,Office Supplies,Fitness Tracker Band,1673,7,470
ORD-002723,2024-07-08,Standard Class,Corporate,Europe,Office Supplies,Smart Watch Series 5,1550,6,324
ORD-002724,2024-09-19,Same Day,Government,North America,Furniture,Smart Home Hub,2089,4,759
ORD-002725,2024-04-17,Standard Class,Small Business,South America,Electronics,Gaming Mouse RGB,1173,4,368
ORD-002726,2025-01-01,Second Class,Home Office,South America,Office Supplies,External SSD 1TB,1799,2,530
ORD-002727,2024-12-27,Same Day,Education,Africa,Furniture,Smart Watch Series 5,1824,8,460
ORD-002728,2024-10-18,First Class,Education,South America,Gadgets,Smart Home Hub,991,2,238
ORD-002729,2025-05-25,Express,Government,North America,Furniture,Laptop Cooling Stand,105,2,19
ORD-002730,2024-04-11,Second Class,Education,Asia Pacific,Accessories,Laptop Cooling Stand,400,6,113
ORD-002731,2024-07-13,Express,Government,South America,Office Supplies,Phone Case MagSafe,689,4,186
ORD-002732,2025-09-15,Standard Class,Home Office,Asia Pacific,Furniture,Gaming Mouse RGB,1938,4,746
ORD-002733,2025-07-03,Same Day,Education,Asia Pacific,Gadgets,Smartphone Ultra,722,6,188
ORD-002734,2024-11-24,First Class,Corporate,Asia Pacific,Gadgets,Smart Home Hub,472,1,93
ORD-002735,2024-03-09,Standard Class,Home Office,Asia Pacific,Office Supplies,Smart Watch Series 5,747,2,309
ORD-002736,2025-01-08,Express,Home Office,South America,Office Supplies,Mechanical Keyboard,1009,2,227
ORD-002737,2025-01-11,Same Day,Home Office,Middle East,Accessories,Smart Watch Series 5,916,1,157
ORD-002738,2025-05-14,First Class,Corporate,Africa,Office Supplies,"Monitor 27"" 4K",1204,8,474
ORD-002739,2024-05-03,Same Day,Government,North America,Gadgets,"Tablet Air 11""",1619,6,471
ORD-002740,2025-05-29,Second Class,Education,Middle East,Accessories,Laptop Cooling Stand,1366,5,383
ORD-002741,2024-03-02,Second Class,Small Business,North America,Accessories,"Laptop Pro 14""",70,7,8
ORD-002742,2024-11-13,Express,Small Business,South America,Furniture,Bluetooth Speaker,1701,7,312
ORD-002743,2025-07-12,First Class,Small Business,Middle East,Gadgets,Laptop Cooling Stand,121,7,35
ORD-002744,2025-10-05,First Class,Home Office,Europe,Furniture,Bluetooth Speaker,1910,4,420
ORD-002745,2024-10-19,Second Class,Corporate,Asia Pacific,Office Supplies,Mechanical Keyboard,1949,8,768
ORD-002746,2024-05-07,Same Day,Consumer,South America,Gadgets,USB-C Hub 7-in-1,81,2,19
ORD-002747,2024-07-30,Same Day,Education,North America,Office Supplies,Standing Desk Frame,2277,6,218
ORD-002748,2024-08-23,Same Day,Corporate,Africa,Accessories,Bluetooth Speaker,1914,3,483
ORD-002749,2024-02-03,Standard Class,Home Office,Europe,Furniture,Ergonomic Desk Chair,207,8,46
ORD-002750,2024-08-06,First Class,Small Business,North America,Office Supplies,Phone Case MagSafe,1047,5,116
ORD-002751,2024-05-14,Express,Consumer,Asia Pacific,Accessories,Fitness Tracker Band,1790,3,147
ORD-002752,2024-11-22,First Class,Education,Asia Pacific,Accessories,Privacy Screen Protector,1855,6,482
ORD-002753,2024-10-11,Same Day,Corporate,Europe,Accessories,"Tablet Air 11""",2438,4,648
ORD-002754,2025-10-05,Express,Home Office,South America,Furniture,Wireless Noise Cancelling Headphones,1162,4,410
ORD-002755,2025-12-04,Express,Corporate,Middle East,Accessories,Standing Desk Frame,1267,7,313
ORD-002756,2025-12-03,Express,Education,Asia Pacific,Office Supplies,Privacy Screen Protector,338,3,38
ORD-002757,2025-07-26,Second Class,Corporate,North America,Electronics,Wireless Charger Pad,1508,4,181
ORD-002758,2025-01-03,Standard Class,Consumer,Middle East,Office Supplies,USB-C Hub 7-in-1,1959,8,283
ORD-002759,2025-01-31,Second Class,Government,South America,Gadgets,"Laptop Pro 14""",280,5,31
ORD-002760,2025-07-06,First Class,Consumer,Asia Pacific,Gadgets,Gaming Mouse RGB,536,5,99
ORD-002761,2025-06-14,First Class,Corporate,North America,Furniture,Phone Case MagSafe,2193,8,829
ORD-002762,2025-06-20,Same Day,Education,Europe,Furniture,Gaming Mouse RGB,480,2,60
ORD-002763,2024-12-17,Express,Home Office,Europe,Electronics,Phone Case MagSafe,2221,8,525
ORD-002764,2025-06-11,First Class,Corporate,South America,Gadgets,Smart Home Hub,2131,4,328
ORD-002765,2025-12-17,Same Day,Consumer,South America,Gadgets,Smartphone Ultra,947,1,202
ORD-002766,2024-08-14,First Class,Home Office,Europe,Office Supplies,Laptop Cooling Stand,2327,5,899
ORD-002767,2025-05-13,Same Day,Small Business,Asia Pacific,Accessories,Bluetooth Speaker,1614,2,261
ORD-002768,2024-09-23,Express,Small Business,Asia Pacific,Electronics,External SSD 1TB,2003,7,751
ORD-002769,2024-07-14,Same Day,Small Business,Asia Pacific,Electronics,4K Webcam,1275,1,170
ORD-002770,2025-10-19,Second Class,Home Office,Asia Pacific,Accessories,Privacy Screen Protector,1443,4,465
ORD-002771,2025-05-23,Second Class,Small Business,North America,Electronics,USB-C Hub 7-in-1,837,3,152
ORD-002772,2025-03-18,Standard Class,Consumer,Asia Pacific,Office Supplies,Laptop Cooling Stand,2511,3,756
ORD-002773,2025-10-30,First Class,Consumer,Europe,Electronics,Gaming Mouse RGB,1185,7,392
ORD-002774,2025-01-21,Second Class,Education,South America,Furniture,Fitness Tracker Band,1421,3,567
ORD-002775,2025-02-24,Same Day,Home Office,North America,Gadgets,Gaming Mouse RGB,2546,4,739
ORD-002776,2025-12-25,Second Class,Government,North America,Furniture,Mechanical Keyboard,365,5,136
ORD-002777,2024-12-20,Same Day,Corporate,Europe,Electronics,"Tablet Air 11""",201,2,53
ORD-002778,2024-12-02,Second Class,Consumer,Europe,Accessories,"Laptop Pro 14""",828,6,145
ORD-002779,2025-07-27,Same Day,Corporate,Africa,Furniture,External SSD 1TB,1380,3,212
ORD-002780,2025-09-04,Standard Class,Small Business,North America,Furniture,Fitness Tracker Band,2123,5,675
ORD-002781,2025-06-15,Second Class,Government,North America,Electronics,Fitness Tracker Band,468,5,152
ORD-002782,2024-12-05,Express,Small Business,Asia Pacific,Accessories,External SSD 1TB,1722,6,480
ORD-002783,2024-07-16,Express,Home Office,Africa,Gadgets,Mechanical Keyboard,1495,3,208
ORD-002784,2025-04-09,Express,Education,Europe,Accessories,Wireless Noise Cancelling Headphones,2092,2,857
ORD-002785,2025-08-17,Second Class,Corporate,Asia Pacific,Gadgets,Wireless Charger Pad,1560,2,473
ORD-002786,2025-07-04,First Class,Corporate,South America,Electronics,Mechanical Keyboard,1805,5,163
ORD-002787,2024-02-17,First Class,Education,South America,Office Supplies,External SSD 1TB,1300,8,434
ORD-002788,2025-04-17,Same Day,Corporate,Middle East,Furniture,Ergonomic Desk Chair,802,7,139
ORD-002789,2025-10-08,First Class,Government,Africa,Electronics,"Monitor 27"" 4K",1648,4,680
ORD-002790,2024-11-23,Second Class,Education,North America,Office Supplies,"Monitor 27"" 4K",577,2,105
ORD-002791,2024-12-13,Second Class,Education,Middle East,Electronics,4K Webcam,1980,8,286
ORD-002792,2025-05-13,Express,Government,South America,Accessories,Fitness Tracker Band,1972,5,668
ORD-002793,2024-09-17,Express,Small Business,Africa,Furniture,Bluetooth Speaker,421,2,118
ORD-002794,2025-07-29,Express,Consumer,Middle East,Electronics,Gaming Mouse RGB,871,7,279
ORD-002795,2024-09-20,Same Day,Corporate,North America,Accessories,Gaming Mouse RGB,162,1,34
ORD-002796,2025-02-13,Standard Class,Consumer,Middle East,Accessories,Bluetooth Speaker,1538,6,214
ORD-002797,2024-01-11,Standard Class,Home Office,North America,Accessories,4K Webcam,871,1,120
ORD-002798,2025-07-10,Express,Corporate,South America,Electronics,USB-C Hub 7-in-1,1343,2,461
ORD-002799,2025-01-27,Same Day,Small Business,South America,Furniture,External SSD 1TB,1684,8,410
ORD-002800,2025-02-06,Standard Class,Government,Europe,Furniture,"Tablet Air 11""",1412,1,314
ORD-002801,2025-12-03,Standard Class,Government,Africa,Furniture,"Tablet Air 11""",2157,7,526
ORD-002802,2024-10-03,Standard Class,Consumer,North America,Office Supplies,"Laptop Pro 14""",2144,7,623
ORD-002803,2025-12-17,First Class,Small Business,South America,Furniture,USB-C Hub 7-in-1,1845,3,322
ORD-002804,2025-12-27,First Class,Home Office,South America,Accessories,"Tablet Air 11""",81,6,31
ORD-002805,2024-01-12,Second Class,Consumer,North America,Accessories,Standing Desk Frame,1859,8,713
ORD-002806,2025-04-27,Same Day,Government,South America,Office Supplies,Ergonomic Desk Chair,2076,3,303
ORD-002807,2025-12-18,Same Day,Small Business,North America,Electronics,USB-C Hub 7-in-1,680,7,85
ORD-002808,2025-12-24,Same Day,Home Office,Asia Pacific,Gadgets,Privacy Screen Protector,1730,5,340
ORD-002809,2025-02-22,Second Class,Government,North America,Electronics,Wireless Charger Pad,1878,3,487
ORD-002810,2025-01-12,First Class,Government,North America,Furniture,Gaming Mouse RGB,2211,6,726
ORD-002811,2024-10-04,Same Day,Corporate,Africa,Gadgets,Smartphone Ultra,1702,6,622
ORD-002812,2025-03-13,Same Day,Education,South America,Accessories,Wireless Charger Pad,2228,1,514
ORD-002813,2025-07-03,First Class,Small Business,Europe,Furniture,Fitness Tracker Band,768,3,81
ORD-002814,2025-03-28,Standard Class,Government,North America,Office Supplies,Gaming Mouse RGB,2271,3,886
ORD-002815,2025-03-16,Standard Class,Education,North America,Electronics,"Tablet Air 11""",2438,7,650
ORD-002816,2024-01-12,Second Class,Consumer,Africa,Electronics,External SSD 1TB,412,5,139
ORD-002817,2024-03-11,First Class,Consumer,South America,Electronics,4K Webcam,1697,7,432
ORD-002818,2025-06-26,Express,Corporate,Middle East,Office Supplies,Laptop Cooling Stand,2373,6,811
ORD-002819,2025-08-08,Second Class,Small Business,Middle East,Electronics,USB-C Hub 7-in-1,553,3,154
ORD-002820,2025-01-27,First Class,Corporate,Europe,Electronics,Smartphone Ultra,344,6,141
ORD-002821,2024-02-13,Express,Small Business,North America,Electronics,4K Webcam,756,3,295
ORD-002822,2025-08-17,Express,Small Business,North America,Gadgets,"Monitor 27"" 4K",2094,7,304
ORD-002823,2025-02-09,Same Day,Small Business,South America,Furniture,Smart Watch Series 5,490,4,138
ORD-002824,2024-05-12,Second Class,Small Business,Asia Pacific,Accessories,4K Webcam,1672,2,590
ORD-002825,2024-10-08,Standard Class,Small Business,North America,Electronics,Wireless Charger Pad,2361,6,934
ORD-002826,2024-01-15,Standard Class,Small Business,Africa,Gadgets,Smart Home Hub,2345,3,785
ORD-002827,2024-01-06,First Class,Small Business,North America,Gadgets,Bluetooth Speaker,1378,5,501
ORD-002828,2025-03-31,Second Class,Small Business,Africa,Electronics,Bluetooth Speaker,1384,7,321
ORD-002829,2024-09-26,Second Class,Corporate,South America,Electronics,USB-C Hub 7-in-1,459,1,41
ORD-002830,2024-05-29,Second Class,Small Business,South America,Office Supplies,External SSD 1TB,2370,6,543
ORD-002831,2024-01-27,Same Day,Government,Middle East,Electronics,Fitness Tracker Band,471,3,154
ORD-002832,2024-01-19,Second Class,Education,Africa,Office Supplies,Mechanical Keyboard,1526,7,298
ORD-002833,2024-02-02,Same Day,Corporate,Africa,Furniture,Privacy Screen Protector,655,8,250
ORD-002834,2025-10-02,Same Day,Corporate,Asia Pacific,Gadgets,Wireless Noise Cancelling Headphones,1655,1,431
ORD-002835,2024-12-25,Express,Government,South America,Office Supplies,Mechanical Keyboard,1924,4,668
ORD-002836,2025-11-24,Second Class,Consumer,Africa,Electronics,Bluetooth Speaker,2095,1,431
ORD-002837,2025-05-12,Second Class,Education,North America,Accessories,Bluetooth Speaker,1545,1,176
ORD-002838,2024-05-30,Second Class,Government,Middle East,Electronics,Privacy Screen Protector,1740,5,322
ORD-002839,2024-05-07,Standard Class,Government,South America,Accessories,Gaming Mouse RGB,196,1,71
ORD-002840,2025-02-14,Second Class,Home Office,North America,Furniture,Wireless Charger Pad,1769,3,691
ORD-002841,2024-10-12,Express,Home Office,North America,Gadgets,Ergonomic Desk Chair,2411,2,904
ORD-002842,2025-10-13,Second Class,Corporate,North America,Furniture,Wireless Noise Cancelling Headphones,1168,6,105
ORD-002843,2024-05-15,Second Class,Home Office,Europe,Furniture,Gaming Mouse RGB,261,8,82
ORD-002844,2024-04-07,First Class,Home Office,Asia Pacific,Office Supplies,Ergonomic Desk Chair,1474,4,427
ORD-002845,2025-03-10,First Class,Education,Europe,Gadgets,Smart Home Hub,1962,2,754
ORD-002846,2025-04-03,Express,Corporate,Asia Pacific,Furniture,Smartphone Ultra,2312,4,310
ORD-002847,2025-12-03,Same Day,Consumer,South America,Office Supplies,Standing Desk Frame,972,6,305
ORD-002848,2025-12-02,Second Class,Consumer,North America,Office Supplies,External SSD 1TB,1168,2,390
ORD-002849,2025-06-03,Standard Class,Corporate,Africa,Electronics,Laptop Cooling Stand,2486,6,510
ORD-002850,2025-08-26,Second Class,Consumer,North America,Gadgets,Bluetooth Speaker,1840,3,575
ORD-002851,2024-11-19,First Class,Small Business,Asia Pacific,Accessories,External SSD 1TB,1981,1,406
ORD-002852,2025-03-25,Standard Class,Small Business,Europe,Accessories,Ergonomic Desk Chair,1882,2,181
ORD-002853,2024-10-24,Same Day,Education,Africa,Electronics,USB-C Hub 7-in-1,222,5,46
ORD-002854,2025-08-20,Same Day,Consumer,Middle East,Office Supplies,Bluetooth Speaker,949,3,384
ORD-002855,2025-07-01,Second Class,Government,Middle East,Furniture,Smart Watch Series 5,415,5,84
ORD-002856,2025-12-17,Standard Class,Small Business,Asia Pacific,Electronics,Wireless Charger Pad,552,8,190
ORD-002857,2025-02-10,Second Class,Corporate,South America,Furniture,"Laptop Pro 14""",983,8,398
ORD-002858,2024-07-20,Second Class,Home Office,Europe,Accessories,4K Webcam,1522,7,433
ORD-002859,2024-07-30,Standard Class,Corporate,North America,Accessories,Fitness Tracker Band,470,7,125
ORD-002860,2025-08-30,Standard Class,Government,Middle East,Furniture,"Tablet Air 11""",1206,2,230
ORD-002861,2025-01-13,Same Day,Corporate,Europe,Office Supplies,Wireless Noise Cancelling Headphones,264,7,53
ORD-002862,2024-06-23,Second Class,Government,Europe,Furniture,"Laptop Pro 14""",2289,1,623
ORD-002863,2025-03-10,Second Class,Small Business,North America,Furniture,Smart Home Hub,2151,8,487
ORD-002864,2024-03-05,Same Day,Government,Africa,Accessories,Wireless Noise Cancelling Headphones,1542,3,458
ORD-002865,2024-09-12,First Class,Government,South America,Electronics,Wireless Charger Pad,1334,3,470
ORD-002866,2025-06-19,Second Class,Small Business,Europe,Furniture,Laptop Cooling Stand,362,8,125
ORD-002867,2024-10-27,Express,Small Business,Africa,Office Supplies,Gaming Mouse RGB,507,4,173
ORD-002868,2024-11-02,Same Day,Small Business,Middle East,Electronics,External SSD 1TB,2296,8,481
ORD-002869,2024-01-16,Second Class,Education,Europe,Electronics,Ergonomic Desk Chair,1292,5,401
ORD-002870,2024-05-29,First Class,Home Office,Europe,Furniture,Smartphone Ultra,1411,1,254
ORD-002871,2025-11-30,First Class,Home Office,Europe,Office Supplies,External SSD 1TB,1299,4,292
ORD-002872,2025-06-15,Same Day,Home Office,Europe,Furniture,External SSD 1TB,363,4,146
ORD-002873,2024-08-05,Second Class,Consumer,Asia Pacific,Electronics,"Monitor 27"" 4K",1492,6,348
ORD-002874,2025-09-27,Same Day,Government,Africa,Accessories,Bluetooth Speaker,1621,7,567
ORD-002875,2025-07-02,Second Class,Education,Europe,Furniture,Wireless Noise Cancelling Headphones,996,4,192
ORD-002876,2025-03-07,Standard Class,Corporate,Africa,Accessories,Wireless Noise Cancelling Headphones,2137,5,432
ORD-002877,2024-10-22,First Class,Government,Africa,Gadgets,Privacy Screen Protector,2293,3,861
ORD-002878,2025-07-25,First Class,Government,Europe,Furniture,4K Webcam,641,5,248
ORD-002879,2024-03-28,Same Day,Corporate,South America,Furniture,Fitness Tracker Band,2270,8,789
ORD-002880,2025-06-05,Standard Class,Government,Asia Pacific,Gadgets,Mechanical Keyboard,1531,5,309
ORD-002881,2024-10-07,Second Class,Government,South America,Office Supplies,4K Webcam,536,3,96
ORD-002882,2025-07-13,Second Class,Corporate,Middle East,Gadgets,Wireless Noise Cancelling Headphones,272,3,58
ORD-002883,2025-05-25,First Class,Corporate,South America,Gadgets,Wireless Charger Pad,878,3,327
ORD-002884,2025-12-19,Express,Consumer,Middle East,Electronics,Privacy Screen Protector,367,3,50
ORD-002885,2024-07-20,Second Class,Government,North America,Furniture,Wireless Charger Pad,112,8,33
ORD-002886,2025-07-14,Express,Corporate,Europe,Furniture,Smart Watch Series 5,2239,1,666
ORD-002887,2024-01-01,Standard Class,Small Business,Middle East,Electronics,External SSD 1TB,737,7,62
ORD-002888,2025-10-18,Same Day,Government,Asia Pacific,Electronics,Wireless Noise Cancelling Headphones,835,2,175
ORD-002889,2024-04-06,Same Day,Consumer,Middle East,Accessories,Phone Case MagSafe,540,5,165
ORD-002890,2024-09-07,Standard Class,Education,South America,Office Supplies,Wireless Charger Pad,822,6,97
ORD-002891,2025-11-15,Express,Home Office,Asia Pacific,Gadgets,USB-C Hub 7-in-1,650,2,128
ORD-002892,2024-10-11,Standard Class,Home Office,Asia Pacific,Gadgets,"Tablet Air 11""",589,8,87
ORD-002893,2024-07-12,Same Day,Education,Asia Pacific,Accessories,Wireless Charger Pad,69,6,6
ORD-002894,2024-08-18,Express,Home Office,North America,Gadgets,Smart Home Hub,1282,4,195
ORD-002895,2025-03-17,First Class,Small Business,North America,Gadgets,Smart Home Hub,994,7,311
ORD-002896,2025-09-22,Same Day,Education,Asia Pacific,Gadgets,Smartphone Ultra,695,2,125
ORD-002897,2024-03-30,Same Day,Home Office,South America,Accessories,"Tablet Air 11""",898,7,157
ORD-002898,2025-09-05,Standard Class,Government,Europe,Electronics,Standing Desk Frame,551,4,103
ORD-002899,2024-10-31,Standard Class,Home Office,Middle East,Electronics,Fitness Tracker Band,431,8,156
ORD-002900,2024-02-10,Express,Education,Africa,Furniture,4K Webcam,2428,3,728
ORD-002901,2024-05-05,Second Class,Corporate,Middle East,Electronics,Laptop Cooling Stand,1395,8,198
ORD-002902,2025-11-10,First Class,Consumer,Middle East,Office Supplies,Laptop Cooling Stand,613,6,113
ORD-002903,2024-10-06,Standard Class,Corporate,North America,Accessories,Ergonomic Desk Chair,406,4,168
ORD-002904,2025-10-17,Same Day,Small Business,Asia Pacific,Electronics,4K Webcam,1138,2,113
ORD-002905,2024-12-26,Same Day,Corporate,Africa,Accessories,"Laptop Pro 14""",1303,7,434
ORD-002906,2024-05-06,Same Day,Small Business,Asia Pacific,Furniture,"Monitor 27"" 4K",849,7,300
ORD-002907,2025-08-30,Standard Class,Government,Middle East,Electronics,"Tablet Air 11""",1681,7,514
ORD-002908,2025-07-17,Express,Home Office,South America,Furniture,Smart Watch Series 5,248,7,85
ORD-002909,2024-07-05,Same Day,Home Office,North America,Furniture,Ergonomic Desk Chair,1313,8,331
ORD-002910,2025-07-08,Standard Class,Small Business,Europe,Office Supplies,Wireless Noise Cancelling Headphones,1113,1,113
ORD-002911,2024-02-02,Same Day,Small Business,South America,Accessories,Ergonomic Desk Chair,116,8,30
ORD-002912,2024-03-20,Same Day,Education,Europe,Furniture,Phone Case MagSafe,2241,7,656
ORD-002913,2025-03-06,Standard Class,Home Office,Asia Pacific,Furniture,External SSD 1TB,1514,6,603
ORD-002914,2024-06-24,Same Day,Home Office,Middle East,Accessories,Smart Watch Series 5,2133,8,285
ORD-002915,2025-02-09,Express,Government,Africa,Electronics,"Tablet Air 11""",414,3,99
ORD-002916,2025-09-03,First Class,Corporate,North America,Electronics,Laptop Cooling Stand,2166,8,863
ORD-002917,2025-05-29,Express,Consumer,South America,Gadgets,USB-C Hub 7-in-1,1779,1,417
ORD-002918,2025-05-05,First Class,Government,Africa,Electronics,Smart Watch Series 5,1513,4,219
ORD-002919,2025-04-21,Express,Education,North America,Electronics,Mechanical Keyboard,1698,2,655
ORD-002920,2024-06-27,First Class,Home Office,Asia Pacific,Office Supplies,Gaming Mouse RGB,1047,2,237
ORD-002921,2024-06-11,Express,Education,Middle East,Electronics,Gaming Mouse RGB,1998,2,178
ORD-002922,2024-06-22,Express,Small Business,North America,Furniture,"Laptop Pro 14""",353,2,48
ORD-002923,2024-02-07,First Class,Home Office,Asia Pacific,Accessories,Mechanical Keyboard,556,7,117
ORD-002924,2025-12-30,Second Class,Government,Africa,Office Supplies,Laptop Cooling Stand,1354,7,525
ORD-002925,2024-03-05,Second Class,Home Office,Asia Pacific,Office Supplies,Ergonomic Desk Chair,904,3,183
ORD-002926,2025-10-10,Second Class,Government,Asia Pacific,Office Supplies,Phone Case MagSafe,399,1,157
ORD-002927,2025-10-25,Express,Consumer,Africa,Furniture,Wireless Noise Cancelling Headphones,1559,6,160
ORD-002928,2025-06-15,Second Class,Government,South America,Electronics,4K Webcam,2541,8,981
ORD-002929,2024-09-23,Standard Class,Government,North America,Furniture,Phone Case MagSafe,1802,5,491
ORD-002930,2024-10-04,Same Day,Education,Africa,Gadgets,Standing Desk Frame,2499,7,757
ORD-002931,2025-02-27,First Class,Corporate,Africa,Office Supplies,Mechanical Keyboard,1860,8,181
ORD-002932,2025-09-03,Express,Corporate,Middle East,Electronics,"Monitor 27"" 4K",658,4,278
ORD-002933,2025-07-22,Express,Small Business,Africa,Electronics,Privacy Screen Protector,892,3,351
ORD-002934,2025-02-04,Second Class,Education,South America,Furniture,Standing Desk Frame,727,4,309
ORD-002935,2025-09-25,First Class,Corporate,Europe,Furniture,Bluetooth Speaker,888,3,300
ORD-002936,2025-02-27,Standard Class,Consumer,Europe,Furniture,Wireless Noise Cancelling Headphones,70,6,26
ORD-002937,2024-04-04,Second Class,Education,Asia Pacific,Accessories,Mechanical Keyboard,1421,3,223
ORD-002938,2024-07-16,Express,Home Office,Africa,Electronics,Fitness Tracker Band,1790,1,144
ORD-002939,2025-03-26,First Class,Small Business,Europe,Electronics,Ergonomic Desk Chair,527,5,172
ORD-002940,2025-04-05,Standard Class,Small Business,South America,Furniture,4K Webcam,235,8,45
ORD-002941,2024-05-27,Express,Corporate,South America,Furniture,Mechanical Keyboard,766,7,158
ORD-002942,2025-01-15,Standard Class,Education,North America,Gadgets,Laptop Cooling Stand,1370,8,588
ORD-002943,2025-12-21,First Class,Education,Africa,Furniture,"Monitor 27"" 4K",2108,7,637
ORD-002944,2024-09-27,First Class,Education,South America,Office Supplies,Fitness Tracker Band,611,5,61
ORD-002945,2025-02-24,Express,Corporate,Asia Pacific,Gadgets,USB-C Hub 7-in-1,345,4,83
ORD-002946,2024-01-17,Same Day,Corporate,Middle East,Accessories,Wireless Charger Pad,2095,4,366
ORD-002947,2024-05-09,Second Class,Small Business,Middle East,Furniture,Gaming Mouse RGB,1222,5,123
ORD-002948,2024-06-04,Standard Class,Small Business,North America,Electronics,Privacy Screen Protector,908,3,128
ORD-002949,2025-05-21,First Class,Home Office,Middle East,Accessories,Smartphone Ultra,1280,1,126
ORD-002950,2025-09-28,Express,Government,Africa,Office Supplies,Phone Case MagSafe,2198,1,658
ORD-002951,2025-09-13,First Class,Home Office,North America,Office Supplies,Smart Home Hub,166,7,60
ORD-002952,2024-02-25,Second Class,Education,Europe,Gadgets,Wireless Charger Pad,360,2,46
ORD-002953,2025-09-15,Second Class,Government,South America,Furniture,Wireless Charger Pad,1356,8,386
ORD-002954,2024-07-03,First Class,Corporate,North America,Gadgets,Privacy Screen Protector,2454,2,540
ORD-002955,2024-09-19,Standard Class,Home Office,South America,Gadgets,Wireless Charger Pad,1728,4,451
ORD-002956,2024-02-13,Express,Corporate,Asia Pacific,Office Supplies,Smartphone Ultra,2150,7,585
ORD-002957,2024-03-08,Standard Class,Small Business,Europe,Furniture,Ergonomic Desk Chair,622,1,176
ORD-002958,2024-10-03,Standard Class,Home Office,Africa,Accessories,Phone Case MagSafe,895,4,128
ORD-002959,2025-12-23,First Class,Consumer,South America,Furniture,Smartphone Ultra,1627,5,441
ORD-002960,2024-10-21,Same Day,Education,South America,Furniture,Smart Watch Series 5,1511,7,484
ORD-002961,2025-06-03,Second Class,Corporate,Europe,Electronics,Wireless Charger Pad,960,7,362
ORD-002962,2025-07-29,Second Class,Education,Asia Pacific,Office Supplies,Smart Home Hub,812,1,109
ORD-002963,2024-06-30,Same Day,Government,North America,Electronics,Smart Home Hub,1665,2,600
ORD-002964,2024-05-08,First Class,Consumer,Europe,Accessories,"Laptop Pro 14""",1057,7,119
ORD-002965,2025-08-08,First Class,Home Office,North America,Office Supplies,4K Webcam,727,5,273
ORD-002966,2025-08-20,Same Day,Consumer,Africa,Electronics,Fitness Tracker Band,1172,4,103
ORD-002967,2024-01-18,Second Class,Corporate,Africa,Accessories,Gaming Mouse RGB,1640,1,649
ORD-002968,2024-04-16,Express,Education,North America,Accessories,"Laptop Pro 14""",1561,6,637
ORD-002969,2024-06-20,Same Day,Home Office,Europe,Office Supplies,USB-C Hub 7-in-1,1794,4,400
ORD-002970,2025-05-21,Standard Class,Small Business,Middle East,Accessories,Wireless Charger Pad,1073,1,97
ORD-002971,2024-08-22,Same Day,Corporate,Africa,Furniture,Mechanical Keyboard,72,5,23
ORD-002972,2025-10-20,Standard Class,Government,South America,Gadgets,Bluetooth Speaker,676,6,61
ORD-002973,2025-12-09,First Class,Small Business,Africa,Furniture,Laptop Cooling Stand,403,6,133
ORD-002974,2024-06-13,Second Class,Home Office,North America,Furniture,Wireless Noise Cancelling Headphones,1707,4,710
ORD-002975,2025-02-05,First Class,Education,Europe,Accessories,Mechanical Keyboard,1122,5,309
ORD-002976,2025-01-17,Express,Home Office,South America,Gadgets,Gaming Mouse RGB,487,4,43
ORD-002977,2024-09-19,Same Day,Consumer,Middle East,Office Supplies,Bluetooth Speaker,1844,8,604
ORD-002978,2024-06-30,First Class,Government,Africa,Furniture,"Monitor 27"" 4K",2313,5,843
ORD-002979,2024-12-23,Second Class,Home Office,South America,Accessories,"Tablet Air 11""",536,5,144
ORD-002980,2025-07-30,Express,Government,Europe,Furniture,4K Webcam,979,4,156
ORD-002981,2024-12-19,Standard Class,Home Office,South America,Office Supplies,USB-C Hub 7-in-1,2122,3,800
ORD-002982,2024-08-20,Same Day,Corporate,South America,Office Supplies,Ergonomic Desk Chair,1882,8,500
ORD-002983,2025-03-27,First Class,Consumer,Africa,Electronics,Laptop Cooling Stand,55,7,10
ORD-002984,2025-03-30,Same Day,Small Business,North America,Office Supplies,Mechanical Keyboard,2462,3,557
ORD-002985,2025-01-26,Standard Class,Home Office,Europe,Office Supplies,External SSD 1TB,1169,6,310
ORD-002986,2025-02-04,Second Class,Corporate,Africa,Gadgets,Laptop Cooling Stand,612,5,65
ORD-002987,2025-12-15,Second Class,Education,Europe,Electronics,Wireless Charger Pad,2435,3,612
ORD-002988,2024-05-04,First Class,Education,Asia Pacific,Electronics,Gaming Mouse RGB,2151,3,906
ORD-002989,2025-03-29,First Class,Government,Europe,Accessories,"Monitor 27"" 4K",608,3,97
ORD-002990,2025-01-26,Same Day,Consumer,Europe,Gadgets,Phone Case MagSafe,783,5,257
ORD-002991,2025-05-05,Express,Consumer,Africa,Gadgets,Smartphone Ultra,962,3,308
ORD-002992,2024-06-03,First Class,Government,South America,Gadgets,Smart Home Hub,137,2,58
ORD-002993,2025-10-26,Express,Consumer,Europe,Electronics,4K Webcam,1585,1,499
ORD-002994,2024-09-04,Second Class,Consumer,Middle East,Gadgets,4K Webcam,1702,3,485
ORD-002995,2024-09-10,Standard Class,Government,Europe,Office Supplies,Smart Watch Series 5,2163,4,374
ORD-002996,2025-07-25,Standard Class,Home Office,North America,Electronics,USB-C Hub 7-in-1,275,2,109
ORD-002997,2024-08-29,Second Class,Small Business,Europe,Electronics,Smart Home Hub,170,3,54
ORD-002998,2024-09-20,Express,Education,South America,Accessories,Bluetooth Speaker,1582,4,601
ORD-002999,2024-10-16,Standard Class,Consumer,Asia Pacific,Electronics,Phone Case MagSafe,971,8,137
ORD-003000,2024-11-20,Express,Education,North America,Electronics,Privacy Screen Protector,2000,2,679
ORD-003001,2024-03-02,Second Class,Education,Asia Pacific,Accessories,4K Webcam,2221,8,683
ORD-003002,2025-06-17,First Class,Corporate,North America,Accessories,Bluetooth Speaker,673,7,84
ORD-003003,2024-08-04,Second Class,Home Office,Middle East,Office Supplies,Smart Home Hub,763,6,126
ORD-003004,2024-10-17,Standard Class,Education,Europe,Furniture,Smartphone Ultra,244,1,27
ORD-003005,2024-03-08,Standard Class,Small Business,North America,Furniture,Ergonomic Desk Chair,595,6,126
ORD-003006,2024-12-27,Express,Home Office,Europe,Furniture,Smart Watch Series 5,835,8,330
ORD-003007,2025-12-26,First Class,Education,Asia Pacific,Electronics,Gaming Mouse RGB,2178,4,746
ORD-003008,2025-10-12,Second Class,Government,Europe,Office Supplies,Phone Case MagSafe,1502,3,501
ORD-003009,2024-09-02,Same Day,Education,South America,Accessories,External SSD 1TB,511,1,51
ORD-003010,2024-08-13,First Class,Small Business,Middle East,Accessories,Gaming Mouse RGB,2177,7,224
ORD-003011,2024-04-24,Same Day,Government,Asia Pacific,Accessories,Smartphone Ultra,1746,4,441
ORD-003012,2024-01-06,Same Day,Small Business,South America,Office Supplies,Gaming Mouse RGB,326,2,56
ORD-003013,2024-09-13,Same Day,Education,Europe,Furniture,Laptop Cooling Stand,2414,2,1016
ORD-003014,2024-05-06,Express,Small Business,Europe,Accessories,Smart Home Hub,1782,4,218
ORD-003015,2024-03-01,Standard Class,Corporate,Middle East,Electronics,Smartphone Ultra,347,7,81
ORD-003016,2024-07-09,Express,Government,South America,Accessories,Laptop Cooling Stand,1089,4,319
ORD-003017,2025-07-16,Standard Class,Consumer,Middle East,Accessories,Smart Watch Series 5,2504,4,328
ORD-003018,2024-02-18,Express,Home Office,Middle East,Office Supplies,Smart Home Hub,1011,7,427
ORD-003019,2025-06-18,First Class,Education,Europe,Gadgets,"Laptop Pro 14""",2354,3,353
ORD-003020,2025-03-11,Express,Small Business,North America,Accessories,Laptop Cooling Stand,2396,4,259
ORD-003021,2024-05-08,Express,Small Business,South America,Accessories,Bluetooth Speaker,817,5,279
ORD-003022,2025-07-22,First Class,Education,Europe,Electronics,Privacy Screen Protector,1844,5,216
ORD-003023,2024-01-20,Second Class,Education,South America,Accessories,Fitness Tracker Band,2301,4,524
ORD-003024,2024-03-20,Express,Corporate,Africa,Accessories,"Monitor 27"" 4K",2339,7,334
ORD-003025,2025-10-02,Express,Small Business,South America,Electronics,Smart Watch Series 5,1512,2,348
ORD-003026,2024-02-02,Second Class,Education,Africa,Furniture,"Monitor 27"" 4K",1271,3,301
ORD-003027,2024-05-06,Standard Class,Corporate,Asia Pacific,Furniture,Gaming Mouse RGB,937,8,254
ORD-003028,2025-05-30,Second Class,Corporate,North America,Office Supplies,Ergonomic Desk Chair,2351,3,319
ORD-003029,2024-03-03,Second Class,Education,Asia Pacific,Gadgets,"Tablet Air 11""",827,4,163
ORD-003030,2025-10-07,Express,Small Business,Middle East,Gadgets,Smart Watch Series 5,2022,4,716
ORD-003031,2025-01-05,Same Day,Corporate,Europe,Gadgets,Privacy Screen Protector,2420,1,824
ORD-003032,2024-01-25,Same Day,Corporate,Middle East,Electronics,Fitness Tracker Band,1708,2,476
ORD-003033,2024-02-28,Standard Class,Education,South America,Furniture,Phone Case MagSafe,417,3,54
ORD-003034,2025-11-21,Express,Corporate,North America,Office Supplies,Mechanical Keyboard,1743,8,352
ORD-003035,2025-11-18,First Class,Home Office,South America,Electronics,Smart Home Hub,443,1,179
ORD-003036,2024-04-18,Same Day,Corporate,Asia Pacific,Office Supplies,4K Webcam,535,8,73
ORD-003037,2025-05-25,Express,Home Office,Asia Pacific,Accessories,Gaming Mouse RGB,2124,6,888
ORD-003038,2025-02-07,Standard Class,Home Office,Asia Pacific,Furniture,Smart Watch Series 5,2499,1,918
ORD-003039,2025-09-27,Standard Class,Education,Africa,Furniture,Bluetooth Speaker,1088,2,354
ORD-003040,2024-03-05,Second Class,Corporate,North America,Office Supplies,Smart Home Hub,729,2,91
ORD-003041,2025-10-11,First Class,Consumer,North America,Electronics,"Tablet Air 11""",902,1,176
ORD-003042,2024-03-23,Standard Class,Consumer,Asia Pacific,Gadgets,"Monitor 27"" 4K",1642,2,176
ORD-003043,2025-03-09,Second Class,Government,Middle East,Furniture,"Monitor 27"" 4K",1385,6,499
ORD-003044,2024-10-11,Express,Consumer,Europe,Accessories,Mechanical Keyboard,1158,6,142
ORD-003045,2025-11-28,Same Day,Government,Middle East,Electronics,Phone Case MagSafe,2159,1,925
ORD-003046,2024-11-09,Same Day,Small Business,Africa,Furniture,Smart Home Hub,2524,6,734
ORD-003047,2025-07-23,First Class,Education,North America,Accessories,Gaming Mouse RGB,547,5,200
ORD-003048,2025-12-29,Express,Government,Africa,Furniture,Laptop Cooling Stand,1994,8,557
ORD-003049,2025-04-26,Second Class,Consumer,South America,Accessories,External SSD 1TB,818,1,322
ORD-003050,2024-11-16,Express,Education,Asia Pacific,Electronics,Fitness Tracker Band,2080,7,371
ORD-003051,2025-08-28,Standard Class,Government,Africa,Accessories,Mechanical Keyboard,325,4,34
ORD-003052,2025-04-12,Same Day,Corporate,Africa,Accessories,Phone Case MagSafe,877,1,337
ORD-003053,2025-05-16,Same Day,Consumer,Middle East,Electronics,Smart Home Hub,1878,7,729
ORD-003054,2024-04-14,Express,Consumer,North America,Accessories,Fitness Tracker Band,904,6,269
ORD-003055,2025-02-26,Express,Consumer,South America,Accessories,Gaming Mouse RGB,1363,8,158
ORD-003056,2025-08-26,Express,Home Office,Europe,Office Supplies,External SSD 1TB,469,8,96
ORD-003057,2024-03-29,Express,Corporate,Africa,Office Supplies,4K Webcam,905,8,386
ORD-003058,2024-06-23,Standard Class,Corporate,South America,Accessories,Wireless Charger Pad,253,6,32
ORD-003059,2025-10-26,Second Class,Government,Europe,Electronics,Phone Case MagSafe,823,7,257
ORD-003060,2025-05-01,Standard Class,Home Office,Asia Pacific,Office Supplies,USB-C Hub 7-in-1,2245,8,474
ORD-003061,2024-02-24,Standard Class,Consumer,Middle East,Office Supplies,External SSD 1TB,362,4,46
ORD-003062,2024-04-22,First Class,Small Business,Africa,Gadgets,"Laptop Pro 14""",420,2,146
ORD-003063,2024-07-07,Express,Consumer,Africa,Furniture,"Laptop Pro 14""",2225,5,822
ORD-003064,2025-09-03,Same Day,Home Office,South America,Electronics,Smartphone Ultra,835,5,163
ORD-003065,2025-12-17,Second Class,Education,Asia Pacific,Gadgets,Wireless Charger Pad,1384,4,566
ORD-003066,2025-02-17,First Class,Government,Middle East,Furniture,"Tablet Air 11""",852,5,334
ORD-003067,2025-04-21,Second Class,Education,Europe,Furniture,Privacy Screen Protector,1411,2,470
ORD-003068,2024-03-03,Same Day,Home Office,Africa,Office Supplies,Phone Case MagSafe,2236,8,482
ORD-003069,2025-07-18,Standard Class,Government,Middle East,Gadgets,Bluetooth Speaker,1052,6,248
ORD-003070,2025-11-08,Express,Education,Europe,Office Supplies,External SSD 1TB,1773,6,184
ORD-003071,2024-02-07,First Class,Consumer,Africa,Furniture,"Tablet Air 11""",64,5,10
ORD-003072,2025-08-09,Express,Home Office,North America,Furniture,Phone Case MagSafe,1419,6,291
ORD-003073,2024-01-13,Express,Small Business,Africa,Electronics,Standing Desk Frame,444,4,86
ORD-003074,2025-07-29,Express,Consumer,Middle East,Electronics,Smartphone Ultra,999,4,178
ORD-003075,2025-02-08,Second Class,Small Business,Europe,Accessories,Privacy Screen Protector,998,2,348
ORD-003076,2025-11-02,Second Class,Home Office,South America,Accessories,Mechanical Keyboard,1228,8,435
ORD-003077,2025-11-10,First Class,Education,Asia Pacific,Gadgets,Standing Desk Frame,173,8,59
ORD-003078,2025-11-21,Express,Home Office,Africa,Accessories,Laptop Cooling Stand,250,1,87
ORD-003079,2025-01-08,Express,Home Office,South America,Office Supplies,Gaming Mouse RGB,746,8,223
ORD-003080,2025-11-11,Second Class,Government,South America,Electronics,Privacy Screen Protector,1922,5,382
ORD-003081,2025-04-06,First Class,Small Business,Africa,Accessories,External SSD 1TB,475,2,139
ORD-003082,2025-09-23,Second Class,Education,Africa,Office Supplies,External SSD 1TB,1560,2,576
ORD-003083,2024-06-22,Express,Education,Asia Pacific,Accessories,Ergonomic Desk Chair,977,7,192
ORD-003084,2024-04-25,Second Class,Consumer,North America,Accessories,"Laptop Pro 14""",342,8,78
ORD-003085,2025-10-30,Second Class,Government,Africa,Electronics,Wireless Noise Cancelling Headphones,241,5,101
ORD-003086,2024-12-25,First Class,Corporate,Middle East,Electronics,USB-C Hub 7-in-1,2522,3,1064
ORD-003087,2024-04-04,Standard Class,Small Business,North America,Furniture,Standing Desk Frame,1455,3,592
ORD-003088,2024-10-25,First Class,Education,Middle East,Gadgets,Fitness Tracker Band,98,7,15
ORD-003089,2025-09-03,Same Day,Consumer,North America,Accessories,Smartphone Ultra,707,4,208
ORD-003090,2025-12-07,Standard Class,Home Office,South America,Furniture,"Laptop Pro 14""",1096,5,123
ORD-003091,2024-12-08,Express,Corporate,South America,Office Supplies,Smartphone Ultra,254,1,98
ORD-003092,2024-07-10,Express,Home Office,Europe,Electronics,"Laptop Pro 14""",951,4,198
ORD-003093,2024-05-18,Same Day,Consumer,North America,Office Supplies,"Monitor 27"" 4K",1874,2,794
ORD-003094,2025-08-12,Express,Small Business,South America,Electronics,External SSD 1TB,1807,6,395
ORD-003095,2024-09-25,Standard Class,Small Business,Asia Pacific,Office Supplies,"Monitor 27"" 4K",238,6,69
ORD-003096,2024-12-08,First Class,Corporate,Europe,Gadgets,"Monitor 27"" 4K",1202,3,489
ORD-003097,2025-09-14,First Class,Education,South America,Office Supplies,Phone Case MagSafe,505,8,71
ORD-003098,2024-01-02,Second Class,Consumer,Asia Pacific,Furniture,Phone Case MagSafe,433,6,129
ORD-003099,2025-05-24,Second Class,Consumer,Middle East,Accessories,Bluetooth Speaker,2386,2,410
ORD-003100,2024-09-29,Standard Class,Corporate,Asia Pacific,Electronics,Bluetooth Speaker,1866,4,152
ORD-003101,2024-07-08,First Class,Small Business,Middle East,Accessories,"Laptop Pro 14""",1662,1,403
ORD-003102,2024-10-30,Same Day,Government,Europe,Furniture,Fitness Tracker Band,1376,4,493
ORD-003103,2024-06-11,Second Class,Small Business,Europe,Accessories,Smart Home Hub,210,5,47
ORD-003104,2024-09-06,Same Day,Government,Europe,Office Supplies,External SSD 1TB,430,2,133
ORD-003105,2025-05-18,Standard Class,Education,South America,Gadgets,"Monitor 27"" 4K",89,1,9
ORD-003106,2025-07-11,Express,Education,Middle East,Furniture,Smart Watch Series 5,660,7,265
ORD-003107,2025-08-20,Express,Consumer,Africa,Accessories,Phone Case MagSafe,1000,7,239
ORD-003108,2024-04-07,Same Day,Small Business,Africa,Electronics,"Tablet Air 11""",643,5,138
ORD-003109,2025-10-26,Same Day,Small Business,Asia Pacific,Accessories,External SSD 1TB,807,8,162
ORD-003110,2024-01-10,Express,Home Office,Middle East,Office Supplies,Smart Watch Series 5,2208,6,910
ORD-003111,2025-12-21,Express,Corporate,Middle East,Electronics,Wireless Charger Pad,1737,5,247
ORD-003112,2025-07-30,Express,Education,South America,Gadgets,Smart Home Hub,531,3,95
ORD-003113,2024-07-04,First Class,Education,Asia Pacific,Gadgets,Smart Watch Series 5,1697,8,515
ORD-003114,2025-03-01,Same Day,Consumer,South America,Accessories,Mechanical Keyboard,859,4,250
ORD-003115,2025-08-26,Standard Class,Small Business,Europe,Gadgets,Wireless Noise Cancelling Headphones,1971,4,379
ORD-003116,2025-08-31,Same Day,Corporate,Europe,Gadgets,Ergonomic Desk Chair,1770,4,605
ORD-003117,2025-08-07,Same Day,Consumer,South America,Accessories,Smart Watch Series 5,2498,1,840
ORD-003118,2025-01-25,Same Day,Small Business,Europe,Office Supplies,Gaming Mouse RGB,1756,8,256
ORD-003119,2025-06-15,Express,Education,South America,Accessories,Mechanical Keyboard,152,4,15
ORD-003120,2024-05-17,Second Class,Home Office,North America,Office Supplies,Privacy Screen Protector,1593,5,651
ORD-003121,2025-03-04,Standard Class,Small Business,Middle East,Office Supplies,"Monitor 27"" 4K",688,8,165
ORD-003122,2025-03-09,Standard Class,Home Office,Africa,Gadgets,Gaming Mouse RGB,127,4,15
ORD-003123,2024-09-05,First Class,Corporate,Asia Pacific,Furniture,Mechanical Keyboard,962,5,106
ORD-003124,2025-01-11,Same Day,Small Business,Middle East,Furniture,Fitness Tracker Band,313,1,62
ORD-003125,2025-08-03,Express,Small Business,North America,Office Supplies,"Laptop Pro 14""",632,3,172
ORD-003126,2024-07-16,Same Day,Home Office,Africa,Gadgets,Standing Desk Frame,2454,4,953
ORD-003127,2024-07-17,First Class,Education,Asia Pacific,Furniture,USB-C Hub 7-in-1,1578,7,513
ORD-003128,2024-01-24,Same Day,Corporate,North America,Electronics,Wireless Charger Pad,555,6,222
ORD-003129,2024-11-22,Second Class,Education,Europe,Electronics,Smartphone Ultra,1813,5,282
ORD-003130,2024-02-17,Same Day,Education,South America,Electronics,Wireless Charger Pad,1698,2,560
ORD-003131,2024-02-22,Express,Corporate,Europe,Gadgets,Privacy Screen Protector,2020,3,829
ORD-003132,2025-12-11,Express,Consumer,South America,Gadgets,Smart Home Hub,2051,8,814
ORD-003133,2025-08-24,Same Day,Small Business,Africa,Furniture,Privacy Screen Protector,407,2,169
ORD-003134,2025-12-26,Express,Consumer,Europe,Accessories,Smartphone Ultra,1083,1,137
ORD-003135,2024-09-20,Express,Small Business,Africa,Furniture,Gaming Mouse RGB,1619,1,443
ORD-003136,2024-01-03,First Class,Education,Africa,Accessories,Smart Watch Series 5,1528,8,185
ORD-003137,2025-06-15,Second Class,Education,Asia Pacific,Furniture,Laptop Cooling Stand,1280,6,416
ORD-003138,2024-12-14,Same Day,Consumer,Africa,Electronics,Smartphone Ultra,1870,3,637
ORD-003139,2025-05-19,First Class,Home Office,Asia Pacific,Accessories,Laptop Cooling Stand,2231,3,400
ORD-003140,2024-03-01,Standard Class,Education,Europe,Office Supplies,USB-C Hub 7-in-1,2035,3,657
ORD-003141,2025-12-19,Second Class,Consumer,Africa,Furniture,"Laptop Pro 14""",1228,7,111
ORD-003142,2024-03-12,Second Class,Government,Europe,Gadgets,"Tablet Air 11""",2247,6,692
ORD-003143,2024-03-23,Standard Class,Corporate,South America,Office Supplies,Privacy Screen Protector,2517,4,930
ORD-003144,2024-09-18,Standard Class,Small Business,Asia Pacific,Furniture,"Monitor 27"" 4K",1922,3,188
ORD-003145,2025-03-01,Same Day,Home Office,Europe,Gadgets,Wireless Noise Cancelling Headphones,1005,2,271
ORD-003146,2024-04-07,Second Class,Small Business,Middle East,Accessories,Wireless Charger Pad,1022,4,381
ORD-003147,2025-09-28,Same Day,Government,Africa,Accessories,USB-C Hub 7-in-1,371,3,45
ORD-003148,2024-09-29,Standard Class,Consumer,Europe,Furniture,Smart Watch Series 5,2392,6,587
ORD-003149,2024-05-09,First Class,Small Business,Asia Pacific,Furniture,"Monitor 27"" 4K",1814,6,212
ORD-003150,2025-02-12,First Class,Government,North America,Office Supplies,Standing Desk Frame,1431,7,293
ORD-003151,2025-12-07,First Class,Small Business,Europe,Office Supplies,Smart Home Hub,409,5,35
ORD-003152,2025-01-24,Standard Class,Small Business,Middle East,Furniture,Phone Case MagSafe,1963,7,503
ORD-003153,2024-12-30,First Class,Small Business,Europe,Office Supplies,USB-C Hub 7-in-1,1215,3,280
ORD-003154,2024-06-01,Express,Education,Middle East,Furniture,Standing Desk Frame,135,3,38
ORD-003155,2025-06-14,First Class,Small Business,South America,Accessories,4K Webcam,2228,4,504
ORD-003156,2024-10-05,Standard Class,Home Office,Africa,Gadgets,External SSD 1TB,2350,2,229
ORD-003157,2025-08-14,Standard Class,Education,Middle East,Electronics,"Monitor 27"" 4K",1095,6,260
ORD-003158,2025-01-16,Same Day,Consumer,North America,Office Supplies,Fitness Tracker Band,173,2,70
ORD-003159,2025-01-27,Second Class,Corporate,Asia Pacific,Furniture,USB-C Hub 7-in-1,607,6,98
ORD-003160,2025-07-18,First Class,Small Business,Europe,Gadgets,Wireless Noise Cancelling Headphones,816,2,348
ORD-003161,2025-11-16,Second Class,Small Business,Asia Pacific,Furniture,"Laptop Pro 14""",813,1,182
ORD-003162,2024-05-29,First Class,Government,Middle East,Gadgets,Smart Watch Series 5,2163,1,736
ORD-003163,2025-08-15,Standard Class,Education,North America,Office Supplies,Phone Case MagSafe,1073,3,252
ORD-003164,2024-10-07,Second Class,Government,Asia Pacific,Office Supplies,Wireless Noise Cancelling Headphones,1296,4,124
ORD-003165,2024-05-12,Standard Class,Home Office,Europe,Accessories,Bluetooth Speaker,2544,1,393
ORD-003166,2024-11-29,Same Day,Home Office,South America,Accessories,Mechanical Keyboard,1685,6,608
ORD-003167,2025-04-12,Standard Class,Small Business,Middle East,Furniture,Wireless Noise Cancelling Headphones,107,3,29
ORD-003168,2024-03-27,First Class,Corporate,Africa,Furniture,"Monitor 27"" 4K",2548,8,456
ORD-003169,2024-03-16,Second Class,Small Business,Asia Pacific,Electronics,"Monitor 27"" 4K",708,3,150
ORD-003170,2024-02-05,Second Class,Consumer,North America,Gadgets,4K Webcam,1166,6,279
ORD-003171,2024-05-26,Express,Consumer,South America,Gadgets,Wireless Noise Cancelling Headphones,1535,7,427
ORD-003172,2025-08-23,Express,Corporate,Middle East,Gadgets,"Tablet Air 11""",1930,8,307
ORD-003173,2025-09-19,Standard Class,Home Office,Middle East,Electronics,"Tablet Air 11""",1752,5,252
ORD-003174,2024-10-22,Standard Class,Small Business,Europe,Electronics,Smart Watch Series 5,1385,4,253
ORD-003175,2025-05-25,Express,Consumer,Middle East,Office Supplies,Fitness Tracker Band,751,1,305
ORD-003176,2024-09-24,Second Class,Consumer,Middle East,Furniture,External SSD 1TB,1032,1,322
ORD-003177,2025-07-15,Same Day,Education,North America,Accessories,Laptop Cooling Stand,1133,8,97
ORD-003178,2025-01-15,Second Class,Government,Middle East,Furniture,"Laptop Pro 14""",94,8,15
ORD-003179,2025-03-03,First Class,Government,Africa,Office Supplies,Wireless Charger Pad,2143,4,599
ORD-003180,2025-02-19,Standard Class,Small Business,Europe,Electronics,Smart Home Hub,2454,8,967
ORD-003181,2024-11-09,Express,Consumer,Middle East,Office Supplies,"Tablet Air 11""",1456,1,390
ORD-003182,2024-10-01,Same Day,Education,Middle East,Gadgets,External SSD 1TB,1970,2,782
ORD-003183,2024-11-30,First Class,Home Office,Africa,Electronics,Standing Desk Frame,824,3,220
ORD-003184,2024-01-13,Same Day,Government,Africa,Furniture,USB-C Hub 7-in-1,1294,6,166
ORD-003185,2025-11-06,Same Day,Education,South America,Office Supplies,Wireless Noise Cancelling Headphones,267,5,96
ORD-003186,2024-03-01,Express,Consumer,Europe,Furniture,Smartphone Ultra,2174,7,801
ORD-003187,2024-08-12,Same Day,Small Business,Africa,Gadgets,Bluetooth Speaker,668,2,262
ORD-003188,2025-09-20,First Class,Corporate,Asia Pacific,Gadgets,Phone Case MagSafe,2284,1,808
ORD-003189,2024-10-23,First Class,Home Office,Asia Pacific,Accessories,Privacy Screen Protector,270,7,86
ORD-003190,2025-11-29,Standard Class,Education,Africa,Gadgets,"Monitor 27"" 4K",459,5,197
ORD-003191,2025-08-14,Same Day,Government,Asia Pacific,Accessories,Phone Case MagSafe,1742,3,619
ORD-003192,2024-11-25,Second Class,Consumer,Europe,Electronics,"Tablet Air 11""",2533,5,720
ORD-003193,2025-04-08,Second Class,Home Office,Asia Pacific,Gadgets,USB-C Hub 7-in-1,534,7,126
ORD-003194,2025-11-10,Express,Home Office,North America,Office Supplies,Privacy Screen Protector,508,3,215
ORD-003195,2024-04-12,Standard Class,Home Office,Asia Pacific,Gadgets,"Laptop Pro 14""",160,3,43
ORD-003196,2024-02-06,Second Class,Government,South America,Office Supplies,Wireless Noise Cancelling Headphones,1168,5,419
ORD-003197,2024-11-25,Same Day,Government,North America,Electronics,Fitness Tracker Band,1494,3,199
ORD-003198,2024-08-24,Express,Education,South America,Furniture,4K Webcam,353,4,139
ORD-003199,2025-08-13,Same Day,Corporate,Europe,Accessories,"Laptop Pro 14""",1194,4,450
ORD-003200,2025-05-09,First Class,Education,South America,Electronics,Smartphone Ultra,1372,4,277
ORD-003201,2025-04-21,First Class,Home Office,Africa,Accessories,"Laptop Pro 14""",326,8,98
ORD-003202,2025-12-17,Same Day,Corporate,North America,Gadgets,4K Webcam,319,7,46
ORD-003203,2024-07-05,Express,Consumer,Africa,Gadgets,Laptop Cooling Stand,443,3,94
ORD-003204,2024-11-20,Same Day,Education,Africa,Furniture,Wireless Charger Pad,2331,7,505
ORD-003205,2024-12-19,Second Class,Education,North America,Electronics,Wireless Noise Cancelling Headphones,94,8,21
ORD-003206,2024-06-05,Second Class,Corporate,Europe,Gadgets,Fitness Tracker Band,2490,6,225
ORD-003207,2024-03-15,Second Class,Education,South America,Furniture,4K Webcam,1413,3,566
ORD-003208,2024-01-27,Express,Government,Asia Pacific,Accessories,Ergonomic Desk Chair,1197,3,425
ORD-003209,2025-02-23,First Class,Corporate,North America,Furniture,Fitness Tracker Band,985,6,309
ORD-003210,2024-02-25,Second Class,Consumer,Middle East,Gadgets,External SSD 1TB,578,2,107
ORD-003211,2025-08-05,Standard Class,Home Office,Middle East,Accessories,"Laptop Pro 14""",998,7,139
ORD-003212,2024-04-15,Express,Consumer,Africa,Electronics,Smart Watch Series 5,581,1,91
ORD-003213,2024-07-19,First Class,Consumer,Africa,Office Supplies,Laptop Cooling Stand,1719,6,267
ORD-003214,2024-07-23,First Class,Small Business,Europe,Accessories,Standing Desk Frame,1769,5,270
ORD-003215,2024-01-09,Standard Class,Education,Middle East,Gadgets,4K Webcam,202,5,56
ORD-003216,2024-09-22,Same Day,Consumer,South America,Gadgets,Privacy Screen Protector,1311,8,174
ORD-003217,2024-03-16,Standard Class,Consumer,Middle East,Office Supplies,Laptop Cooling Stand,2282,8,549
ORD-003218,2024-11-07,Same Day,Small Business,Europe,Accessories,Wireless Charger Pad,656,6,197
ORD-003219,2025-02-08,Same Day,Small Business,Europe,Electronics,Phone Case MagSafe,1906,5,737
ORD-003220,2024-02-09,Second Class,Home Office,Asia Pacific,Gadgets,Bluetooth Speaker,462,4,197
ORD-003221,2024-08-26,Second Class,Government,Asia Pacific,Furniture,"Monitor 27"" 4K",1823,3,359
ORD-003222,2024-08-09,First Class,Education,South America,Gadgets,Wireless Noise Cancelling Headphones,1692,8,181
ORD-003223,2025-10-01,Same Day,Government,North America,Furniture,"Tablet Air 11""",858,1,266
ORD-003224,2024-01-09,Second Class,Corporate,North America,Gadgets,Gaming Mouse RGB,2227,4,257
ORD-003225,2025-06-19,First Class,Corporate,Asia Pacific,Accessories,"Tablet Air 11""",679,7,263
ORD-003226,2024-03-28,First Class,Corporate,Asia Pacific,Furniture,Wireless Noise Cancelling Headphones,154,3,23
ORD-003227,2024-09-21,Standard Class,Government,South America,Electronics,Laptop Cooling Stand,1139,8,448
ORD-003228,2024-11-30,Second Class,Consumer,Africa,Office Supplies,Smartphone Ultra,1227,3,317
ORD-003229,2024-06-09,First Class,Government,Europe,Office Supplies,"Laptop Pro 14""",1081,3,282
ORD-003230,2024-08-14,Second Class,Education,South America,Electronics,Standing Desk Frame,858,5,170
ORD-003231,2024-05-13,First Class,Government,Africa,Gadgets,External SSD 1TB,1730,3,339
ORD-003232,2025-04-06,Second Class,Home Office,Asia Pacific,Accessories,"Monitor 27"" 4K",832,2,184
ORD-003233,2024-05-23,Express,Home Office,Middle East,Gadgets,Bluetooth Speaker,1311,2,182
ORD-003234,2025-07-19,Same Day,Consumer,Asia Pacific,Office Supplies,Smart Watch Series 5,1043,8,325
ORD-003235,2025-11-08,Same Day,Home Office,Middle East,Office Supplies,Phone Case MagSafe,880,5,331
ORD-003236,2025-03-21,Express,Government,South America,Furniture,USB-C Hub 7-in-1,950,5,252
ORD-003237,2024-08-09,First Class,Corporate,North America,Gadgets,Smartphone Ultra,2242,8,386
ORD-003238,2024-05-13,First Class,Corporate,South America,Accessories,"Tablet Air 11""",698,6,236
ORD-003239,2025-04-27,Same Day,Consumer,South America,Electronics,USB-C Hub 7-in-1,2016,1,335
ORD-003240,2024-09-10,Standard Class,Education,Asia Pacific,Accessories,Wireless Charger Pad,725,1,88
ORD-003241,2025-01-26,Same Day,Corporate,Africa,Office Supplies,Smart Watch Series 5,1692,7,669
ORD-003242,2025-04-02,First Class,Consumer,North America,Gadgets,Wireless Charger Pad,1259,6,380
ORD-003243,2025-06-14,Express,Consumer,South America,Furniture,"Tablet Air 11""",2392,4,274
ORD-003244,2025-12-01,Standard Class,Consumer,South America,Gadgets,"Monitor 27"" 4K",594,3,225
ORD-003245,2025-12-27,First Class,Consumer,Asia Pacific,Electronics,Fitness Tracker Band,363,8,127
ORD-003246,2024-12-27,First Class,Education,Asia Pacific,Accessories,External SSD 1TB,2163,3,602
ORD-003247,2024-10-27,First Class,Government,Asia Pacific,Furniture,"Tablet Air 11""",719,7,225
ORD-003248,2024-01-20,Second Class,Government,North America,Gadgets,4K Webcam,1018,2,89
ORD-003249,2025-08-23,Second Class,Government,Middle East,Electronics,Fitness Tracker Band,1763,4,575
ORD-003250,2024-06-22,Second Class,Corporate,Middle East,Electronics,Phone Case MagSafe,673,3,101
ORD-003251,2024-01-27,Standard Class,Consumer,South America,Gadgets,Privacy Screen Protector,1078,3,343
ORD-003252,2025-07-14,Second Class,Small Business,Asia Pacific,Gadgets,Smartphone Ultra,472,3,75
ORD-003253,2024-04-06,First Class,Education,Middle East,Electronics,Privacy Screen Protector,304,6,52
ORD-003254,2025-12-04,Second Class,Home Office,Asia Pacific,Furniture,Gaming Mouse RGB,1304,6,306
ORD-003255,2025-03-08,Express,Home Office,Africa,Accessories,"Monitor 27"" 4K",1606,4,246
ORD-003256,2024-05-30,Same Day,Government,Asia Pacific,Gadgets,Privacy Screen Protector,404,5,162
ORD-003257,2024-09-14,Second Class,Consumer,North America,Office Supplies,USB-C Hub 7-in-1,726,2,278
ORD-003258,2025-03-25,Standard Class,Consumer,Middle East,Office Supplies,"Monitor 27"" 4K",992,7,186
ORD-003259,2024-09-06,Express,Government,North America,Gadgets,Smart Watch Series 5,506,7,135
ORD-003260,2024-01-06,Second Class,Government,Europe,Gadgets,"Tablet Air 11""",730,7,249
ORD-003261,2025-06-03,First Class,Government,Middle East,Office Supplies,Fitness Tracker Band,535,8,169
ORD-003262,2024-12-21,Standard Class,Education,Middle East,Furniture,Laptop Cooling Stand,233,1,74
ORD-003263,2025-11-10,Express,Consumer,Middle East,Accessories,Phone Case MagSafe,216,4,81
ORD-003264,2024-02-24,Same Day,Home Office,Asia Pacific,Accessories,Mechanical Keyboard,1620,8,309
ORD-003265,2025-05-05,Standard Class,Government,Asia Pacific,Electronics,Fitness Tracker Band,1644,3,460
ORD-003266,2025-06-24,Standard Class,Government,North America,Office Supplies,USB-C Hub 7-in-1,2467,6,685
ORD-003267,2024-03-02,Express,Government,Asia Pacific,Accessories,Phone Case MagSafe,1310,8,480
ORD-003268,2025-10-07,Standard Class,Consumer,Europe,Office Supplies,Wireless Noise Cancelling Headphones,2061,2,233
ORD-003269,2024-01-19,Same Day,Home Office,North America,Gadgets,USB-C Hub 7-in-1,680,7,243
ORD-003270,2024-12-25,Second Class,Corporate,North America,Gadgets,Phone Case MagSafe,1696,7,629
ORD-003271,2025-05-27,Second Class,Corporate,Asia Pacific,Office Supplies,Wireless Charger Pad,2243,2,665
ORD-003272,2025-03-20,Express,Government,Europe,Gadgets,"Monitor 27"" 4K",56,7,18
ORD-003273,2024-05-18,Same Day,Home Office,Europe,Gadgets,"Tablet Air 11""",1652,2,177
ORD-003274,2025-12-02,Express,Consumer,North America,Furniture,Gaming Mouse RGB,2273,5,368
ORD-003275,2024-02-20,Second Class,Corporate,South America,Gadgets,"Tablet Air 11""",2050,2,366
ORD-003276,2024-07-31,Standard Class,Corporate,Africa,Office Supplies,Standing Desk Frame,213,6,23
ORD-003277,2025-05-21,Same Day,Home Office,Asia Pacific,Gadgets,Bluetooth Speaker,695,3,169
ORD-003278,2024-02-21,Second Class,Government,Middle East,Electronics,Bluetooth Speaker,885,2,300
ORD-003279,2024-02-10,Same Day,Small Business,Africa,Accessories,"Laptop Pro 14""",1867,4,412
ORD-003280,2025-10-12,First Class,Home Office,Africa,Electronics,Wireless Charger Pad,1893,8,295
ORD-003281,2024-11-26,Express,Small Business,Europe,Accessories,External SSD 1TB,2534,6,1081
ORD-003282,2024-02-28,Second Class,Small Business,North America,Accessories,"Tablet Air 11""",1364,1,463
ORD-003283,2025-03-07,Express,Corporate,Middle East,Gadgets,"Laptop Pro 14""",1587,3,661
ORD-003284,2024-04-02,Standard Class,Corporate,South America,Accessories,External SSD 1TB,794,7,197
ORD-003285,2025-05-01,First Class,Small Business,Middle East,Accessories,Smartphone Ultra,577,5,120
ORD-003286,2024-02-20,Express,Small Business,Middle East,Office Supplies,Fitness Tracker Band,1601,4,401
ORD-003287,2025-12-19,Second Class,Small Business,Asia Pacific,Gadgets,"Tablet Air 11""",711,3,281
ORD-003288,2024-11-07,First Class,Home Office,Africa,Accessories,"Monitor 27"" 4K",1209,4,265
ORD-003289,2025-07-20,Express,Government,South America,Office Supplies,USB-C Hub 7-in-1,1858,3,572
ORD-003290,2024-03-17,Second Class,Government,Europe,Accessories,Standing Desk Frame,1778,7,578
ORD-003291,2024-05-06,Same Day,Consumer,Middle East,Electronics,Privacy Screen Protector,2385,2,830
ORD-003292,2025-09-03,First Class,Corporate,Asia Pacific,Electronics,4K Webcam,2020,7,627
ORD-003293,2025-04-17,Same Day,Government,Europe,Electronics,"Monitor 27"" 4K",555,7,101
ORD-003294,2024-11-27,First Class,Consumer,Europe,Electronics,Bluetooth Speaker,2201,3,480
ORD-003295,2025-08-28,Same Day,Consumer,Asia Pacific,Accessories,Privacy Screen Protector,1877,1,745
ORD-003296,2024-09-10,First Class,Corporate,South America,Gadgets,Smart Watch Series 5,783,4,300
ORD-003297,2024-07-25,Same Day,Consumer,South America,Gadgets,"Monitor 27"" 4K",2350,8,398
ORD-003298,2024-05-15,Express,Home Office,Africa,Gadgets,Wireless Noise Cancelling Headphones,207,5,65
ORD-003299,2024-08-04,Second Class,Education,Africa,Accessories,Phone Case MagSafe,1457,7,317
ORD-003300,2025-01-17,Second Class,Consumer,Middle East,Gadgets,Laptop Cooling Stand,2121,7,361
ORD-003301,2025-02-22,Standard Class,Small Business,South America,Electronics,Ergonomic Desk Chair,485,8,201
ORD-003302,2025-08-23,Second Class,Small Business,Europe,Electronics,Phone Case MagSafe,2224,7,534
ORD-003303,2025-04-18,Standard Class,Corporate,Asia Pacific,Gadgets,Laptop Cooling Stand,1776,1,185
ORD-003304,2025-04-04,Standard Class,Corporate,South America,Gadgets,4K Webcam,351,3,137
ORD-003305,2024-10-06,Express,Corporate,Middle East,Furniture,Fitness Tracker Band,1367,7,263
ORD-003306,2024-08-24,Standard Class,Government,Middle East,Office Supplies,USB-C Hub 7-in-1,1619,5,272
ORD-003307,2025-08-09,First Class,Government,Asia Pacific,Furniture,Laptop Cooling Stand,1043,7,298
ORD-003308,2025-04-09,First Class,Small Business,Africa,Accessories,Mechanical Keyboard,340,3,135
ORD-003309,2024-03-17,Same Day,Corporate,Middle East,Office Supplies,Wireless Noise Cancelling Headphones,1864,5,625
ORD-003310,2024-07-05,Express,Education,Asia Pacific,Gadgets,USB-C Hub 7-in-1,1251,3,534
ORD-003311,2024-02-24,Second Class,Education,Asia Pacific,Accessories,Smart Watch Series 5,1612,5,330
ORD-003312,2025-06-16,First Class,Home Office,Europe,Electronics,Privacy Screen Protector,803,7,209
ORD-003313,2025-12-18,Standard Class,Consumer,Middle East,Furniture,Fitness Tracker Band,1261,7,433
ORD-003314,2025-08-27,Same Day,Home Office,Europe,Electronics,Ergonomic Desk Chair,1457,5,365
ORD-003315,2025-02-06,Standard Class,Education,Africa,Accessories,USB-C Hub 7-in-1,1088,4,418
ORD-003316,2025-04-30,Second Class,Corporate,North America,Accessories,Laptop Cooling Stand,57,6,16
ORD-003317,2024-09-20,Second Class,Consumer,Middle East,Office Supplies,Standing Desk Frame,944,4,168
ORD-003318,2025-12-06,Express,Small Business,South America,Electronics,"Monitor 27"" 4K",1966,8,302
ORD-003319,2024-01-09,Same Day,Corporate,Europe,Office Supplies,"Laptop Pro 14""",1670,2,343
ORD-003320,2024-03-15,Express,Government,Asia Pacific,Office Supplies,"Tablet Air 11""",821,1,317
ORD-003321,2025-12-18,First Class,Small Business,Europe,Accessories,"Laptop Pro 14""",2458,5,297
ORD-003322,2025-06-18,Express,Home Office,Middle East,Office Supplies,External SSD 1TB,1576,2,610
ORD-003323,2024-03-22,Standard Class,Education,Europe,Gadgets,Wireless Charger Pad,448,5,110
ORD-003324,2024-08-07,First Class,Corporate,Africa,Furniture,Gaming Mouse RGB,2474,3,457
ORD-003325,2025-06-15,Express,Consumer,Asia Pacific,Furniture,Wireless Noise Cancelling Headphones,234,2,71
ORD-003326,2024-04-23,Express,Small Business,Middle East,Furniture,Phone Case MagSafe,887,1,104
ORD-003327,2025-06-16,Express,Consumer,South America,Furniture,Privacy Screen Protector,1523,3,237
ORD-003328,2024-05-29,Second Class,Education,Middle East,Electronics,"Laptop Pro 14""",2125,4,857
ORD-003329,2025-05-27,First Class,Education,South America,Accessories,Phone Case MagSafe,249,6,40
ORD-003330,2024-01-22,Second Class,Home Office,Asia Pacific,Accessories,External SSD 1TB,814,1,120
ORD-003331,2024-08-01,First Class,Small Business,North America,Furniture,Wireless Charger Pad,702,7,152
ORD-003332,2025-01-17,Second Class,Small Business,North America,Furniture,Wireless Noise Cancelling Headphones,2412,5,1021
ORD-003333,2025-12-08,Second Class,Home Office,Middle East,Furniture,Smartphone Ultra,538,2,180
ORD-003334,2024-04-04,Second Class,Small Business,South America,Office Supplies,Privacy Screen Protector,308,1,90
ORD-003335,2025-07-18,Standard Class,Consumer,Europe,Furniture,Wireless Noise Cancelling Headphones,1498,8,644
ORD-003336,2024-04-12,Express,Small Business,North America,Office Supplies,"Monitor 27"" 4K",2238,3,332
ORD-003337,2024-01-24,Standard Class,Home Office,North America,Gadgets,Phone Case MagSafe,1792,4,157
ORD-003338,2024-03-31,First Class,Education,South America,Electronics,Gaming Mouse RGB,1005,1,304
ORD-003339,2025-11-07,Same Day,Small Business,Asia Pacific,Electronics,Mechanical Keyboard,971,7,199
ORD-003340,2025-05-20,Second Class,Consumer,Africa,Office Supplies,Mechanical Keyboard,2103,8,407
ORD-003341,2025-06-22,Second Class,Government,South America,Accessories,Phone Case MagSafe,1088,2,451
ORD-003342,2025-01-13,Same Day,Government,North America,Electronics,USB-C Hub 7-in-1,1117,6,324
ORD-003343,2025-04-19,Same Day,Corporate,South America,Office Supplies,Smartphone Ultra,1089,2,136
ORD-003344,2024-08-15,Same Day,Government,North America,Office Supplies,Smart Watch Series 5,968,7,410
ORD-003345,2024-01-11,Second Class,Small Business,Africa,Gadgets,Wireless Noise Cancelling Headphones,2247,5,818
ORD-003346,2025-10-25,Express,Consumer,North America,Office Supplies,Smartphone Ultra,2484,1,247
ORD-003347,2024-02-16,Standard Class,Consumer,Africa,Electronics,4K Webcam,1888,8,678
ORD-003348,2024-07-26,Express,Government,Africa,Furniture,"Tablet Air 11""",1406,1,124
ORD-003349,2024-08-23,Standard Class,Education,North America,Accessories,Bluetooth Speaker,1737,3,604
ORD-003350,2025-06-29,Standard Class,Consumer,Asia Pacific,Furniture,Wireless Charger Pad,389,2,77
ORD-003351,2024-06-07,Express,Home Office,South America,Electronics,Wireless Noise Cancelling Headphones,790,4,314
ORD-003352,2024-10-08,Express,Corporate,Asia Pacific,Electronics,4K Webcam,110,1,27
ORD-003353,2025-12-02,First Class,Consumer,Middle East,Accessories,Bluetooth Speaker,1554,6,481
ORD-003354,2025-09-26,Express,Government,Middle East,Furniture,Mechanical Keyboard,1045,5,339
ORD-003355,2025-05-03,Standard Class,Government,Europe,Office Supplies,Ergonomic Desk Chair,211,3,71
ORD-003356,2024-08-09,Standard Class,Corporate,Asia Pacific,Office Supplies,Smart Home Hub,1503,5,210
ORD-003357,2024-04-20,Same Day,Consumer,South America,Electronics,Privacy Screen Protector,1155,7,141
ORD-003358,2025-09-18,Second Class,Corporate,Middle East,Gadgets,USB-C Hub 7-in-1,2466,8,924
ORD-003359,2025-09-22,First Class,Education,North America,Gadgets,Smartphone Ultra,1185,1,500
ORD-003360,2025-06-30,Same Day,Home Office,Middle East,Electronics,External SSD 1TB,747,6,161
ORD-003361,2024-02-10,Second Class,Home Office,Asia Pacific,Office Supplies,Privacy Screen Protector,1524,2,295
ORD-003362,2024-07-10,Same Day,Education,North America,Gadgets,Wireless Noise Cancelling Headphones,682,1,102
ORD-003363,2025-11-12,Same Day,Home Office,North America,Accessories,4K Webcam,1510,3,540
ORD-003364,2025-08-17,First Class,Small Business,Middle East,Gadgets,Smart Home Hub,2350,3,306
ORD-003365,2024-12-06,Express,Small Business,Asia Pacific,Furniture,USB-C Hub 7-in-1,684,6,170
ORD-003366,2024-02-03,Standard Class,Small Business,Middle East,Gadgets,Laptop Cooling Stand,1513,8,493
ORD-003367,2025-08-23,Same Day,Consumer,South America,Accessories,Standing Desk Frame,1724,5,197
ORD-003368,2025-05-19,Second Class,Consumer,Africa,Accessories,Standing Desk Frame,871,3,179
ORD-003369,2025-04-29,Standard Class,Corporate,Middle East,Office Supplies,Fitness Tracker Band,2327,3,875
ORD-003370,2024-09-27,Standard Class,Home Office,Africa,Gadgets,USB-C Hub 7-in-1,1101,5,320
ORD-003371,2024-02-29,Express,Consumer,Europe,Gadgets,Gaming Mouse RGB,2513,2,447
ORD-003372,2025-03-04,Second Class,Government,South America,Electronics,Wireless Charger Pad,225,2,76
ORD-003373,2025-08-11,First Class,Corporate,Africa,Gadgets,USB-C Hub 7-in-1,1262,8,399
ORD-003374,2025-08-06,Express,Education,Asia Pacific,Office Supplies,4K Webcam,670,7,103
ORD-003375,2024-03-25,Express,Government,Africa,Office Supplies,"Laptop Pro 14""",2359,2,608
ORD-003376,2024-01-16,Same Day,Education,Africa,Furniture,USB-C Hub 7-in-1,1797,7,551
ORD-003377,2025-02-11,First Class,Corporate,Asia Pacific,Electronics,USB-C Hub 7-in-1,1852,3,600
ORD-003378,2025-08-01,Same Day,Education,North America,Electronics,Smart Watch Series 5,2539,1,482
ORD-003379,2024-02-07,Standard Class,Corporate,North America,Gadgets,Smartphone Ultra,506,7,79
ORD-003380,2025-10-26,Same Day,Consumer,North America,Furniture,Smart Home Hub,974,6,386
ORD-003381,2024-06-12,Standard Class,Small Business,Europe,Gadgets,Wireless Noise Cancelling Headphones,2522,1,776
ORD-003382,2024-11-09,Same Day,Small Business,Asia Pacific,Furniture,Mechanical Keyboard,1222,2,411
ORD-003383,2024-12-07,Express,Home Office,Africa,Furniture,Smart Home Hub,1341,5,320
ORD-003384,2024-09-08,Standard Class,Small Business,Europe,Accessories,"Monitor 27"" 4K",1911,4,158
ORD-003385,2025-06-16,Second Class,Home Office,North America,Office Supplies,Smartphone Ultra,2077,5,380
ORD-003386,2025-06-19,First Class,Corporate,South America,Gadgets,Privacy Screen Protector,2545,1,430
ORD-003387,2024-06-04,Standard Class,Consumer,Europe,Gadgets,"Monitor 27"" 4K",1267,7,473
ORD-003388,2025-02-11,Same Day,Home Office,Africa,Electronics,Ergonomic Desk Chair,920,1,331
ORD-003389,2024-11-09,Second Class,Government,Africa,Accessories,Ergonomic Desk Chair,436,8,91
ORD-003390,2025-08-20,Standard Class,Corporate,Middle East,Accessories,Fitness Tracker Band,844,3,307
ORD-003391,2025-03-11,Second Class,Education,Europe,Accessories,Smart Watch Series 5,2233,5,909
ORD-003392,2025-11-28,Standard Class,Education,Middle East,Accessories,Ergonomic Desk Chair,783,1,332
ORD-003393,2024-02-29,Second Class,Small Business,South America,Furniture,USB-C Hub 7-in-1,443,6,96
ORD-003394,2025-04-21,Second Class,Consumer,North America,Office Supplies,Mechanical Keyboard,1409,5,524
ORD-003395,2025-09-18,Standard Class,Small Business,North America,Accessories,Wireless Charger Pad,1851,8,321
ORD-003396,2024-04-14,Same Day,Home Office,Asia Pacific,Furniture,Bluetooth Speaker,1731,6,320
ORD-003397,2024-05-23,First Class,Government,South America,Electronics,4K Webcam,1267,1,203
ORD-003398,2024-05-15,Same Day,Education,Africa,Accessories,Smart Home Hub,1401,3,214
ORD-003399,2025-07-25,Same Day,Small Business,Africa,Gadgets,"Tablet Air 11""",625,8,168
ORD-003400,2024-08-20,Express,Government,South America,Gadgets,Fitness Tracker Band,292,7,78
ORD-003401,2024-04-02,Express,Home Office,South America,Gadgets,Smart Home Hub,1862,6,318
ORD-003402,2024-12-21,Express,Consumer,South America,Furniture,Bluetooth Speaker,590,3,157
ORD-003403,2024-07-04,Second Class,Corporate,Africa,Accessories,Smartphone Ultra,575,4,157
ORD-003404,2025-07-24,Same Day,Education,South America,Furniture,Wireless Charger Pad,1349,7,460
ORD-003405,2025-08-14,Second Class,Education,Middle East,Electronics,External SSD 1TB,2527,8,727
ORD-003406,2025-06-08,Second Class,Home Office,North America,Accessories,Laptop Cooling Stand,629,4,230
ORD-003407,2024-06-01,Second Class,Education,North America,Furniture,Wireless Charger Pad,1322,7,286
ORD-003408,2024-02-23,Same Day,Consumer,Asia Pacific,Accessories,Smart Home Hub,1995,7,739
ORD-003409,2025-10-22,Standard Class,Government,South America,Office Supplies,USB-C Hub 7-in-1,469,6,183
ORD-003410,2024-02-22,Same Day,Corporate,Europe,Office Supplies,Wireless Noise Cancelling Headphones,74,6,23
ORD-003411,2024-03-08,Second Class,Government,Europe,Gadgets,Wireless Charger Pad,961,5,154
ORD-003412,2024-12-28,Express,Home Office,South America,Accessories,External SSD 1TB,1163,2,379
ORD-003413,2025-07-08,Standard Class,Government,North America,Gadgets,Wireless Noise Cancelling Headphones,859,8,115
ORD-003414,2025-05-23,Same Day,Corporate,Europe,Office Supplies,"Tablet Air 11""",1472,4,608
ORD-003415,2025-09-01,Express,Home Office,Asia Pacific,Office Supplies,Smartphone Ultra,1879,8,462
ORD-003416,2024-05-29,Second Class,Home Office,Asia Pacific,Electronics,Standing Desk Frame,858,1,233
ORD-003417,2024-12-31,Same Day,Education,Middle East,Furniture,Gaming Mouse RGB,1002,6,391
ORD-003418,2025-12-07,First Class,Education,Middle East,Gadgets,USB-C Hub 7-in-1,867,1,289
ORD-003419,2024-03-02,Express,Government,Middle East,Furniture,Smart Home Hub,75,2,19
ORD-003420,2025-09-28,Express,Corporate,Europe,Gadgets,Fitness Tracker Band,117,5,22
ORD-003421,2025-08-26,Standard Class,Corporate,South America,Accessories,Smart Home Hub,281,5,82
ORD-003422,2024-01-03,Same Day,Small Business,Europe,Gadgets,External SSD 1TB,1329,4,198
ORD-003423,2024-08-12,First Class,Government,Europe,Gadgets,Wireless Noise Cancelling Headphones,668,4,86
ORD-003424,2025-06-24,Express,Education,South America,Accessories,Gaming Mouse RGB,1871,2,717
ORD-003425,2025-02-01,Same Day,Government,Europe,Gadgets,Fitness Tracker Band,2103,1,324
ORD-003426,2024-03-09,Express,Small Business,South America,Electronics,Ergonomic Desk Chair,2015,7,754
ORD-003427,2025-02-18,Second Class,Government,North America,Accessories,Fitness Tracker Band,1525,2,487
ORD-003428,2025-02-02,Express,Consumer,Africa,Accessories,Laptop Cooling Stand,2081,1,424
ORD-003429,2024-09-11,Express,Small Business,Africa,Gadgets,"Monitor 27"" 4K",153,4,49
ORD-003430,2024-09-28,Same Day,Education,Africa,Electronics,"Laptop Pro 14""",1035,3,197
ORD-003431,2025-11-08,Same Day,Education,Middle East,Accessories,Bluetooth Speaker,1921,3,552
ORD-003432,2024-05-26,First Class,Home Office,Middle East,Accessories,"Tablet Air 11""",864,6,345
ORD-003433,2024-01-14,Second Class,Consumer,South America,Office Supplies,Smart Watch Series 5,320,2,26
ORD-003434,2024-08-13,First Class,Consumer,South America,Gadgets,Laptop Cooling Stand,1542,7,179
ORD-003435,2025-12-21,Second Class,Consumer,Middle East,Gadgets,Smartphone Ultra,2084,1,690
ORD-003436,2025-10-12,Same Day,Education,Middle East,Office Supplies,Wireless Charger Pad,113,2,17
ORD-003437,2025-04-08,Second Class,Home Office,Africa,Electronics,"Monitor 27"" 4K",1370,5,484
ORD-003438,2025-09-07,Same Day,Consumer,Africa,Office Supplies,"Tablet Air 11""",511,5,148
ORD-003439,2024-09-04,Same Day,Government,South America,Accessories,Wireless Noise Cancelling Headphones,1553,4,321
ORD-003440,2024-02-28,Second Class,Government,Africa,Accessories,Mechanical Keyboard,1662,1,244
ORD-003441,2025-10-13,Second Class,Corporate,Africa,Accessories,4K Webcam,2310,1,889
ORD-003442,2024-12-04,Second Class,Consumer,Middle East,Gadgets,USB-C Hub 7-in-1,1010,2,319
ORD-003443,2025-01-25,First Class,Consumer,Europe,Accessories,External SSD 1TB,1116,1,459
ORD-003444,2024-06-26,Second Class,Government,South America,Office Supplies,4K Webcam,1240,1,164
ORD-003445,2025-11-20,Standard Class,Home Office,South America,Furniture,"Tablet Air 11""",416,3,161
ORD-003446,2025-11-17,Standard Class,Corporate,Middle East,Accessories,Ergonomic Desk Chair,500,5,174
ORD-003447,2025-05-27,Second Class,Education,Middle East,Office Supplies,Wireless Noise Cancelling Headphones,2324,8,360
ORD-003448,2025-01-04,Same Day,Home Office,Africa,Furniture,Fitness Tracker Band,2310,2,213
ORD-003449,2025-12-08,Standard Class,Small Business,Asia Pacific,Accessories,Fitness Tracker Band,1216,1,354
ORD-003450,2024-05-20,First Class,Small Business,South America,Electronics,Wireless Noise Cancelling Headphones,329,2,71
ORD-003451,2024-12-11,Second Class,Consumer,Middle East,Office Supplies,Gaming Mouse RGB,2420,5,210
ORD-003452,2024-04-28,Same Day,Small Business,South America,Furniture,Fitness Tracker Band,2318,7,746
ORD-003453,2024-05-29,Second Class,Education,Middle East,Furniture,Smart Home Hub,1175,5,247
ORD-003454,2025-08-07,First Class,Consumer,South America,Furniture,"Laptop Pro 14""",2500,4,278
ORD-003455,2025-09-09,Second Class,Education,Asia Pacific,Electronics,"Tablet Air 11""",1921,3,663
ORD-003456,2025-01-27,Standard Class,Small Business,Africa,Furniture,"Tablet Air 11""",2189,8,474
ORD-003457,2025-05-02,Standard Class,Home Office,North America,Gadgets,Standing Desk Frame,641,7,120
ORD-003458,2025-02-18,Standard Class,Education,Europe,Accessories,Smartphone Ultra,587,5,154
ORD-003459,2024-10-12,Same Day,Consumer,Middle East,Accessories,USB-C Hub 7-in-1,59,3,15
ORD-003460,2024-04-15,Express,Small Business,Asia Pacific,Electronics,Smartphone Ultra,1909,5,210
ORD-003461,2025-04-04,Standard Class,Small Business,North America,Gadgets,Smart Home Hub,121,5,32
ORD-003462,2024-06-09,Second Class,Consumer,Africa,Office Supplies,USB-C Hub 7-in-1,1713,7,466
ORD-003463,2025-08-10,First Class,Corporate,Asia Pacific,Office Supplies,External SSD 1TB,606,6,96
ORD-003464,2024-01-22,Standard Class,Corporate,Asia Pacific,Electronics,Privacy Screen Protector,1349,3,497
ORD-003465,2025-08-17,Standard Class,Consumer,South America,Gadgets,Laptop Cooling Stand,885,3,288
ORD-003466,2025-06-11,First Class,Government,South America,Accessories,Bluetooth Speaker,2173,7,256
ORD-003467,2025-12-11,Express,Government,Europe,Gadgets,Bluetooth Speaker,1483,5,394
ORD-003468,2024-05-29,First Class,Consumer,South America,Electronics,Laptop Cooling Stand,767,8,251
ORD-003469,2024-06-08,First Class,Small Business,Africa,Electronics,Smart Watch Series 5,2045,4,742
ORD-003470,2025-10-27,Second Class,Small Business,Europe,Accessories,Wireless Charger Pad,2517,6,889
ORD-003471,2025-11-11,First Class,Education,Europe,Electronics,"Laptop Pro 14""",747,6,276
ORD-003472,2024-02-06,Express,Government,North America,Accessories,Laptop Cooling Stand,1893,2,738
ORD-003473,2025-01-15,First Class,Home Office,North America,Accessories,Wireless Charger Pad,1292,5,456
ORD-003474,2025-01-17,Express,Home Office,Europe,Office Supplies,Gaming Mouse RGB,136,2,53
ORD-003475,2025-04-06,Express,Consumer,Middle East,Electronics,Standing Desk Frame,2461,1,316
ORD-003476,2024-06-13,First Class,Consumer,Middle East,Gadgets,USB-C Hub 7-in-1,2426,6,789
ORD-003477,2025-09-16,Same Day,Government,North America,Electronics,Smartphone Ultra,1338,8,149
ORD-003478,2024-12-20,Express,Small Business,Africa,Electronics,Standing Desk Frame,458,8,71
ORD-003479,2024-09-14,Same Day,Consumer,Middle East,Gadgets,Standing Desk Frame,2480,6,566
ORD-003480,2024-11-11,First Class,Corporate,North America,Furniture,Gaming Mouse RGB,903,4,358
ORD-003481,2024-06-20,First Class,Government,North America,Accessories,"Laptop Pro 14""",1927,1,419
ORD-003482,2025-08-11,Same Day,Education,Africa,Office Supplies,"Tablet Air 11""",2022,3,575
ORD-003483,2025-05-25,Second Class,Education,Middle East,Furniture,"Tablet Air 11""",509,2,159
ORD-003484,2025-06-09,Second Class,Consumer,North America,Accessories,Phone Case MagSafe,907,4,82
ORD-003485,2025-07-08,Express,Consumer,Europe,Electronics,Smartphone Ultra,1661,3,423
ORD-003486,2025-01-16,Express,Consumer,Europe,Electronics,Fitness Tracker Band,1368,4,264
ORD-003487,2025-12-05,First Class,Government,Asia Pacific,Electronics,Gaming Mouse RGB,608,6,92
ORD-003488,2025-10-10,Second Class,Education,Asia Pacific,Office Supplies,Laptop Cooling Stand,361,8,40
ORD-003489,2024-10-21,Second Class,Consumer,Africa,Office Supplies,Bluetooth Speaker,570,2,161
ORD-003490,2024-05-18,Express,Consumer,Middle East,Electronics,Wireless Charger Pad,1421,2,387
ORD-003491,2024-06-15,Express,Education,Middle East,Gadgets,Ergonomic Desk Chair,387,2,82
ORD-003492,2024-07-16,Same Day,Consumer,Europe,Furniture,Mechanical Keyboard,1890,6,519
ORD-003493,2024-12-28,Second Class,Small Business,Middle East,Accessories,Standing Desk Frame,2495,2,501
ORD-003494,2024-04-13,Standard Class,Small Business,Africa,Electronics,Phone Case MagSafe,1539,5,345
ORD-003495,2024-08-16,Express,Home Office,Africa,Electronics,Standing Desk Frame,646,1,103
ORD-003496,2025-06-19,Express,Education,Europe,Gadgets,Fitness Tracker Band,54,7,5
ORD-003497,2024-08-02,Standard Class,Consumer,South America,Accessories,Laptop Cooling Stand,684,8,251
ORD-003498,2025-05-09,Standard Class,Education,Europe,Accessories,"Laptop Pro 14""",2398,5,701
ORD-003499,2024-04-17,Express,Corporate,Middle East,Furniture,Phone Case MagSafe,581,1,175
ORD-003500,2024-06-09,Express,Corporate,Middle East,Gadgets,Fitness Tracker Band,2489,3,979
ORD-003501,2025-03-23,Express,Home Office,Africa,Electronics,External SSD 1TB,1328,8,436
ORD-003502,2024-03-22,Same Day,Consumer,Europe,Office Supplies,4K Webcam,1529,6,598
ORD-003503,2024-08-04,Same Day,Home Office,North America,Electronics,Wireless Charger Pad,437,4,73
ORD-003504,2024-02-12,Express,Government,South America,Accessories,External SSD 1TB,993,1,263
ORD-003505,2025-05-07,Standard Class,Corporate,Africa,Electronics,External SSD 1TB,894,7,262
ORD-003506,2024-11-27,Second Class,Corporate,North America,Electronics,Bluetooth Speaker,469,3,167
ORD-003507,2024-07-06,Standard Class,Home Office,North America,Gadgets,Standing Desk Frame,835,1,299
ORD-003508,2024-12-09,Second Class,Consumer,Africa,Accessories,USB-C Hub 7-in-1,1022,8,105
ORD-003509,2024-04-17,Standard Class,Home Office,Middle East,Furniture,"Monitor 27"" 4K",2216,2,715
ORD-003510,2025-09-01,Standard Class,Home Office,Middle East,Furniture,"Laptop Pro 14""",1205,2,109
ORD-003511,2025-04-24,First Class,Corporate,North America,Office Supplies,4K Webcam,1410,2,339
ORD-003512,2025-12-30,Same Day,Consumer,South America,Electronics,Smart Watch Series 5,1652,7,414
ORD-003513,2024-12-08,Same Day,Home Office,Asia Pacific,Office Supplies,External SSD 1TB,2130,3,821
ORD-003514,2025-06-12,First Class,Corporate,South America,Electronics,"Laptop Pro 14""",251,8,73
ORD-003515,2025-03-11,Second Class,Consumer,Middle East,Gadgets,Bluetooth Speaker,366,7,85
ORD-003516,2024-05-03,First Class,Corporate,Asia Pacific,Furniture,USB-C Hub 7-in-1,542,1,184
ORD-003517,2025-04-13,First Class,Small Business,Europe,Gadgets,4K Webcam,474,2,77
ORD-003518,2024-06-01,Same Day,Home Office,Africa,Gadgets,"Monitor 27"" 4K",2381,4,205
ORD-003519,2025-10-29,Second Class,Small Business,Africa,Furniture,Wireless Charger Pad,678,2,161
ORD-003520,2025-02-28,Express,Government,Africa,Gadgets,Fitness Tracker Band,2200,2,320
ORD-003521,2025-01-19,Standard Class,Home Office,Europe,Office Supplies,"Tablet Air 11""",911,6,253
ORD-003522,2025-08-13,Second Class,Consumer,Europe,Office Supplies,Standing Desk Frame,1345,4,522
ORD-003523,2025-10-24,Standard Class,Small Business,Europe,Electronics,Phone Case MagSafe,927,8,300
ORD-003524,2025-02-28,Standard Class,Education,South America,Accessories,"Monitor 27"" 4K",2439,2,390
ORD-003525,2025-01-22,Same Day,Education,South America,Furniture,Wireless Noise Cancelling Headphones,1660,3,166
ORD-003526,2024-04-24,First Class,Government,North America,Office Supplies,External SSD 1TB,263,6,85
ORD-003527,2025-08-01,Same Day,Consumer,North America,Gadgets,Standing Desk Frame,454,5,150
ORD-003528,2025-03-05,Standard Class,Education,Africa,Office Supplies,Standing Desk Frame,177,5,16
ORD-003529,2025-06-26,Same Day,Corporate,North America,Furniture,Bluetooth Speaker,1598,2,510
ORD-003530,2024-05-25,Same Day,Consumer,Asia Pacific,Gadgets,Wireless Charger Pad,1386,6,436
ORD-003531,2024-07-26,First Class,Corporate,Africa,Accessories,Privacy Screen Protector,2185,3,492
ORD-003532,2024-06-01,First Class,Consumer,South America,Gadgets,Smart Watch Series 5,432,2,52
ORD-003533,2024-04-08,Standard Class,Corporate,Asia Pacific,Furniture,Wireless Charger Pad,1255,3,168
ORD-003534,2024-12-18,Standard Class,Consumer,South America,Office Supplies,Phone Case MagSafe,1265,7,175
ORD-003535,2025-04-02,Standard Class,Corporate,Africa,Gadgets,Gaming Mouse RGB,1886,5,516
ORD-003536,2025-03-02,Standard Class,Education,Europe,Accessories,Standing Desk Frame,642,7,253
ORD-003537,2025-03-19,First Class,Education,Europe,Accessories,"Monitor 27"" 4K",2248,3,865
ORD-003538,2025-01-17,Second Class,Corporate,Africa,Accessories,"Laptop Pro 14""",2088,6,277
ORD-003539,2025-05-16,First Class,Corporate,Middle East,Furniture,External SSD 1TB,2125,6,577
ORD-003540,2025-12-09,First Class,Government,South America,Furniture,Smart Watch Series 5,1099,7,140
ORD-003541,2025-10-12,Standard Class,Corporate,South America,Accessories,Mechanical Keyboard,1563,7,200
ORD-003542,2025-11-10,Standard Class,Government,Asia Pacific,Furniture,Wireless Charger Pad,1661,4,654
ORD-003543,2024-08-24,Second Class,Government,South America,Office Supplies,"Monitor 27"" 4K",1536,8,447
ORD-003544,2025-06-02,Second Class,Education,North America,Electronics,Smart Watch Series 5,912,4,336
ORD-003545,2024-03-23,Standard Class,Government,Europe,Furniture,Standing Desk Frame,1153,6,256
ORD-003546,2024-01-10,Express,Corporate,Asia Pacific,Furniture,Smart Home Hub,1222,3,172
ORD-003547,2024-10-25,Express,Small Business,Asia Pacific,Furniture,"Monitor 27"" 4K",1532,3,162
ORD-003548,2024-11-14,Standard Class,Home Office,North America,Accessories,Standing Desk Frame,578,5,170
ORD-003549,2024-08-12,Standard Class,Government,Europe,Accessories,Smart Home Hub,1502,5,556
ORD-003550,2025-10-16,Second Class,Consumer,Middle East,Furniture,External SSD 1TB,1276,4,326
ORD-003551,2024-09-09,Second Class,Consumer,Europe,Accessories,Bluetooth Speaker,1538,7,499
ORD-003552,2025-09-01,Second Class,Government,Europe,Office Supplies,Laptop Cooling Stand,1578,6,515
ORD-003553,2024-06-01,Same Day,Education,Middle East,Electronics,Smart Home Hub,1952,1,444
ORD-003554,2025-11-07,Express,Education,Middle East,Gadgets,4K Webcam,2190,6,351
ORD-003555,2025-01-10,Same Day,Small Business,Europe,Accessories,4K Webcam,1313,3,413
ORD-003556,2024-07-20,Express,Small Business,Africa,Electronics,"Laptop Pro 14""",417,6,159
ORD-003557,2025-09-17,Standard Class,Small Business,North America,Gadgets,"Tablet Air 11""",1847,6,231
ORD-003558,2024-05-02,Same Day,Education,North America,Furniture,Fitness Tracker Band,2134,5,580
ORD-003559,2025-10-26,Second Class,Consumer,South America,Electronics,Wireless Charger Pad,259,7,86
ORD-003560,2024-06-22,Second Class,Small Business,North America,Electronics,"Monitor 27"" 4K",653,8,221
ORD-003561,2024-12-17,Express,Home Office,Middle East,Electronics,Smart Home Hub,199,8,65
ORD-003562,2025-04-09,Express,Corporate,Asia Pacific,Office Supplies,Gaming Mouse RGB,971,8,393
ORD-003563,2024-01-27,Same Day,Consumer,South America,Electronics,Phone Case MagSafe,312,7,104
ORD-003564,2025-10-29,Second Class,Small Business,Asia Pacific,Furniture,Privacy Screen Protector,928,3,200
ORD-003565,2025-02-21,Same Day,Consumer,Africa,Accessories,Standing Desk Frame,689,2,74
ORD-003566,2025-03-29,Express,Education,South America,Furniture,Smart Home Hub,1866,5,779
ORD-003567,2025-09-16,Same Day,Small Business,Middle East,Electronics,Phone Case MagSafe,1352,1,462
ORD-003568,2024-12-02,Express,Government,South America,Furniture,Privacy Screen Protector,1322,8,211
ORD-003569,2025-06-12,Express,Consumer,Africa,Electronics,Mechanical Keyboard,1884,8,346
ORD-003570,2025-08-20,Standard Class,Government,Asia Pacific,Accessories,Fitness Tracker Band,1222,6,469
ORD-003571,2024-10-26,Standard Class,Consumer,Middle East,Office Supplies,Phone Case MagSafe,2399,3,406
ORD-003572,2024-12-31,Express,Corporate,Asia Pacific,Electronics,Wireless Noise Cancelling Headphones,498,1,131
ORD-003573,2024-10-27,Same Day,Home Office,Middle East,Accessories,Mechanical Keyboard,1341,8,141
ORD-003574,2024-02-29,First Class,Small Business,Africa,Furniture,Wireless Noise Cancelling Headphones,1442,8,155
ORD-003575,2025-09-23,Express,Home Office,Middle East,Office Supplies,"Laptop Pro 14""",2170,1,325
ORD-003576,2025-11-06,Same Day,Government,Asia Pacific,Accessories,Bluetooth Speaker,785,4,258
ORD-003577,2025-03-27,Express,Government,Asia Pacific,Gadgets,"Laptop Pro 14""",730,4,90
ORD-003578,2025-06-02,Express,Home Office,North America,Electronics,Wireless Noise Cancelling Headphones,204,6,30
ORD-003579,2024-02-10,Second Class,Government,Middle East,Accessories,Wireless Charger Pad,1601,4,576
ORD-003580,2025-08-14,First Class,Education,Asia Pacific,Gadgets,Gaming Mouse RGB,1891,7,594
ORD-003581,2025-07-31,First Class,Home Office,Europe,Gadgets,4K Webcam,958,1,307
ORD-003582,2024-10-14,Express,Education,Middle East,Office Supplies,Wireless Charger Pad,2100,1,803
ORD-003583,2025-10-02,Second Class,Government,South America,Office Supplies,Smart Home Hub,1652,3,688
ORD-003584,2024-02-17,Second Class,Government,Europe,Gadgets,Smart Watch Series 5,210,3,51
ORD-003585,2025-09-30,Express,Small Business,Middle East,Furniture,Wireless Noise Cancelling Headphones,1743,1,717
ORD-003586,2025-07-26,First Class,Corporate,Europe,Electronics,Standing Desk Frame,344,6,114
ORD-003587,2025-11-01,Standard Class,Corporate,South America,Electronics,USB-C Hub 7-in-1,896,4,242
ORD-003588,2025-04-19,Express,Government,South America,Office Supplies,USB-C Hub 7-in-1,1663,1,188
ORD-003589,2025-05-16,Standard Class,Education,Middle East,Electronics,"Monitor 27"" 4K",1828,2,494
ORD-003590,2025-08-28,Same Day,Corporate,Africa,Electronics,4K Webcam,548,8,150
ORD-003591,2025-08-29,Second Class,Corporate,Europe,Office Supplies,Standing Desk Frame,1684,6,563
ORD-003592,2024-07-22,Standard Class,Corporate,North America,Office Supplies,4K Webcam,841,5,207
ORD-003593,2024-04-14,Second Class,Home Office,South America,Electronics,Standing Desk Frame,504,1,56
ORD-003594,2024-02-18,First Class,Consumer,North America,Electronics,"Tablet Air 11""",1515,4,344
ORD-003595,2025-02-22,Express,Education,Africa,Electronics,Smart Home Hub,714,1,164
ORD-003596,2025-10-25,First Class,Home Office,Asia Pacific,Furniture,Standing Desk Frame,1536,5,336
ORD-003597,2024-11-09,First Class,Consumer,Europe,Furniture,Smartphone Ultra,868,8,179
ORD-003598,2025-01-21,Standard Class,Government,Middle East,Office Supplies,"Laptop Pro 14""",1837,7,418
ORD-003599,2024-12-27,Same Day,Corporate,Europe,Office Supplies,Smartphone Ultra,1799,1,722
ORD-003600,2025-02-23,Second Class,Government,Middle East,Office Supplies,Ergonomic Desk Chair,2174,6,647
ORD-003601,2024-05-10,Second Class,Education,South America,Gadgets,Wireless Noise Cancelling Headphones,402,7,161
ORD-003602,2025-09-20,First Class,Education,Middle East,Accessories,Smart Watch Series 5,1360,4,398
ORD-003603,2025-05-28,First Class,Small Business,Europe,Office Supplies,Fitness Tracker Band,186,5,57
ORD-003604,2024-11-16,Same Day,Home Office,North America,Office Supplies,External SSD 1TB,1582,6,225
ORD-003605,2025-02-12,Same Day,Government,Middle East,Office Supplies,Phone Case MagSafe,892,4,112
ORD-003606,2024-05-20,Second Class,Consumer,North America,Gadgets,Phone Case MagSafe,99,4,23
ORD-003607,2024-02-14,Same Day,Corporate,Middle East,Accessories,USB-C Hub 7-in-1,103,7,22
ORD-003608,2025-12-09,Standard Class,Home Office,South America,Office Supplies,Smart Watch Series 5,2149,6,861
ORD-003609,2025-11-18,First Class,Home Office,Asia Pacific,Office Supplies,Gaming Mouse RGB,173,7,37
ORD-003610,2025-08-01,Same Day,Education,Europe,Furniture,Bluetooth Speaker,2337,7,948
ORD-003611,2025-09-27,Second Class,Government,North America,Accessories,"Monitor 27"" 4K",1830,6,769
ORD-003612,2025-07-15,Express,Small Business,North America,Electronics,Bluetooth Speaker,278,4,114
ORD-003613,2024-11-24,Second Class,Small Business,Asia Pacific,Furniture,USB-C Hub 7-in-1,2447,2,903
ORD-003614,2024-05-10,Second Class,Government,North America,Furniture,Fitness Tracker Band,1224,4,243
ORD-003615,2025-06-12,Same Day,Consumer,Middle East,Gadgets,Ergonomic Desk Chair,571,1,164
ORD-003616,2024-11-24,Standard Class,Government,Middle East,Furniture,"Tablet Air 11""",1387,8,150
ORD-003617,2024-09-06,Standard Class,Consumer,South America,Furniture,Ergonomic Desk Chair,949,7,254
ORD-003618,2024-07-03,Express,Government,Africa,Accessories,"Laptop Pro 14""",1804,4,166
ORD-003619,2024-06-20,First Class,Corporate,Asia Pacific,Office Supplies,Fitness Tracker Band,569,1,227
ORD-003620,2025-01-09,Standard Class,Home Office,Middle East,Office Supplies,Smart Watch Series 5,1111,5,317
ORD-003621,2025-02-07,Second Class,Consumer,Asia Pacific,Office Supplies,Smart Watch Series 5,1532,5,286
ORD-003622,2025-04-22,Standard Class,Education,South America,Electronics,Mechanical Keyboard,1686,5,161
ORD-003623,2024-05-02,Express,Home Office,Middle East,Accessories,Standing Desk Frame,1241,8,456
ORD-003624,2025-11-11,Express,Government,Europe,Accessories,Ergonomic Desk Chair,1093,1,307
ORD-003625,2025-08-10,Same Day,Corporate,Africa,Accessories,Ergonomic Desk Chair,435,6,43
ORD-003626,2025-03-16,First Class,Home Office,North America,Accessories,Bluetooth Speaker,1833,5,558
ORD-003627,2024-08-18,Express,Government,Africa,Gadgets,Standing Desk Frame,1430,2,439
ORD-003628,2025-03-15,Express,Corporate,South America,Accessories,Laptop Cooling Stand,589,8,102
ORD-003629,2024-07-18,Same Day,Consumer,Middle East,Accessories,Phone Case MagSafe,190,3,15
ORD-003630,2024-05-09,First Class,Education,North America,Electronics,Wireless Noise Cancelling Headphones,1263,7,136
ORD-003631,2025-01-27,Second Class,Corporate,Africa,Office Supplies,External SSD 1TB,837,2,236
ORD-003632,2025-11-17,Same Day,Corporate,Europe,Electronics,Standing Desk Frame,1869,1,782
ORD-003633,2024-10-07,Standard Class,Education,South America,Office Supplies,Wireless Charger Pad,821,6,180
ORD-003634,2025-12-29,Standard Class,Education,Asia Pacific,Electronics,Wireless Noise Cancelling Headphones,1295,7,529
ORD-003635,2025-04-12,Express,Corporate,Middle East,Accessories,Gaming Mouse RGB,847,1,183
ORD-003636,2025-03-15,Same Day,Government,North America,Office Supplies,"Laptop Pro 14""",975,8,119
ORD-003637,2025-04-23,First Class,Education,Middle East,Electronics,External SSD 1TB,92,3,11
ORD-003638,2025-03-27,First Class,Home Office,Europe,Accessories,Laptop Cooling Stand,1062,1,103
ORD-003639,2024-10-22,Second Class,Home Office,Africa,Furniture,Privacy Screen Protector,1734,4,358
ORD-003640,2024-05-20,Express,Consumer,Europe,Accessories,Phone Case MagSafe,1506,3,357
ORD-003641,2024-11-15,Express,Government,Middle East,Electronics,"Tablet Air 11""",1082,3,461
ORD-003642,2024-03-19,Same Day,Education,Middle East,Gadgets,Standing Desk Frame,1621,8,416
ORD-003643,2025-06-20,Second Class,Education,Europe,Furniture,Gaming Mouse RGB,453,5,185
ORD-003644,2025-05-18,First Class,Home Office,Europe,Office Supplies,Standing Desk Frame,182,4,21
ORD-003645,2025-01-03,Standard Class,Consumer,Asia Pacific,Gadgets,Mechanical Keyboard,1093,6,205
ORD-003646,2024-01-29,Express,Corporate,Middle East,Accessories,External SSD 1TB,2020,3,577
ORD-003647,2024-03-12,Same Day,Consumer,Africa,Furniture,"Tablet Air 11""",850,5,249
ORD-003648,2024-07-09,First Class,Education,Africa,Office Supplies,"Tablet Air 11""",1658,6,576
ORD-003649,2025-12-15,Standard Class,Small Business,Asia Pacific,Office Supplies,External SSD 1TB,522,1,101
ORD-003650,2024-08-18,Same Day,Corporate,Asia Pacific,Electronics,Smart Home Hub,2162,6,644
ORD-003651,2024-01-06,Standard Class,Government,South America,Gadgets,Gaming Mouse RGB,2417,4,212
ORD-003652,2025-01-21,Same Day,Consumer,North America,Office Supplies,USB-C Hub 7-in-1,1552,7,568
ORD-003653,2024-06-23,Express,Corporate,South America,Accessories,USB-C Hub 7-in-1,2381,2,196
ORD-003654,2025-03-05,Same Day,Consumer,South America,Furniture,USB-C Hub 7-in-1,1289,2,235
ORD-003655,2024-01-05,First Class,Small Business,South America,Gadgets,4K Webcam,147,8,41
ORD-003656,2024-05-25,First Class,Government,Africa,Electronics,Bluetooth Speaker,1920,7,244
ORD-003657,2024-06-11,Standard Class,Home Office,Africa,Furniture,4K Webcam,1095,7,206
ORD-003658,2024-10-13,Second Class,Government,Asia Pacific,Office Supplies,Smart Watch Series 5,752,6,157
ORD-003659,2024-04-14,Second Class,Government,South America,Office Supplies,4K Webcam,944,8,136
ORD-003660,2025-01-26,Express,Education,South America,Electronics,Laptop Cooling Stand,351,4,76
ORD-003661,2025-03-07,Standard Class,Home Office,Africa,Gadgets,External SSD 1TB,1897,4,280
ORD-003662,2024-12-24,Standard Class,Government,South America,Office Supplies,Mechanical Keyboard,2404,3,655
ORD-003663,2025-12-05,Second Class,Home Office,Asia Pacific,Gadgets,Smart Home Hub,405,6,50
ORD-003664,2024-09-25,Second Class,Education,Africa,Gadgets,Standing Desk Frame,2143,6,656
ORD-003665,2025-05-27,First Class,Consumer,Africa,Furniture,Smart Home Hub,2476,8,710
ORD-003666,2024-04-22,Second Class,Home Office,Europe,Furniture,"Monitor 27"" 4K",746,3,184
ORD-003667,2025-08-05,Second Class,Home Office,Europe,Accessories,External SSD 1TB,807,5,66
ORD-003668,2024-04-29,First Class,Consumer,Asia Pacific,Accessories,Gaming Mouse RGB,866,5,128
ORD-003669,2025-05-03,Standard Class,Consumer,Africa,Furniture,"Tablet Air 11""",438,1,55
ORD-003670,2025-07-25,Standard Class,Consumer,North America,Gadgets,Laptop Cooling Stand,541,2,114
ORD-003671,2024-12-18,Express,Consumer,North America,Electronics,"Monitor 27"" 4K",1664,7,319
ORD-003672,2024-08-16,Standard Class,Consumer,Africa,Office Supplies,Laptop Cooling Stand,2289,8,481
ORD-003673,2025-11-02,Express,Government,Asia Pacific,Electronics,Bluetooth Speaker,589,3,237
ORD-003674,2024-01-15,Standard Class,Corporate,Middle East,Office Supplies,Mechanical Keyboard,2173,8,728
ORD-003675,2025-02-05,Express,Education,Europe,Gadgets,Fitness Tracker Band,1629,1,602
ORD-003676,2025-04-09,Express,Consumer,Middle East,Gadgets,4K Webcam,717,1,270
ORD-003677,2025-05-30,Express,Small Business,Middle East,Furniture,Standing Desk Frame,2310,2,924
ORD-003678,2024-02-01,First Class,Consumer,South America,Office Supplies,Phone Case MagSafe,1760,3,212
ORD-003679,2024-12-29,Same Day,Small Business,South America,Furniture,4K Webcam,237,1,77
ORD-003680,2024-06-21,Standard Class,Consumer,Europe,Electronics,Smart Home Hub,205,8,37
ORD-003681,2024-11-06,Express,Small Business,Europe,Office Supplies,Smart Watch Series 5,121,6,24
ORD-003682,2025-12-21,Express,Corporate,Europe,Furniture,USB-C Hub 7-in-1,211,5,51
ORD-003683,2024-03-25,Standard Class,Consumer,South America,Accessories,Standing Desk Frame,2046,1,411
ORD-003684,2025-07-08,Same Day,Corporate,Middle East,Gadgets,Laptop Cooling Stand,133,4,56
ORD-003685,2025-10-13,Second Class,Consumer,North America,Accessories,USB-C Hub 7-in-1,1581,1,376
ORD-003686,2024-12-08,Second Class,Corporate,Europe,Office Supplies,Privacy Screen Protector,2485,3,964
ORD-003687,2025-05-10,Same Day,Home Office,Middle East,Office Supplies,Standing Desk Frame,914,1,198
ORD-003688,2025-09-02,Same Day,Education,Europe,Furniture,"Laptop Pro 14""",1034,5,125
ORD-003689,2025-04-20,First Class,Government,Africa,Accessories,Fitness Tracker Band,1339,4,119
ORD-003690,2025-03-21,Second Class,Corporate,Middle East,Gadgets,"Monitor 27"" 4K",1708,4,600
ORD-003691,2025-02-06,Standard Class,Corporate,North America,Office Supplies,Wireless Noise Cancelling Headphones,145,3,42
ORD-003692,2025-11-13,First Class,Government,North America,Office Supplies,External SSD 1TB,618,8,146
ORD-003693,2024-05-15,Express,Government,South America,Furniture,"Monitor 27"" 4K",1694,1,393
ORD-003694,2024-05-11,First Class,Home Office,Europe,Accessories,Phone Case MagSafe,915,5,252
ORD-003695,2025-09-27,Standard Class,Education,North America,Furniture,External SSD 1TB,2136,4,667
ORD-003696,2024-09-01,Second Class,Home Office,Africa,Electronics,Smart Watch Series 5,467,8,159
ORD-003697,2025-05-21,First Class,Government,Africa,Electronics,Phone Case MagSafe,993,6,221
ORD-003698,2024-03-06,Second Class,Small Business,Middle East,Office Supplies,External SSD 1TB,1355,6,459
ORD-003699,2025-08-17,Second Class,Education,South America,Furniture,Mechanical Keyboard,1199,4,121
ORD-003700,2025-08-20,First Class,Home Office,North America,Electronics,Smart Watch Series 5,2364,1,345
ORD-003701,2024-06-09,Express,Consumer,Asia Pacific,Furniture,Bluetooth Speaker,1308,2,481
ORD-003702,2025-10-02,Second Class,Consumer,Europe,Electronics,Bluetooth Speaker,1656,5,250
ORD-003703,2024-03-07,Second Class,Education,Asia Pacific,Furniture,"Laptop Pro 14""",2322,7,393
ORD-003704,2025-07-24,Same Day,Corporate,North America,Furniture,Phone Case MagSafe,279,3,47
ORD-003705,2024-08-04,Same Day,Home Office,North America,Office Supplies,Fitness Tracker Band,2293,4,461
ORD-003706,2025-01-24,Standard Class,Corporate,Europe,Office Supplies,"Tablet Air 11""",2283,1,875
ORD-003707,2024-04-09,Second Class,Education,Africa,Furniture,Standing Desk Frame,1699,1,512
ORD-003708,2024-01-30,Second Class,Government,South America,Office Supplies,Smart Home Hub,239,8,77
ORD-003709,2025-08-09,First Class,Home Office,North America,Gadgets,Phone Case MagSafe,142,8,31
ORD-003710,2024-10-18,First Class,Small Business,North America,Accessories,Smart Home Hub,1451,6,362
ORD-003711,2024-12-26,First Class,Corporate,Europe,Furniture,Bluetooth Speaker,481,2,92
ORD-003712,2025-07-18,Same Day,Small Business,North America,Electronics,Smart Watch Series 5,122,8,42
ORD-003713,2025-10-04,Second Class,Consumer,Asia Pacific,Office Supplies,Smart Watch Series 5,2174,5,471
ORD-003714,2024-08-06,First Class,Small Business,Asia Pacific,Electronics,Smartphone Ultra,2527,3,429
ORD-003715,2024-11-08,First Class,Home Office,North America,Gadgets,Fitness Tracker Band,784,3,185
ORD-003716,2024-03-18,First Class,Education,Africa,Accessories,Phone Case MagSafe,2164,8,764
ORD-003717,2024-02-21,Standard Class,Corporate,Africa,Electronics,Bluetooth Speaker,2045,3,704
ORD-003718,2025-10-28,Second Class,Education,Middle East,Accessories,Fitness Tracker Band,1250,8,282
ORD-003719,2025-06-18,Second Class,Home Office,Middle East,Gadgets,"Monitor 27"" 4K",2056,6,664
ORD-003720,2025-09-15,First Class,Consumer,South America,Accessories,Privacy Screen Protector,275,8,29
ORD-003721,2024-09-15,Same Day,Education,South America,Office Supplies,Fitness Tracker Band,225,6,61
ORD-003722,2024-10-29,Standard Class,Home Office,North America,Accessories,External SSD 1TB,808,1,97
ORD-003723,2025-08-15,Same Day,Government,Europe,Accessories,Mechanical Keyboard,1379,6,383
ORD-003724,2025-10-16,First Class,Education,Asia Pacific,Accessories,Smartphone Ultra,716,2,219
ORD-003725,2025-03-18,Standard Class,Government,South America,Furniture,Smart Watch Series 5,1349,5,297
ORD-003726,2025-10-17,Same Day,Consumer,North America,Accessories,Ergonomic Desk Chair,600,3,125
ORD-003727,2025-09-06,Standard Class,Small Business,Asia Pacific,Electronics,Privacy Screen Protector,1256,4,510
ORD-003728,2024-08-10,Same Day,Home Office,Africa,Electronics,USB-C Hub 7-in-1,314,2,34
ORD-003729,2024-10-11,Standard Class,Home Office,Asia Pacific,Electronics,Mechanical Keyboard,712,2,155
ORD-003730,2025-10-09,Express,Consumer,Middle East,Furniture,External SSD 1TB,1533,1,359
ORD-003731,2024-03-23,Express,Small Business,Europe,Accessories,Smart Home Hub,2199,4,721
ORD-003732,2024-02-09,Second Class,Education,North America,Accessories,"Laptop Pro 14""",461,3,192
ORD-003733,2024-07-03,Same Day,Corporate,Asia Pacific,Electronics,Standing Desk Frame,760,6,326
ORD-003734,2024-06-30,First Class,Corporate,South America,Gadgets,"Tablet Air 11""",2375,4,949
ORD-003735,2024-02-19,Standard Class,Consumer,South America,Accessories,Wireless Noise Cancelling Headphones,84,2,11
ORD-003736,2025-07-26,Standard Class,Consumer,Europe,Office Supplies,Standing Desk Frame,789,6,212
ORD-003737,2024-04-13,Express,Home Office,Africa,Furniture,Gaming Mouse RGB,2502,3,508
ORD-003738,2025-08-06,Express,Corporate,Asia Pacific,Furniture,Smart Watch Series 5,2315,1,396
ORD-003739,2025-06-12,Second Class,Government,Asia Pacific,Office Supplies,External SSD 1TB,1785,6,255
ORD-003740,2025-08-14,First Class,Consumer,Africa,Furniture,Smart Home Hub,2108,8,285
ORD-003741,2024-06-13,Same Day,Small Business,South America,Office Supplies,Smart Watch Series 5,2451,4,359
ORD-003742,2025-02-13,Standard Class,Home Office,Asia Pacific,Electronics,USB-C Hub 7-in-1,1736,3,267
ORD-003743,2024-07-10,Second Class,Education,South America,Accessories,4K Webcam,1386,5,234
ORD-003744,2024-11-19,First Class,Government,Europe,Electronics,Mechanical Keyboard,744,7,75
ORD-003745,2025-09-17,First Class,Small Business,Europe,Gadgets,Smart Watch Series 5,1986,4,809
ORD-003746,2024-09-21,Express,Education,Asia Pacific,Office Supplies,USB-C Hub 7-in-1,1179,5,257
ORD-003747,2024-10-22,First Class,Home Office,Middle East,Office Supplies,Bluetooth Speaker,305,2,102
ORD-003748,2025-02-04,Express,Consumer,Middle East,Electronics,Gaming Mouse RGB,643,3,138
ORD-003749,2024-06-08,Express,Small Business,Asia Pacific,Gadgets,Smart Watch Series 5,2138,4,695
ORD-003750,2025-04-21,First Class,Education,Europe,Accessories,Standing Desk Frame,1156,3,235
ORD-003751,2024-04-25,First Class,Government,South America,Electronics,Fitness Tracker Band,1211,4,430
ORD-003752,2024-08-17,Second Class,Government,Asia Pacific,Office Supplies,4K Webcam,454,3,176
ORD-003753,2025-02-20,Express,Consumer,North America,Office Supplies,Mechanical Keyboard,236,4,49
ORD-003754,2025-01-03,First Class,Corporate,Middle East,Furniture,Ergonomic Desk Chair,454,3,186
ORD-003755,2025-11-16,Standard Class,Education,Africa,Office Supplies,Phone Case MagSafe,343,3,38
ORD-003756,2025-09-17,First Class,Corporate,Africa,Electronics,Fitness Tracker Band,438,2,126
ORD-003757,2024-09-29,Standard Class,Consumer,Europe,Furniture,"Laptop Pro 14""",324,4,90
ORD-003758,2024-01-27,Same Day,Corporate,Asia Pacific,Gadgets,Smartphone Ultra,769,8,227
ORD-003759,2024-07-09,Second Class,Consumer,North America,Gadgets,Wireless Charger Pad,1327,7,299
ORD-003760,2024-02-05,Express,Education,Asia Pacific,Gadgets,Mechanical Keyboard,2130,2,259
ORD-003761,2025-09-22,Same Day,Education,South America,Office Supplies,"Laptop Pro 14""",1877,2,757
ORD-003762,2025-08-18,First Class,Corporate,Africa,Accessories,Ergonomic Desk Chair,2109,7,401
ORD-003763,2025-11-04,First Class,Home Office,Europe,Gadgets,Ergonomic Desk Chair,927,8,123
ORD-003764,2025-12-20,Same Day,Education,Asia Pacific,Accessories,Gaming Mouse RGB,2138,1,502
ORD-003765,2024-08-10,First Class,Consumer,North America,Furniture,Bluetooth Speaker,1539,6,623
ORD-003766,2024-09-30,Second Class,Home Office,South America,Gadgets,4K Webcam,511,3,212
ORD-003767,2024-08-08,Express,Government,Africa,Accessories,Smart Home Hub,54,5,8
ORD-003768,2025-05-05,Second Class,Government,Asia Pacific,Furniture,Smart Watch Series 5,1879,5,726
ORD-003769,2025-09-11,Standard Class,Corporate,South America,Electronics,Laptop Cooling Stand,470,8,39
ORD-003770,2024-05-26,Standard Class,Corporate,Asia Pacific,Furniture,4K Webcam,724,1,288
ORD-003771,2025-04-08,Same Day,Small Business,Africa,Gadgets,Smartphone Ultra,1360,6,197
ORD-003772,2025-03-29,Standard Class,Education,South America,Accessories,Gaming Mouse RGB,1738,6,451
ORD-003773,2024-05-11,Second Class,Small Business,Middle East,Accessories,"Monitor 27"" 4K",846,1,361
ORD-003774,2024-05-31,Second Class,Education,South America,Accessories,Smartphone Ultra,1465,2,359
ORD-003775,2025-03-12,Express,Education,South America,Accessories,4K Webcam,1427,8,180
ORD-003776,2024-12-08,Same Day,Home Office,Africa,Accessories,Smart Home Hub,1723,4,195
ORD-003777,2024-01-30,First Class,Government,Europe,Accessories,Smart Home Hub,1917,4,450
ORD-003778,2025-08-26,Second Class,Home Office,Europe,Gadgets,Smart Watch Series 5,520,6,91
ORD-003779,2025-05-27,Standard Class,Small Business,North America,Office Supplies,"Laptop Pro 14""",538,2,68
ORD-003780,2025-10-28,Express,Government,Asia Pacific,Gadgets,Phone Case MagSafe,1654,3,579
ORD-003781,2024-12-13,Express,Corporate,Africa,Office Supplies,Phone Case MagSafe,646,8,87
ORD-003782,2024-08-07,Standard Class,Corporate,South America,Accessories,Gaming Mouse RGB,1472,5,204
ORD-003783,2024-08-10,Standard Class,Home Office,North America,Furniture,USB-C Hub 7-in-1,963,5,124
ORD-003784,2024-03-18,Express,Small Business,Asia Pacific,Electronics,Wireless Charger Pad,2297,8,310
ORD-003785,2025-10-30,Same Day,Government,South America,Furniture,USB-C Hub 7-in-1,129,4,21
ORD-003786,2025-07-13,First Class,Government,South America,Accessories,Smart Home Hub,2111,4,400
ORD-003787,2025-05-21,Second Class,Small Business,Middle East,Office Supplies,Standing Desk Frame,2062,1,714
ORD-003788,2025-01-28,Same Day,Government,Middle East,Accessories,"Monitor 27"" 4K",2257,5,194
ORD-003789,2025-06-02,Standard Class,Consumer,Middle East,Gadgets,Smart Watch Series 5,1007,3,398
ORD-003790,2025-01-22,Standard Class,Home Office,Europe,Gadgets,4K Webcam,1458,5,169
ORD-003791,2025-05-16,Same Day,Small Business,Middle East,Gadgets,Bluetooth Speaker,899,1,190
ORD-003792,2024-05-07,First Class,Home Office,Africa,Gadgets,Smartphone Ultra,753,2,109
ORD-003793,2024-12-25,Express,Small Business,Asia Pacific,Gadgets,Phone Case MagSafe,427,2,152
ORD-003794,2025-12-13,Express,Home Office,North America,Gadgets,4K Webcam,2138,8,679
ORD-003795,2025-05-19,Second Class,Consumer,Africa,Electronics,"Tablet Air 11""",2495,7,673
ORD-003796,2024-02-17,First Class,Government,Middle East,Gadgets,Mechanical Keyboard,1596,2,672
ORD-003797,2025-04-17,Same Day,Home Office,South America,Gadgets,"Tablet Air 11""",1076,5,298
ORD-003798,2024-07-18,Express,Corporate,Middle East,Office Supplies,"Laptop Pro 14""",801,3,274
ORD-003799,2025-11-05,Second Class,Home Office,Europe,Electronics,Wireless Charger Pad,2199,8,382
ORD-003800,2025-02-12,Express,Corporate,Africa,Furniture,Wireless Noise Cancelling Headphones,1064,3,253
ORD-003801,2024-10-07,Standard Class,Consumer,North America,Electronics,Smart Home Hub,1035,1,346
ORD-003802,2024-07-01,Same Day,Small Business,Asia Pacific,Electronics,Wireless Noise Cancelling Headphones,1643,1,447
ORD-003803,2025-07-22,Standard Class,Consumer,North America,Office Supplies,External SSD 1TB,613,8,88
ORD-003804,2025-07-06,Express,Government,Africa,Furniture,Smartphone Ultra,1157,3,108
ORD-003805,2024-06-05,Standard Class,Government,Europe,Accessories,USB-C Hub 7-in-1,684,4,76
ORD-003806,2025-03-18,Same Day,Small Business,Asia Pacific,Accessories,"Tablet Air 11""",969,8,202
ORD-003807,2025-05-07,Express,Small Business,Asia Pacific,Accessories,"Monitor 27"" 4K",1452,4,172
ORD-003808,2024-01-01,Express,Government,North America,Accessories,Smart Home Hub,529,1,156
ORD-003809,2025-09-15,Standard Class,Home Office,Africa,Furniture,Bluetooth Speaker,740,6,151
ORD-003810,2025-11-26,Standard Class,Education,Europe,Gadgets,Mechanical Keyboard,1602,4,271
ORD-003811,2024-05-08,Express,Home Office,Africa,Office Supplies,Smartphone Ultra,2058,2,302
ORD-003812,2025-02-11,Standard Class,Small Business,North America,Electronics,4K Webcam,2334,4,471
ORD-003813,2025-11-22,Express,Home Office,North America,Accessories,Mechanical Keyboard,2336,8,676
ORD-003814,2024-10-02,Second Class,Corporate,Asia Pacific,Electronics,Wireless Noise Cancelling Headphones,795,8,170
ORD-003815,2024-12-14,Same Day,Government,Africa,Gadgets,Phone Case MagSafe,1779,1,571
ORD-003816,2024-09-02,Same Day,Corporate,Europe,Gadgets,Fitness Tracker Band,1757,3,706
ORD-003817,2024-01-05,Same Day,Small Business,Africa,Electronics,Smart Watch Series 5,2518,2,542
ORD-003818,2024-01-14,First Class,Consumer,North America,Furniture,4K Webcam,1048,7,245
ORD-003819,2025-07-26,Express,Consumer,South America,Gadgets,Smart Watch Series 5,284,6,36
ORD-003820,2024-05-20,First Class,Government,South America,Electronics,Privacy Screen Protector,2448,3,395
ORD-003821,2024-07-15,Second Class,Education,Europe,Electronics,Smartphone Ultra,133,2,11
ORD-003822,2024-01-12,Standard Class,Corporate,Africa,Furniture,"Monitor 27"" 4K",1377,6,216
ORD-003823,2025-09-05,Second Class,Government,Europe,Electronics,Standing Desk Frame,67,2,20
ORD-003824,2025-03-12,Express,Government,South America,Accessories,"Tablet Air 11""",1945,8,278
ORD-003825,2024-10-06,Standard Class,Home Office,Asia Pacific,Office Supplies,Smart Home Hub,2422,7,799
ORD-003826,2024-12-31,First Class,Education,South America,Furniture,Phone Case MagSafe,1554,5,309
ORD-003827,2025-08-30,Second Class,Education,South America,Electronics,Wireless Charger Pad,904,1,262
ORD-003828,2024-08-09,Express,Small Business,Asia Pacific,Office Supplies,4K Webcam,899,4,316
ORD-003829,2024-05-01,First Class,Consumer,Asia Pacific,Electronics,Ergonomic Desk Chair,481,3,100
ORD-003830,2024-06-02,Express,Education,Europe,Office Supplies,Privacy Screen Protector,741,8,307
ORD-003831,2024-08-31,Standard Class,Corporate,Africa,Gadgets,External SSD 1TB,807,2,311
ORD-003832,2025-08-07,Same Day,Small Business,Europe,Accessories,USB-C Hub 7-in-1,930,8,214
ORD-003833,2024-07-04,First Class,Home Office,Middle East,Furniture,Wireless Noise Cancelling Headphones,2448,2,378
ORD-003834,2024-04-11,First Class,Small Business,North America,Office Supplies,Bluetooth Speaker,222,3,78
ORD-003835,2024-02-11,Express,Home Office,Europe,Gadgets,Laptop Cooling Stand,2296,2,727
ORD-003836,2024-01-28,Same Day,Consumer,Middle East,Gadgets,Phone Case MagSafe,2233,5,881
ORD-003837,2024-06-11,Second Class,Government,Middle East,Accessories,Gaming Mouse RGB,2152,7,190
ORD-003838,2025-08-11,Standard Class,Small Business,Europe,Office Supplies,Fitness Tracker Band,1579,7,357
ORD-003839,2024-02-02,Same Day,Consumer,Africa,Gadgets,Mechanical Keyboard,1707,1,314
ORD-003840,2025-12-09,Same Day,Home Office,Europe,Gadgets,Phone Case MagSafe,458,3,117
ORD-003841,2025-08-23,First Class,Government,North America,Office Supplies,Ergonomic Desk Chair,261,7,56
ORD-003842,2024-08-06,First Class,Home Office,North America,Accessories,External SSD 1TB,289,2,87
ORD-003843,2025-04-10,First Class,Consumer,North America,Furniture,Ergonomic Desk Chair,88,4,34
ORD-003844,2025-04-16,Second Class,Corporate,Middle East,Gadgets,4K Webcam,839,8,251
ORD-003845,2025-12-10,Express,Small Business,Middle East,Accessories,Privacy Screen Protector,2328,7,809
ORD-003846,2025-12-25,Second Class,Government,North America,Gadgets,Smart Watch Series 5,642,2,147
ORD-003847,2025-11-15,Second Class,Small Business,Middle East,Office Supplies,Wireless Charger Pad,2218,8,883
ORD-003848,2025-12-26,Second Class,Government,South America,Electronics,Bluetooth Speaker,1943,7,383
ORD-003849,2025-01-16,First Class,Home Office,Africa,Electronics,Gaming Mouse RGB,916,4,186
ORD-003850,2025-04-09,Same Day,Home Office,Middle East,Accessories,External SSD 1TB,2265,8,618
ORD-003851,2025-10-07,First Class,Small Business,Middle East,Accessories,Ergonomic Desk Chair,527,2,90
ORD-003852,2024-04-20,First Class,Corporate,Middle East,Furniture,Bluetooth Speaker,606,2,111
ORD-003853,2024-09-28,Second Class,Government,South America,Gadgets,Fitness Tracker Band,614,1,93
ORD-003854,2024-04-17,Second Class,Home Office,South America,Accessories,Smartphone Ultra,2009,6,397
ORD-003855,2024-04-29,Same Day,Government,North America,Furniture,Fitness Tracker Band,2079,4,510
ORD-003856,2024-11-20,First Class,Government,Asia Pacific,Furniture,Mechanical Keyboard,1999,6,184
ORD-003857,2024-08-06,First Class,Home Office,Asia Pacific,Office Supplies,Smartphone Ultra,1251,7,233
ORD-003858,2024-09-03,Second Class,Home Office,Europe,Accessories,Privacy Screen Protector,1784,6,377
ORD-003859,2025-07-26,Same Day,Government,South America,Furniture,Smartphone Ultra,1649,8,450
ORD-003860,2025-02-04,Same Day,Corporate,Africa,Office Supplies,Fitness Tracker Band,1492,3,397
ORD-003861,2024-08-17,Second Class,Corporate,Africa,Furniture,4K Webcam,2264,8,412
ORD-003862,2024-10-17,Same Day,Corporate,South America,Electronics,"Tablet Air 11""",333,2,32
ORD-003863,2024-04-26,Second Class,Home Office,Europe,Gadgets,Laptop Cooling Stand,999,5,168
ORD-003864,2024-10-03,Same Day,Consumer,Europe,Accessories,Fitness Tracker Band,1021,8,372
ORD-003865,2024-03-26,Express,Government,North America,Office Supplies,Wireless Charger Pad,1045,4,200
ORD-003866,2025-01-28,First Class,Corporate,Middle East,Accessories,Privacy Screen Protector,159,4,57
ORD-003867,2024-06-04,First Class,Small Business,Asia Pacific,Office Supplies,Ergonomic Desk Chair,2163,6,489
ORD-003868,2025-08-15,Express,Education,North America,Furniture,Smart Home Hub,1546,5,564
ORD-003869,2025-12-14,First Class,Home Office,Africa,Accessories,Standing Desk Frame,1796,5,207
ORD-003870,2025-10-03,Standard Class,Consumer,South America,Accessories,Mechanical Keyboard,1674,4,169
ORD-003871,2025-03-09,First Class,Consumer,North America,Furniture,Gaming Mouse RGB,887,8,246
ORD-003872,2024-08-14,First Class,Government,Europe,Accessories,Phone Case MagSafe,1956,8,162
ORD-003873,2025-11-04,Second Class,Government,Asia Pacific,Office Supplies,External SSD 1TB,1178,2,203
ORD-003874,2024-10-01,Second Class,Small Business,Middle East,Office Supplies,Smartphone Ultra,1025,1,298
ORD-003875,2025-12-28,Standard Class,Government,Europe,Office Supplies,Ergonomic Desk Chair,1077,5,182
ORD-003876,2025-11-02,First Class,Government,Europe,Accessories,Mechanical Keyboard,748,8,170
ORD-003877,2025-06-24,Same Day,Small Business,Africa,Office Supplies,Bluetooth Speaker,2281,3,460
ORD-003878,2024-05-11,Express,Home Office,Middle East,Accessories,Phone Case MagSafe,1015,2,395
ORD-003879,2025-06-09,First Class,Consumer,Middle East,Gadgets,Privacy Screen Protector,2310,4,639
ORD-003880,2025-12-03,Second Class,Small Business,Asia Pacific,Accessories,USB-C Hub 7-in-1,1338,3,433
ORD-003881,2025-01-30,Standard Class,Small Business,Middle East,Office Supplies,Fitness Tracker Band,2284,2,885
ORD-003882,2025-04-08,First Class,Education,Africa,Office Supplies,Privacy Screen Protector,660,8,70
ORD-003883,2025-06-01,Same Day,Home Office,South America,Furniture,USB-C Hub 7-in-1,138,1,29
ORD-003884,2025-05-20,Express,Education,Middle East,Electronics,Wireless Charger Pad,1140,7,326
ORD-003885,2024-04-25,Standard Class,Consumer,Asia Pacific,Accessories,Smart Watch Series 5,220,7,41
ORD-003886,2025-11-24,Express,Home Office,South America,Office Supplies,Phone Case MagSafe,1462,6,257
ORD-003887,2024-10-16,Express,Small Business,Europe,Accessories,USB-C Hub 7-in-1,1519,4,595
ORD-003888,2025-10-21,Second Class,Education,South America,Furniture,"Tablet Air 11""",2536,8,839
ORD-003889,2025-07-27,First Class,Small Business,Asia Pacific,Accessories,Wireless Charger Pad,1289,6,312
ORD-003890,2024-03-19,Standard Class,Corporate,North America,Gadgets,Wireless Noise Cancelling Headphones,1638,3,602
ORD-003891,2025-08-07,First Class,Corporate,North America,Gadgets,Privacy Screen Protector,712,3,156
ORD-003892,2025-01-07,First Class,Small Business,North America,Furniture,Smart Home Hub,1846,2,637
ORD-003893,2025-10-27,Express,Corporate,Africa,Gadgets,Gaming Mouse RGB,104,4,14
ORD-003894,2025-06-10,Same Day,Corporate,South America,Office Supplies,Smartphone Ultra,1721,5,723
ORD-003895,2024-01-16,First Class,Education,Middle East,Electronics,"Tablet Air 11""",124,5,40
ORD-003896,2024-01-26,Second Class,Corporate,North America,Office Supplies,Wireless Noise Cancelling Headphones,305,8,103
ORD-003897,2024-07-15,Same Day,Education,South America,Office Supplies,Laptop Cooling Stand,770,2,158
ORD-003898,2024-06-26,Same Day,Government,North America,Gadgets,Smart Watch Series 5,1028,7,383
ORD-003899,2024-12-09,Standard Class,Government,North America,Furniture,Phone Case MagSafe,939,8,258
ORD-003900,2025-09-22,Second Class,Consumer,Middle East,Gadgets,"Tablet Air 11""",1980,2,227
ORD-003901,2024-12-21,First Class,Consumer,North America,Electronics,"Laptop Pro 14""",596,3,254
ORD-003902,2024-03-20,First Class,Education,Europe,Office Supplies,"Tablet Air 11""",593,5,54
ORD-003903,2025-02-04,Same Day,Consumer,North America,Electronics,Smart Watch Series 5,616,3,218
ORD-003904,2025-12-02,First Class,Government,South America,Office Supplies,Gaming Mouse RGB,1612,8,615
ORD-003905,2024-10-28,First Class,Consumer,North America,Accessories,USB-C Hub 7-in-1,2177,7,782
ORD-003906,2024-01-28,Standard Class,Small Business,Europe,Office Supplies,Laptop Cooling Stand,727,6,196
ORD-003907,2024-07-16,Same Day,Education,Africa,Office Supplies,Standing Desk Frame,2119,2,372
ORD-003908,2025-05-08,Express,Education,Europe,Gadgets,Mechanical Keyboard,120,1,40
ORD-003909,2024-12-14,Standard Class,Corporate,Asia Pacific,Electronics,4K Webcam,1525,4,150
ORD-003910,2024-10-05,Standard Class,Consumer,Asia Pacific,Electronics,Fitness Tracker Band,2165,5,810
ORD-003911,2025-12-29,Express,Government,Africa,Electronics,Smart Home Hub,130,1,41
ORD-003912,2025-04-19,Same Day,Corporate,South America,Furniture,Bluetooth Speaker,1647,4,664
ORD-003913,2025-04-15,Express,Home Office,North America,Electronics,Bluetooth Speaker,2161,5,279
ORD-003914,2024-10-01,First Class,Government,Middle East,Office Supplies,Ergonomic Desk Chair,1736,4,159
ORD-003915,2024-02-05,First Class,Government,Asia Pacific,Furniture,Gaming Mouse RGB,1718,7,516
ORD-003916,2025-12-18,First Class,Home Office,Europe,Accessories,USB-C Hub 7-in-1,1841,8,207
ORD-003917,2025-04-15,Express,Small Business,Africa,Furniture,Phone Case MagSafe,1982,6,281
ORD-003918,2024-06-24,First Class,Government,Europe,Accessories,"Monitor 27"" 4K",960,7,257
ORD-003919,2024-10-18,Express,Corporate,South America,Office Supplies,"Tablet Air 11""",1180,6,471
ORD-003920,2024-05-19,Express,Government,South America,Accessories,USB-C Hub 7-in-1,1613,4,679
ORD-003921,2025-05-11,First Class,Consumer,North America,Gadgets,Bluetooth Speaker,789,5,301
ORD-003922,2025-04-20,First Class,Consumer,North America,Furniture,Wireless Charger Pad,1415,3,241
ORD-003923,2025-09-09,Second Class,Consumer,Africa,Furniture,Standing Desk Frame,2224,6,670
ORD-003924,2024-06-23,Express,Education,South America,Office Supplies,Standing Desk Frame,1747,5,490
ORD-003925,2024-06-12,Standard Class,Small Business,South America,Gadgets,4K Webcam,811,8,123
ORD-003926,2025-04-05,First Class,Consumer,Asia Pacific,Furniture,Privacy Screen Protector,1403,8,462
ORD-003927,2024-11-21,Standard Class,Small Business,Middle East,Electronics,USB-C Hub 7-in-1,804,4,316
ORD-003928,2024-11-18,Express,Small Business,Africa,Furniture,Bluetooth Speaker,2169,6,700
ORD-003929,2024-03-12,Express,Corporate,Asia Pacific,Furniture,"Tablet Air 11""",419,8,79
ORD-003930,2024-05-17,Express,Corporate,Asia Pacific,Accessories,Wireless Charger Pad,2518,8,807
ORD-003931,2024-07-16,First Class,Small Business,North America,Furniture,External SSD 1TB,2037,3,580
ORD-003932,2025-06-22,Second Class,Small Business,Middle East,Furniture,Smart Home Hub,510,2,175
ORD-003933,2024-12-13,First Class,Small Business,Africa,Office Supplies,"Tablet Air 11""",781,7,89
ORD-003934,2024-05-29,Second Class,Corporate,Africa,Electronics,External SSD 1TB,343,3,75
ORD-003935,2024-03-21,Same Day,Education,Africa,Office Supplies,Smart Home Hub,1083,3,180
ORD-003936,2025-08-11,Express,Small Business,Europe,Office Supplies,Smart Home Hub,1958,7,463
ORD-003937,2025-05-08,First Class,Government,Europe,Furniture,Privacy Screen Protector,1568,7,471
ORD-003938,2025-01-17,Second Class,Small Business,Asia Pacific,Electronics,Wireless Noise Cancelling Headphones,262,4,112
ORD-003939,2024-03-24,Same Day,Consumer,North America,Accessories,Ergonomic Desk Chair,2454,8,686
ORD-003940,2025-08-03,Second Class,Consumer,South America,Furniture,Smartphone Ultra,989,6,173
ORD-003941,2025-04-25,Express,Government,South America,Gadgets,Smartphone Ultra,768,1,148
ORD-003942,2024-07-18,Express,Government,Asia Pacific,Office Supplies,Standing Desk Frame,306,3,82
ORD-003943,2025-02-07,First Class,Government,Africa,Furniture,Mechanical Keyboard,590,1,59
ORD-003944,2024-05-18,First Class,Education,South America,Gadgets,USB-C Hub 7-in-1,159,8,22
ORD-003945,2025-08-31,Standard Class,Consumer,North America,Gadgets,"Laptop Pro 14""",2219,8,331
ORD-003946,2024-08-06,First Class,Consumer,Asia Pacific,Office Supplies,4K Webcam,2178,1,472
ORD-003947,2025-11-17,Second Class,Government,Asia Pacific,Office Supplies,Smartphone Ultra,1558,7,502
ORD-003948,2024-08-24,Same Day,Small Business,Africa,Accessories,Laptop Cooling Stand,1188,1,458
ORD-003949,2024-02-26,Standard Class,Education,North America,Accessories,"Monitor 27"" 4K",839,5,272
ORD-003950,2024-03-07,Same Day,Consumer,Africa,Gadgets,Laptop Cooling Stand,107,6,11
ORD-003951,2025-04-10,Express,Government,Africa,Furniture,Wireless Charger Pad,86,2,30
ORD-003952,2025-11-20,Second Class,Consumer,North America,Furniture,4K Webcam,1537,2,367
ORD-003953,2025-08-14,Standard Class,Education,South America,Electronics,Laptop Cooling Stand,2179,3,665
ORD-003954,2025-04-23,Same Day,Education,North America,Furniture,"Laptop Pro 14""",1579,7,447
ORD-003955,2025-07-23,Second Class,Corporate,North America,Furniture,Fitness Tracker Band,1469,4,232
ORD-003956,2024-05-29,Standard Class,Home Office,South America,Electronics,Privacy Screen Protector,1082,8,131
ORD-003957,2025-01-06,Standard Class,Corporate,Africa,Furniture,Gaming Mouse RGB,1932,4,818
ORD-003958,2024-07-18,Same Day,Education,North America,Gadgets,Mechanical Keyboard,1206,7,298
ORD-003959,2025-10-11,Same Day,Education,Africa,Accessories,Fitness Tracker Band,1967,5,758
ORD-003960,2024-05-09,Standard Class,Corporate,North America,Gadgets,External SSD 1TB,1443,3,348
ORD-003961,2025-07-19,Standard Class,Home Office,South America,Furniture,External SSD 1TB,650,8,276
ORD-003962,2025-07-10,First Class,Small Business,South America,Accessories,Smart Watch Series 5,944,2,144
ORD-003963,2025-03-24,Standard Class,Small Business,Africa,Office Supplies,Standing Desk Frame,2107,7,490
ORD-003964,2024-01-12,First Class,Corporate,South America,Gadgets,Privacy Screen Protector,2247,4,959
ORD-003965,2024-04-02,Same Day,Corporate,Middle East,Accessories,"Monitor 27"" 4K",278,3,100
ORD-003966,2024-08-24,Standard Class,Small Business,Middle East,Gadgets,Gaming Mouse RGB,1986,4,514
ORD-003967,2024-04-07,First Class,Small Business,Europe,Office Supplies,USB-C Hub 7-in-1,362,4,69
ORD-003968,2025-05-19,Express,Corporate,Africa,Accessories,Wireless Noise Cancelling Headphones,243,3,24
ORD-003969,2024-02-05,Second Class,Small Business,Asia Pacific,Office Supplies,Smartphone Ultra,1874,6,552
ORD-003970,2024-11-30,Same Day,Consumer,North America,Gadgets,Privacy Screen Protector,1831,6,561
ORD-003971,2025-08-29,Express,Small Business,South America,Office Supplies,Wireless Noise Cancelling Headphones,2185,2,842
ORD-003972,2025-05-24,Second Class,Government,Middle East,Electronics,USB-C Hub 7-in-1,2172,8,919
ORD-003973,2025-06-20,Same Day,Corporate,Middle East,Furniture,"Tablet Air 11""",972,6,148
ORD-003974,2024-03-19,First Class,Home Office,Asia Pacific,Electronics,Smart Watch Series 5,1746,3,477
ORD-003975,2025-04-30,Second Class,Corporate,North America,Office Supplies,"Monitor 27"" 4K",2127,1,276
ORD-003976,2025-08-18,Express,Corporate,Middle East,Furniture,4K Webcam,924,7,286
ORD-003977,2024-06-04,Express,Corporate,Middle East,Gadgets,Laptop Cooling Stand,890,2,317
ORD-003978,2024-10-19,Second Class,Education,Europe,Gadgets,"Monitor 27"" 4K",765,3,303
ORD-003979,2024-11-01,Express,Corporate,Africa,Furniture,Ergonomic Desk Chair,438,6,79
ORD-003980,2024-10-31,Standard Class,Education,North America,Furniture,"Laptop Pro 14""",2231,7,918
ORD-003981,2024-11-23,Same Day,Government,Middle East,Accessories,External SSD 1TB,1519,5,552
ORD-003982,2024-08-23,Express,Home Office,Europe,Electronics,Privacy Screen Protector,1529,5,240
ORD-003983,2024-09-12,Same Day,Consumer,Asia Pacific,Gadgets,Smart Home Hub,1943,1,722
ORD-003984,2024-11-09,Express,Home Office,Africa,Furniture,Ergonomic Desk Chair,1737,8,346
ORD-003985,2024-07-25,Express,Small Business,Asia Pacific,Gadgets,"Tablet Air 11""",555,6,181
ORD-003986,2024-06-09,Express,Consumer,North America,Accessories,USB-C Hub 7-in-1,477,2,158
ORD-003987,2024-04-14,Second Class,Corporate,South America,Electronics,Standing Desk Frame,890,2,232
ORD-003988,2024-07-02,Second Class,Education,Middle East,Electronics,Bluetooth Speaker,2271,7,844
ORD-003989,2025-06-30,Second Class,Government,Europe,Accessories,Gaming Mouse RGB,1462,3,491
ORD-003990,2025-10-13,Express,Home Office,Europe,Electronics,Fitness Tracker Band,1360,1,345
ORD-003991,2025-06-30,Same Day,Education,Africa,Electronics,Fitness Tracker Band,2523,4,315
ORD-003992,2025-06-10,Same Day,Home Office,Asia Pacific,Furniture,"Monitor 27"" 4K",351,8,106
ORD-003993,2025-10-29,First Class,Consumer,Europe,Electronics,Ergonomic Desk Chair,1738,6,489
ORD-003994,2025-04-19,Standard Class,Education,North America,Furniture,"Tablet Air 11""",2412,1,521
ORD-003995,2024-06-22,Express,Consumer,Middle East,Gadgets,Smart Home Hub,502,4,120
ORD-003996,2024-10-26,Second Class,Home Office,Europe,Furniture,Smartphone Ultra,2526,2,271
ORD-003997,2024-01-27,Same Day,Corporate,Asia Pacific,Electronics,Wireless Charger Pad,1567,4,184
ORD-003998,2025-11-06,Standard Class,Corporate,North America,Gadgets,4K Webcam,1337,8,366
ORD-003999,2025-11-26,Second Class,Home Office,North America,Accessories,Smartphone Ultra,1374,5,426
ORD-004000,2024-07-01,Same Day,Small Business,Asia Pacific,Gadgets,Fitness Tracker Band,1842,3,369
ORD-004001,2025-01-12,Express,Government,North America,Gadgets,Phone Case MagSafe,1579,1,274
ORD-004002,2024-12-21,Standard Class,Education,Asia Pacific,Gadgets,Phone Case MagSafe,614,4,73
ORD-004003,2025-04-15,Standard Class,Education,Europe,Furniture,Fitness Tracker Band,2526,7,936
ORD-004004,2024-09-25,Second Class,Corporate,Middle East,Electronics,"Laptop Pro 14""",626,2,162
ORD-004005,2025-01-15,Express,Small Business,South America,Office Supplies,External SSD 1TB,1456,7,237
ORD-004006,2024-01-11,Standard Class,Government,Middle East,Gadgets,"Laptop Pro 14""",2442,6,818
ORD-004007,2025-07-14,Express,Consumer,Africa,Electronics,Gaming Mouse RGB,1447,2,278
ORD-004008,2025-04-18,Standard Class,Education,Middle East,Accessories,Ergonomic Desk Chair,2408,5,659
ORD-004009,2024-04-26,Same Day,Consumer,South America,Furniture,Laptop Cooling Stand,1643,7,184
ORD-004010,2025-10-23,First Class,Corporate,South America,Accessories,Ergonomic Desk Chair,1093,7,415
ORD-004011,2025-06-24,Same Day,Small Business,North America,Gadgets,Standing Desk Frame,213,5,18
ORD-004012,2025-06-04,Standard Class,Education,Asia Pacific,Gadgets,Smart Watch Series 5,1753,2,405
ORD-004013,2024-09-28,Express,Education,South America,Gadgets,Smart Home Hub,1647,3,625
ORD-004014,2024-06-24,Standard Class,Education,South America,Office Supplies,Laptop Cooling Stand,2324,6,946
ORD-004015,2025-10-25,Same Day,Small Business,Middle East,Gadgets,Smart Watch Series 5,2266,7,804
ORD-004016,2025-03-12,Same Day,Home Office,Europe,Office Supplies,External SSD 1TB,890,2,277
ORD-004017,2025-11-06,Same Day,Government,Asia Pacific,Gadgets,Smart Watch Series 5,1584,8,498
ORD-004018,2024-07-21,Same Day,Education,South America,Office Supplies,Bluetooth Speaker,1802,4,257
ORD-004019,2025-08-15,Second Class,Government,South America,Electronics,Wireless Charger Pad,2520,6,220
ORD-004020,2025-10-05,Second Class,Small Business,Africa,Gadgets,Bluetooth Speaker,1296,2,509
ORD-004021,2025-07-17,First Class,Corporate,South America,Accessories,Smart Home Hub,1218,1,488
ORD-004022,2024-11-02,Second Class,Government,Africa,Office Supplies,Privacy Screen Protector,206,7,63
ORD-004023,2025-12-28,Second Class,Consumer,Africa,Electronics,Laptop Cooling Stand,1626,2,521
ORD-004024,2024-09-03,Express,Education,Asia Pacific,Accessories,Standing Desk Frame,2282,8,656
ORD-004025,2024-10-13,Express,Home Office,South America,Accessories,"Monitor 27"" 4K",355,6,88
ORD-004026,2024-03-31,Standard Class,Small Business,South America,Furniture,"Tablet Air 11""",1313,7,433
ORD-004027,2024-09-14,Second Class,Education,Europe,Office Supplies,Smart Home Hub,1269,3,491
ORD-004028,2025-06-27,Standard Class,Corporate,Middle East,Gadgets,"Monitor 27"" 4K",1559,2,139
ORD-004029,2024-10-01,Same Day,Education,South America,Accessories,"Laptop Pro 14""",2532,7,276
ORD-004030,2025-12-05,Express,Corporate,Africa,Furniture,Smart Watch Series 5,1759,7,650
ORD-004031,2024-03-07,First Class,Consumer,Asia Pacific,Gadgets,Standing Desk Frame,1824,1,737
ORD-004032,2024-02-13,Second Class,Small Business,Asia Pacific,Office Supplies,Ergonomic Desk Chair,918,8,226
ORD-004033,2024-11-11,Same Day,Consumer,Asia Pacific,Gadgets,Gaming Mouse RGB,488,5,102
ORD-004034,2025-01-29,Express,Education,Asia Pacific,Furniture,External SSD 1TB,2328,7,367
ORD-004035,2025-03-23,Second Class,Government,South America,Gadgets,Fitness Tracker Band,1078,3,286
ORD-004036,2025-02-15,Same Day,Consumer,South America,Electronics,Wireless Charger Pad,1177,7,264
ORD-004037,2024-02-12,Express,Consumer,Africa,Office Supplies,Smart Home Hub,2142,4,365
ORD-004038,2024-10-14,Same Day,Home Office,Europe,Furniture,Smart Home Hub,1275,3,448
ORD-004039,2024-07-05,First Class,Home Office,North America,Office Supplies,Wireless Noise Cancelling Headphones,1547,8,519
ORD-004040,2025-09-16,Same Day,Consumer,Africa,Furniture,Smart Home Hub,2063,3,606
ORD-004041,2025-01-16,First Class,Consumer,North America,Electronics,Wireless Charger Pad,1957,7,575
ORD-004042,2024-10-15,Second Class,Home Office,North America,Gadgets,Wireless Noise Cancelling Headphones,494,6,147
ORD-004043,2024-03-17,First Class,Government,Asia Pacific,Gadgets,Phone Case MagSafe,2334,7,604
ORD-004044,2024-04-30,Second Class,Corporate,Europe,Electronics,Privacy Screen Protector,890,1,338
ORD-004045,2024-12-30,Second Class,Corporate,Middle East,Furniture,Gaming Mouse RGB,1001,8,353
ORD-004046,2024-12-04,First Class,Education,Asia Pacific,Gadgets,"Laptop Pro 14""",2256,2,683
ORD-004047,2024-01-27,Express,Education,Africa,Gadgets,"Monitor 27"" 4K",1154,7,101
ORD-004048,2024-11-27,First Class,Home Office,Middle East,Furniture,"Laptop Pro 14""",790,6,210
ORD-004049,2025-09-15,First Class,Government,Middle East,Electronics,Fitness Tracker Band,2380,2,674
ORD-004050,2025-01-15,Second Class,Small Business,Asia Pacific,Accessories,"Monitor 27"" 4K",578,8,194
ORD-004051,2025-11-05,Second Class,Corporate,Europe,Electronics,USB-C Hub 7-in-1,2331,2,475
ORD-004052,2025-08-24,Standard Class,Small Business,Middle East,Office Supplies,"Monitor 27"" 4K",1597,4,334
ORD-004053,2024-01-20,Standard Class,Small Business,Middle East,Office Supplies,Wireless Noise Cancelling Headphones,976,5,348
ORD-004054,2025-04-14,Express,Consumer,Asia Pacific,Accessories,Privacy Screen Protector,1332,4,433
ORD-004055,2025-10-17,Standard Class,Home Office,South America,Gadgets,Wireless Noise Cancelling Headphones,1406,8,281
ORD-004056,2025-10-30,Express,Education,North America,Office Supplies,External SSD 1TB,616,6,162
ORD-004057,2024-01-30,Standard Class,Education,Middle East,Accessories,Privacy Screen Protector,2477,2,782
ORD-004058,2025-02-16,First Class,Consumer,North America,Electronics,Wireless Noise Cancelling Headphones,1378,2,430
ORD-004059,2025-03-24,Express,Home Office,Europe,Office Supplies,"Monitor 27"" 4K",2466,7,365
ORD-004060,2024-09-06,Express,Government,Africa,Office Supplies,Gaming Mouse RGB,654,5,139
ORD-004061,2025-07-22,Same Day,Education,South America,Gadgets,Wireless Charger Pad,1135,2,284
ORD-004062,2025-08-04,Express,Government,North America,Electronics,"Monitor 27"" 4K",407,5,90
ORD-004063,2024-08-04,Same Day,Education,Middle East,Accessories,4K Webcam,1150,8,473
ORD-004064,2025-07-11,Express,Corporate,Middle East,Gadgets,Mechanical Keyboard,1301,1,292
ORD-004065,2024-08-23,Same Day,Education,Middle East,Accessories,USB-C Hub 7-in-1,1698,3,701
ORD-004066,2025-12-24,Standard Class,Small Business,Africa,Furniture,Wireless Charger Pad,1922,6,446
ORD-004067,2024-02-11,Second Class,Home Office,Middle East,Furniture,Bluetooth Speaker,1610,8,619
ORD-004068,2024-08-20,Same Day,Education,South America,Accessories,"Tablet Air 11""",519,5,189
ORD-004069,2025-07-14,Second Class,Small Business,Middle East,Office Supplies,Standing Desk Frame,88,3,29
ORD-004070,2025-12-14,First Class,Consumer,Africa,Furniture,Privacy Screen Protector,2329,1,574
ORD-004071,2024-09-03,Standard Class,Consumer,Europe,Gadgets,Phone Case MagSafe,2338,7,932
ORD-004072,2025-11-22,Express,Small Business,Middle East,Accessories,"Monitor 27"" 4K",1545,5,245
ORD-004073,2024-04-11,Second Class,Home Office,Europe,Electronics,Phone Case MagSafe,1187,7,100
ORD-004074,2024-06-11,First Class,Home Office,Middle East,Office Supplies,External SSD 1TB,2528,8,945
ORD-004075,2025-05-14,Express,Education,Africa,Accessories,Ergonomic Desk Chair,867,2,134
ORD-004076,2024-12-26,Second Class,Home Office,Africa,Accessories,External SSD 1TB,1421,5,344
ORD-004077,2025-11-23,First Class,Government,Asia Pacific,Furniture,Phone Case MagSafe,251,3,30
ORD-004078,2025-10-30,Second Class,Government,Asia Pacific,Furniture,Laptop Cooling Stand,282,4,49
ORD-004079,2024-06-19,Standard Class,Home Office,Asia Pacific,Furniture,Wireless Charger Pad,494,7,45
ORD-004080,2025-01-08,Same Day,Government,Asia Pacific,Gadgets,Gaming Mouse RGB,516,2,77
ORD-004081,2025-07-06,Second Class,Education,Europe,Accessories,External SSD 1TB,2286,5,874
ORD-004082,2025-06-19,Same Day,Corporate,Europe,Furniture,4K Webcam,1029,6,313
ORD-004083,2025-05-14,Same Day,Corporate,South America,Furniture,Bluetooth Speaker,2058,2,868
ORD-004084,2025-07-25,Express,Home Office,South America,Accessories,"Laptop Pro 14""",257,7,105
ORD-004085,2025-06-24,Second Class,Small Business,North America,Electronics,"Laptop Pro 14""",2221,3,327
ORD-004086,2024-07-03,Same Day,Consumer,North America,Accessories,"Laptop Pro 14""",943,2,297
ORD-004087,2025-05-09,Second Class,Home Office,North America,Furniture,4K Webcam,738,1,165
ORD-004088,2025-01-02,Second Class,Small Business,Middle East,Electronics,Smart Home Hub,1866,5,203
ORD-004089,2025-06-30,First Class,Consumer,Middle East,Gadgets,Laptop Cooling Stand,1736,7,230
ORD-004090,2025-08-24,Standard Class,Small Business,Africa,Furniture,External SSD 1TB,2345,4,759
ORD-004091,2024-12-20,Standard Class,Government,Africa,Electronics,Laptop Cooling Stand,1445,1,381
ORD-004092,2025-08-04,Standard Class,Consumer,Africa,Accessories,Ergonomic Desk Chair,1079,8,223
ORD-004093,2025-08-21,Same Day,Small Business,Middle East,Office Supplies,Bluetooth Speaker,1285,8,336
ORD-004094,2025-09-19,Second Class,Small Business,North America,Gadgets,"Laptop Pro 14""",1990,7,686
ORD-004095,2024-03-06,Standard Class,Home Office,Africa,Office Supplies,Smartphone Ultra,754,5,152
ORD-004096,2025-07-28,Standard Class,Education,Asia Pacific,Furniture,Fitness Tracker Band,1867,4,206
ORD-004097,2024-11-25,Same Day,Consumer,Asia Pacific,Furniture,"Tablet Air 11""",2226,1,188
ORD-004098,2024-09-18,Standard Class,Consumer,Middle East,Electronics,Smartphone Ultra,1887,6,577
ORD-004099,2025-10-04,Standard Class,Home Office,North America,Gadgets,Fitness Tracker Band,138,3,45
ORD-004100,2024-01-29,Express,Government,Middle East,Electronics,Smart Watch Series 5,79,8,31
ORD-004101,2025-12-29,Express,Consumer,Asia Pacific,Electronics,Smart Home Hub,2132,4,613
ORD-004102,2025-02-01,Second Class,Small Business,Asia Pacific,Gadgets,Smart Watch Series 5,2209,5,328
ORD-004103,2025-09-01,Same Day,Consumer,Asia Pacific,Furniture,Laptop Cooling Stand,1283,2,540
ORD-004104,2025-03-21,Second Class,Small Business,Africa,Furniture,"Monitor 27"" 4K",979,5,203
ORD-004105,2025-07-20,Express,Small Business,Africa,Electronics,Smart Home Hub,953,4,375
ORD-004106,2024-12-21,First Class,Corporate,North America,Furniture,Wireless Charger Pad,1431,7,533
ORD-004107,2025-03-16,Same Day,Corporate,Asia Pacific,Office Supplies,Bluetooth Speaker,1242,8,444
ORD-004108,2024-02-07,Standard Class,Consumer,Asia Pacific,Electronics,"Tablet Air 11""",1290,4,541
ORD-004109,2024-10-04,Same Day,Consumer,Asia Pacific,Electronics,Gaming Mouse RGB,2312,6,726
ORD-004110,2025-09-11,Express,Corporate,Europe,Office Supplies,Smart Home Hub,1346,1,437
ORD-004111,2024-12-20,Express,Corporate,Africa,Gadgets,Wireless Noise Cancelling Headphones,1852,3,771
ORD-004112,2024-03-19,First Class,Corporate,Middle East,Electronics,Wireless Charger Pad,1587,2,403
ORD-004113,2024-12-02,Express,Home Office,Asia Pacific,Gadgets,Privacy Screen Protector,1736,8,348
ORD-004114,2025-06-03,Second Class,Government,North America,Accessories,Smart Home Hub,2517,4,428
ORD-004115,2024-04-27,Express,Home Office,Africa,Gadgets,Fitness Tracker Band,2512,7,468
ORD-004116,2025-10-22,First Class,Corporate,Middle East,Office Supplies,Phone Case MagSafe,1288,5,384
ORD-004117,2025-09-12,Same Day,Government,Europe,Furniture,Mechanical Keyboard,480,6,87
ORD-004118,2024-11-30,Same Day,Government,Africa,Furniture,Smart Home Hub,648,8,185
ORD-004119,2025-05-10,First Class,Consumer,South America,Furniture,"Tablet Air 11""",2331,6,453
ORD-004120,2025-08-12,First Class,Corporate,South America,Electronics,4K Webcam,1538,2,300
ORD-004121,2024-01-11,Same Day,Government,North America,Accessories,Smart Home Hub,1143,1,214
ORD-004122,2024-08-10,Express,Home Office,North America,Furniture,Mechanical Keyboard,2068,5,451
ORD-004123,2024-05-28,First Class,Corporate,Middle East,Furniture,USB-C Hub 7-in-1,408,1,60
ORD-004124,2024-05-08,Express,Education,Middle East,Furniture,Ergonomic Desk Chair,1792,5,171
ORD-004125,2025-05-10,First Class,Corporate,North America,Accessories,"Tablet Air 11""",1941,3,486
ORD-004126,2024-09-17,Standard Class,Home Office,South America,Accessories,USB-C Hub 7-in-1,2316,3,321
ORD-004127,2025-12-26,Second Class,Corporate,Middle East,Electronics,Bluetooth Speaker,1460,3,577
ORD-004128,2025-07-16,Same Day,Consumer,South America,Gadgets,Fitness Tracker Band,1193,6,104
ORD-004129,2025-06-22,Second Class,Education,South America,Gadgets,Phone Case MagSafe,1891,1,546
ORD-004130,2025-09-13,Second Class,Corporate,South America,Office Supplies,Smartphone Ultra,1235,3,172
ORD-004131,2024-06-18,Standard Class,Education,North America,Electronics,Mechanical Keyboard,202,5,77
ORD-004132,2025-02-03,Second Class,Small Business,Middle East,Accessories,Bluetooth Speaker,1562,7,449
ORD-004133,2024-11-28,Express,Government,Africa,Furniture,Wireless Noise Cancelling Headphones,1150,1,192
ORD-004134,2025-11-07,Standard Class,Education,South America,Accessories,"Laptop Pro 14""",784,6,230
ORD-004135,2024-11-28,Express,Small Business,Asia Pacific,Furniture,Wireless Charger Pad,2285,1,432
ORD-004136,2024-11-04,Express,Consumer,Europe,Furniture,External SSD 1TB,294,2,51
ORD-004137,2024-10-25,Same Day,Corporate,Middle East,Gadgets,Smart Home Hub,582,7,186
ORD-004138,2025-12-27,First Class,Government,Europe,Office Supplies,Mechanical Keyboard,205,4,66
ORD-004139,2024-02-17,Same Day,Small Business,Europe,Office Supplies,"Laptop Pro 14""",1887,8,560
ORD-004140,2025-10-20,First Class,Education,Middle East,Office Supplies,Smartphone Ultra,126,5,42
ORD-004141,2024-06-15,Same Day,Corporate,Middle East,Gadgets,Wireless Noise Cancelling Headphones,1505,4,182
ORD-004142,2025-01-16,Standard Class,Home Office,South America,Office Supplies,"Tablet Air 11""",76,6,16
ORD-004143,2025-11-15,First Class,Corporate,South America,Office Supplies,Standing Desk Frame,528,5,167
ORD-004144,2025-03-23,Standard Class,Home Office,South America,Electronics,Standing Desk Frame,803,6,323
ORD-004145,2025-06-27,Second Class,Corporate,Europe,Accessories,Ergonomic Desk Chair,1308,7,411
ORD-004146,2025-06-04,First Class,Government,Asia Pacific,Electronics,Privacy Screen Protector,640,6,193
ORD-004147,2025-01-01,Second Class,Small Business,Africa,Furniture,Smart Watch Series 5,2547,8,264
ORD-004148,2024-06-21,Standard Class,Corporate,North America,Office Supplies,Wireless Noise Cancelling Headphones,2185,7,202
ORD-004149,2025-02-01,First Class,Consumer,North America,Furniture,Phone Case MagSafe,1672,3,483
ORD-004150,2024-04-09,Second Class,Consumer,North America,Office Supplies,Smartphone Ultra,1115,6,232
ORD-004151,2025-12-19,Second Class,Education,Africa,Accessories,"Tablet Air 11""",1251,3,181
ORD-004152,2025-10-20,Same Day,Government,Middle East,Electronics,Laptop Cooling Stand,1153,1,388
ORD-004153,2025-03-16,First Class,Home Office,Middle East,Furniture,Laptop Cooling Stand,1842,1,595
ORD-004154,2024-06-12,Express,Corporate,North America,Office Supplies,Laptop Cooling Stand,137,5,29
ORD-004155,2024-03-05,Second Class,Education,Middle East,Furniture,Smartphone Ultra,1794,5,434
ORD-004156,2024-11-09,Express,Government,Africa,Gadgets,Smartphone Ultra,318,5,70
ORD-004157,2025-04-24,Express,Corporate,South America,Gadgets,External SSD 1TB,1170,7,473
ORD-004158,2025-07-29,Same Day,Small Business,Europe,Office Supplies,Laptop Cooling Stand,1123,3,386
ORD-004159,2024-03-24,First Class,Home Office,Europe,Gadgets,Ergonomic Desk Chair,2133,3,347
ORD-004160,2024-10-26,Standard Class,Consumer,Asia Pacific,Furniture,Privacy Screen Protector,1480,1,155
ORD-004161,2025-08-10,Express,Corporate,Middle East,Gadgets,4K Webcam,794,3,149
ORD-004162,2025-12-29,Standard Class,Corporate,South America,Furniture,"Laptop Pro 14""",1333,2,185
ORD-004163,2025-10-29,First Class,Home Office,North America,Accessories,Smart Watch Series 5,160,6,46
ORD-004164,2025-04-19,Second Class,Corporate,North America,Furniture,Privacy Screen Protector,428,5,113
ORD-004165,2024-04-23,Express,Consumer,Asia Pacific,Electronics,Privacy Screen Protector,931,2,144
ORD-004166,2024-08-07,Express,Small Business,North America,Accessories,USB-C Hub 7-in-1,298,3,100
ORD-004167,2025-12-24,Second Class,Consumer,Asia Pacific,Furniture,Standing Desk Frame,987,2,179
ORD-004168,2024-02-07,Same Day,Corporate,Europe,Furniture,Standing Desk Frame,2533,5,671
ORD-004169,2025-07-03,Same Day,Corporate,Europe,Office Supplies,Wireless Charger Pad,1107,1,262
ORD-004170,2024-07-24,Same Day,Home Office,Europe,Office Supplies,"Monitor 27"" 4K",2437,7,369
ORD-004171,2024-01-20,Second Class,Government,Middle East,Accessories,USB-C Hub 7-in-1,2131,4,281
ORD-004172,2025-02-24,Second Class,Government,North America,Furniture,External SSD 1TB,2210,8,196
ORD-004173,2024-04-13,First Class,Consumer,North America,Gadgets,USB-C Hub 7-in-1,515,2,211
ORD-004174,2025-06-19,Same Day,Home Office,South America,Gadgets,Phone Case MagSafe,949,5,258
ORD-004175,2024-09-20,Standard Class,Home Office,Asia Pacific,Accessories,Wireless Noise Cancelling Headphones,1761,4,152
ORD-004176,2024-02-06,Express,Corporate,North America,Gadgets,Bluetooth Speaker,616,5,261
ORD-004177,2025-06-16,Standard Class,Consumer,North America,Accessories,"Laptop Pro 14""",2052,1,248
ORD-004178,2025-03-07,Standard Class,Corporate,Africa,Electronics,Privacy Screen Protector,284,6,88
ORD-004179,2024-08-25,Second Class,Home Office,Asia Pacific,Accessories,"Monitor 27"" 4K",628,7,157
ORD-004180,2025-06-24,Second Class,Government,South America,Gadgets,"Tablet Air 11""",273,5,80
ORD-004181,2024-08-03,First Class,Education,South America,Accessories,Standing Desk Frame,2338,6,323
ORD-004182,2025-02-14,Standard Class,Government,Africa,Office Supplies,4K Webcam,1552,6,355
ORD-004183,2025-07-26,Express,Government,Asia Pacific,Gadgets,4K Webcam,2409,2,422
ORD-004184,2024-11-17,First Class,Government,North America,Gadgets,Phone Case MagSafe,968,2,257
ORD-004185,2024-08-07,Express,Consumer,Middle East,Furniture,"Tablet Air 11""",1012,2,209
ORD-004186,2024-11-15,First Class,Government,South America,Electronics,"Tablet Air 11""",453,8,73
ORD-004187,2024-09-12,Same Day,Corporate,Middle East,Electronics,Privacy Screen Protector,909,4,140
ORD-004188,2024-08-03,First Class,Corporate,Middle East,Furniture,Smartphone Ultra,1834,8,220
ORD-004189,2025-06-26,Standard Class,Home Office,North America,Furniture,Smart Home Hub,2064,6,754
ORD-004190,2025-04-28,Second Class,Government,South America,Accessories,Laptop Cooling Stand,828,2,324
ORD-004191,2024-10-01,First Class,Education,Middle East,Furniture,Wireless Charger Pad,1270,1,205
ORD-004192,2024-07-10,Same Day,Consumer,Asia Pacific,Gadgets,"Tablet Air 11""",638,7,248
ORD-004193,2025-07-08,Same Day,Government,Africa,Office Supplies,Wireless Charger Pad,1301,8,286
ORD-004194,2024-06-12,Same Day,Consumer,Europe,Electronics,Mechanical Keyboard,755,1,148
ORD-004195,2025-09-24,Same Day,Corporate,North America,Furniture,Fitness Tracker Band,178,5,67
ORD-004196,2024-11-06,Second Class,Small Business,Middle East,Accessories,External SSD 1TB,2176,2,315
ORD-004197,2024-08-29,Second Class,Consumer,Africa,Office Supplies,Smart Home Hub,1636,2,457
ORD-004198,2024-01-25,First Class,Small Business,Asia Pacific,Office Supplies,Privacy Screen Protector,1786,4,319
ORD-004199,2024-08-29,Standard Class,Education,Asia Pacific,Accessories,Mechanical Keyboard,760,7,209
ORD-004200,2024-01-06,Same Day,Home Office,Africa,Gadgets,Fitness Tracker Band,838,5,213
ORD-004201,2025-02-13,Same Day,Government,South America,Gadgets,4K Webcam,821,5,230
ORD-004202,2025-04-28,First Class,Education,Africa,Electronics,Gaming Mouse RGB,1453,8,282
ORD-004203,2024-08-10,Express,Corporate,South America,Gadgets,Privacy Screen Protector,736,3,123
ORD-004204,2024-10-28,Standard Class,Home Office,Asia Pacific,Gadgets,"Laptop Pro 14""",1675,2,601
ORD-004205,2024-10-28,Second Class,Government,Asia Pacific,Accessories,"Monitor 27"" 4K",2468,2,645
ORD-004206,2025-08-19,Standard Class,Small Business,Europe,Furniture,"Laptop Pro 14""",2546,7,884
ORD-004207,2025-08-10,Standard Class,Corporate,North America,Accessories,USB-C Hub 7-in-1,1841,6,561
ORD-004208,2024-10-09,First Class,Government,North America,Accessories,Mechanical Keyboard,315,8,118
ORD-004209,2024-02-08,Second Class,Education,North America,Electronics,Phone Case MagSafe,2293,7,292
ORD-004210,2025-07-13,Express,Government,North America,Accessories,External SSD 1TB,725,8,142
ORD-004211,2025-07-23,Same Day,Education,North America,Office Supplies,External SSD 1TB,2079,1,705
ORD-004212,2024-08-03,Second Class,Consumer,Africa,Electronics,Phone Case MagSafe,1931,1,230
ORD-004213,2024-02-16,First Class,Corporate,Asia Pacific,Electronics,Wireless Noise Cancelling Headphones,2336,5,260
ORD-004214,2025-05-02,Second Class,Government,Africa,Furniture,Wireless Noise Cancelling Headphones,220,8,23
ORD-004215,2025-04-12,Second Class,Education,Africa,Accessories,Privacy Screen Protector,2410,7,319
ORD-004216,2025-03-30,Same Day,Consumer,Asia Pacific,Gadgets,4K Webcam,2537,6,892
ORD-004217,2024-08-17,Standard Class,Education,Africa,Accessories,Privacy Screen Protector,1149,7,440
ORD-004218,2024-11-19,Second Class,Government,North America,Accessories,Mechanical Keyboard,1855,2,353
ORD-004219,2024-08-18,First Class,Government,Asia Pacific,Office Supplies,Standing Desk Frame,2448,4,267
ORD-004220,2024-12-04,Express,Home Office,Africa,Furniture,Ergonomic Desk Chair,430,7,157
ORD-004221,2024-05-14,Express,Education,Middle East,Gadgets,Smart Watch Series 5,582,5,234
ORD-004222,2025-07-29,First Class,Consumer,Europe,Office Supplies,Smart Home Hub,2487,8,750
ORD-004223,2025-02-04,Second Class,Government,Europe,Furniture,"Monitor 27"" 4K",907,4,299
ORD-004224,2024-05-04,First Class,Education,North America,Furniture,Laptop Cooling Stand,2247,7,378
ORD-004225,2024-08-25,Express,Government,Asia Pacific,Accessories,"Tablet Air 11""",514,5,133
ORD-004226,2025-04-03,Express,Corporate,North America,Furniture,Privacy Screen Protector,1187,8,245
ORD-004227,2025-04-08,Same Day,Consumer,Asia Pacific,Electronics,Bluetooth Speaker,1666,1,490
ORD-004228,2025-10-09,Second Class,Corporate,Europe,Furniture,"Monitor 27"" 4K",2398,1,765
ORD-004229,2025-09-02,Second Class,Government,Europe,Furniture,Laptop Cooling Stand,76,8,13
ORD-004230,2025-02-19,Same Day,Education,Africa,Furniture,Fitness Tracker Band,863,8,71
ORD-004231,2025-12-18,Express,Home Office,Middle East,Electronics,Smart Watch Series 5,2482,6,1037
ORD-004232,2025-07-09,Same Day,Consumer,South America,Gadgets,Fitness Tracker Band,2410,7,375
ORD-004233,2025-11-11,Standard Class,Corporate,Africa,Gadgets,Mechanical Keyboard,1730,6,192
ORD-004234,2024-01-09,Express,Small Business,Europe,Furniture,USB-C Hub 7-in-1,2310,5,286
ORD-004235,2025-06-05,Standard Class,Home Office,Asia Pacific,Accessories,Laptop Cooling Stand,2241,5,204
ORD-004236,2024-08-30,Standard Class,Corporate,Asia Pacific,Gadgets,"Laptop Pro 14""",942,3,398
ORD-004237,2025-08-26,Same Day,Education,Europe,Office Supplies,Laptop Cooling Stand,968,4,202
ORD-004238,2025-06-08,First Class,Home Office,Asia Pacific,Gadgets,Phone Case MagSafe,439,7,116
ORD-004239,2025-12-20,Express,Consumer,Europe,Accessories,4K Webcam,889,3,119
ORD-004240,2024-11-28,Standard Class,Corporate,Africa,Gadgets,Laptop Cooling Stand,681,5,98
ORD-004241,2025-11-30,Second Class,Home Office,North America,Office Supplies,"Monitor 27"" 4K",1548,5,408
ORD-004242,2024-07-19,Second Class,Corporate,Middle East,Office Supplies,"Tablet Air 11""",943,4,375
ORD-004243,2025-07-13,Standard Class,Small Business,Asia Pacific,Furniture,Smart Home Hub,520,2,183
ORD-004244,2024-03-06,Standard Class,Corporate,South America,Furniture,Standing Desk Frame,155,6,41
ORD-004245,2024-06-18,Second Class,Government,Asia Pacific,Office Supplies,Ergonomic Desk Chair,1992,3,571
ORD-004246,2024-11-23,Same Day,Corporate,South America,Accessories,Wireless Noise Cancelling Headphones,416,3,53
ORD-004247,2024-03-15,Same Day,Corporate,Asia Pacific,Accessories,"Monitor 27"" 4K",1649,1,385
ORD-004248,2024-10-04,First Class,Education,South America,Accessories,Gaming Mouse RGB,1935,2,574
ORD-004249,2024-10-13,Standard Class,Education,Middle East,Accessories,Mechanical Keyboard,1892,6,618
ORD-004250,2024-01-25,First Class,Home Office,North America,Furniture,4K Webcam,2164,3,460
ORD-004251,2025-09-20,Express,Government,North America,Office Supplies,Gaming Mouse RGB,79,7,16
ORD-004252,2025-09-01,Express,Corporate,Africa,Office Supplies,"Monitor 27"" 4K",109,4,18
ORD-004253,2024-01-04,First Class,Home Office,Middle East,Gadgets,Gaming Mouse RGB,1895,6,776
ORD-004254,2025-01-25,Express,Consumer,Middle East,Accessories,Standing Desk Frame,377,8,49
ORD-004255,2025-09-02,Same Day,Government,Africa,Furniture,Bluetooth Speaker,891,7,229
ORD-004256,2024-04-15,Express,Government,Africa,Office Supplies,Smart Home Hub,634,7,226
ORD-004257,2025-01-12,Second Class,Home Office,Middle East,Gadgets,Ergonomic Desk Chair,1406,8,338
ORD-004258,2024-04-08,Standard Class,Government,South America,Accessories,Mechanical Keyboard,787,8,121
ORD-004259,2025-10-31,Second Class,Home Office,Middle East,Electronics,Smart Watch Series 5,404,4,39
ORD-004260,2025-05-06,Standard Class,Home Office,South America,Gadgets,Gaming Mouse RGB,2269,8,650
ORD-004261,2024-05-06,Second Class,Corporate,Middle East,Office Supplies,Privacy Screen Protector,578,2,78
ORD-004262,2024-02-01,Second Class,Corporate,Africa,Gadgets,"Tablet Air 11""",1796,6,279
ORD-004263,2025-07-31,First Class,Corporate,South America,Office Supplies,Wireless Noise Cancelling Headphones,602,5,101
ORD-004264,2025-04-21,Same Day,Government,North America,Furniture,Ergonomic Desk Chair,2099,4,617
ORD-004265,2024-10-26,Express,Consumer,Middle East,Gadgets,Bluetooth Speaker,2388,1,323
ORD-004266,2024-09-09,Same Day,Education,North America,Gadgets,4K Webcam,682,3,191
ORD-004267,2024-10-09,Same Day,Consumer,North America,Accessories,Privacy Screen Protector,689,7,163
ORD-004268,2025-08-04,First Class,Education,Asia Pacific,Furniture,External SSD 1TB,257,1,65
ORD-004269,2025-04-24,Standard Class,Home Office,Europe,Office Supplies,Smart Home Hub,59,2,21
ORD-004270,2025-10-08,Same Day,Small Business,Africa,Accessories,Smart Watch Series 5,2313,8,256
ORD-004271,2025-04-15,Standard Class,Consumer,Europe,Furniture,Smart Home Hub,334,6,31
ORD-004272,2025-11-05,Same Day,Education,South America,Accessories,Phone Case MagSafe,623,6,149
ORD-004273,2025-06-19,Express,Consumer,Asia Pacific,Accessories,"Tablet Air 11""",1052,8,445
ORD-004274,2024-08-06,First Class,Small Business,Middle East,Gadgets,"Monitor 27"" 4K",909,1,273
ORD-004275,2025-01-10,First Class,Government,Africa,Accessories,Ergonomic Desk Chair,1674,2,333
ORD-004276,2024-10-08,First Class,Small Business,South America,Electronics,Ergonomic Desk Chair,1804,8,437
ORD-004277,2024-01-10,Second Class,Small Business,South America,Electronics,Standing Desk Frame,2129,4,345
ORD-004278,2025-08-23,Express,Education,Africa,Accessories,Phone Case MagSafe,2360,4,738
ORD-004279,2024-12-02,First Class,Education,Asia Pacific,Electronics,Fitness Tracker Band,2311,4,888
ORD-004280,2024-10-21,Second Class,Consumer,Africa,Electronics,Smart Watch Series 5,56,1,22
ORD-004281,2025-08-11,Standard Class,Small Business,Asia Pacific,Office Supplies,"Laptop Pro 14""",1623,7,583
ORD-004282,2024-12-01,Same Day,Consumer,Asia Pacific,Office Supplies,Wireless Noise Cancelling Headphones,91,8,19
ORD-004283,2025-06-18,Same Day,Government,South America,Furniture,Laptop Cooling Stand,680,7,245
ORD-004284,2025-10-03,Second Class,Government,Europe,Accessories,Phone Case MagSafe,1584,3,673
ORD-004285,2025-08-13,Standard Class,Corporate,Africa,Furniture,Smartphone Ultra,2272,8,448
ORD-004286,2024-09-26,Same Day,Corporate,Europe,Accessories,"Tablet Air 11""",1587,5,138
ORD-004287,2025-11-06,Second Class,Consumer,Africa,Accessories,Smart Home Hub,829,3,207
ORD-004288,2024-04-18,Express,Home Office,North America,Furniture,Fitness Tracker Band,2332,5,392
ORD-004289,2025-12-29,Express,Corporate,North America,Office Supplies,"Tablet Air 11""",501,8,57
ORD-004290,2025-04-03,First Class,Government,Africa,Electronics,4K Webcam,2315,4,373
ORD-004291,2024-02-01,First Class,Home Office,Africa,Gadgets,"Tablet Air 11""",1599,1,683
ORD-004292,2025-01-19,Express,Education,South America,Furniture,Laptop Cooling Stand,2396,6,282
ORD-004293,2024-04-17,Standard Class,Corporate,South America,Furniture,Privacy Screen Protector,1094,4,91
ORD-004294,2025-08-07,Second Class,Small Business,Asia Pacific,Gadgets,Standing Desk Frame,1473,2,120
ORD-004295,2024-04-19,First Class,Education,South America,Gadgets,USB-C Hub 7-in-1,958,8,306
ORD-004296,2024-08-10,Same Day,Education,Europe,Electronics,Laptop Cooling Stand,1723,7,627
ORD-004297,2024-11-01,Second Class,Education,Middle East,Electronics,External SSD 1TB,73,7,14
ORD-004298,2025-05-03,First Class,Government,South America,Accessories,Wireless Noise Cancelling Headphones,651,4,105
ORD-004299,2025-09-20,Same Day,Consumer,North America,Office Supplies,Fitness Tracker Band,2377,4,516
ORD-004300,2024-02-12,Same Day,Education,North America,Office Supplies,4K Webcam,1114,5,200
ORD-004301,2024-12-24,Second Class,Small Business,Europe,Furniture,4K Webcam,1476,2,172
ORD-004302,2024-09-03,First Class,Consumer,North America,Furniture,Smart Home Hub,2383,7,888
ORD-004303,2025-08-16,Same Day,Government,Asia Pacific,Office Supplies,Wireless Charger Pad,2548,3,748
ORD-004304,2024-11-27,Second Class,Government,Africa,Accessories,Fitness Tracker Band,92,4,11
ORD-004305,2024-05-09,First Class,Government,Asia Pacific,Electronics,Standing Desk Frame,502,6,49
ORD-004306,2025-09-27,Second Class,Consumer,Asia Pacific,Office Supplies,Privacy Screen Protector,85,4,27
ORD-004307,2025-01-02,Same Day,Home Office,Africa,Electronics,External SSD 1TB,2365,2,952
ORD-004308,2025-10-10,Second Class,Corporate,North America,Gadgets,Smartphone Ultra,1646,5,133
ORD-004309,2024-02-25,First Class,Education,Asia Pacific,Furniture,Fitness Tracker Band,1924,2,779
ORD-004310,2025-11-29,Second Class,Government,Europe,Furniture,Gaming Mouse RGB,919,4,209
ORD-004311,2025-08-02,Express,Small Business,North America,Office Supplies,"Monitor 27"" 4K",2545,8,707
ORD-004312,2024-02-01,First Class,Home Office,Africa,Gadgets,Standing Desk Frame,1721,2,626
ORD-004313,2024-12-04,Second Class,Consumer,Asia Pacific,Furniture,Bluetooth Speaker,1069,7,456
ORD-004314,2025-10-17,Express,Consumer,Middle East,Gadgets,Wireless Charger Pad,1136,2,254
ORD-004315,2025-09-21,First Class,Consumer,North America,Office Supplies,Bluetooth Speaker,1537,3,355
ORD-004316,2025-12-27,Standard Class,Corporate,Africa,Gadgets,USB-C Hub 7-in-1,960,1,116
ORD-004317,2024-08-11,Same Day,Government,Europe,Furniture,"Monitor 27"" 4K",1526,8,158
ORD-004318,2025-11-30,Standard Class,Home Office,Asia Pacific,Furniture,Smart Watch Series 5,1628,4,399
ORD-004319,2025-12-14,Same Day,Small Business,Europe,Gadgets,"Monitor 27"" 4K",359,2,59
ORD-004320,2025-10-11,Second Class,Small Business,Asia Pacific,Office Supplies,USB-C Hub 7-in-1,1385,1,332
ORD-004321,2024-04-19,Same Day,Consumer,Asia Pacific,Gadgets,Ergonomic Desk Chair,1990,8,790
ORD-004322,2024-10-27,Express,Home Office,Middle East,Electronics,Smartphone Ultra,266,1,52
ORD-004323,2025-12-02,First Class,Government,North America,Furniture,Bluetooth Speaker,154,5,40
ORD-004324,2024-09-02,Second Class,Education,Middle East,Office Supplies,Fitness Tracker Band,180,7,16
ORD-004325,2024-03-21,Standard Class,Small Business,Middle East,Electronics,Laptop Cooling Stand,1906,6,540
ORD-004326,2024-01-20,First Class,Small Business,Middle East,Accessories,Bluetooth Speaker,469,5,104
ORD-004327,2025-07-16,Second Class,Government,Africa,Furniture,Wireless Noise Cancelling Headphones,128,7,14
ORD-004328,2024-10-08,Same Day,Corporate,Europe,Accessories,"Tablet Air 11""",714,4,185
ORD-004329,2024-05-27,Same Day,Education,Africa,Accessories,Smartphone Ultra,974,7,311
ORD-004330,2025-02-10,Standard Class,Home Office,South America,Office Supplies,Bluetooth Speaker,397,6,152
ORD-004331,2024-07-03,First Class,Corporate,Middle East,Electronics,Phone Case MagSafe,285,2,59
ORD-004332,2025-05-13,First Class,Education,South America,Office Supplies,Mechanical Keyboard,2078,5,381
ORD-004333,2024-11-03,First Class,Home Office,North America,Furniture,"Laptop Pro 14""",985,7,163
ORD-004334,2025-08-01,First Class,Education,Asia Pacific,Office Supplies,Fitness Tracker Band,1779,3,569
ORD-004335,2025-06-17,First Class,Consumer,Europe,Accessories,Gaming Mouse RGB,1999,1,425
ORD-004336,2025-02-20,Standard Class,Small Business,Asia Pacific,Furniture,Mechanical Keyboard,2257,2,759
ORD-004337,2025-10-05,Express,Consumer,South America,Electronics,USB-C Hub 7-in-1,301,8,32
ORD-004338,2025-11-27,Standard Class,Corporate,Africa,Accessories,Phone Case MagSafe,2411,5,458
ORD-004339,2025-04-18,Express,Government,North America,Gadgets,Mechanical Keyboard,635,2,232
ORD-004340,2025-06-02,First Class,Government,Middle East,Gadgets,Smart Home Hub,597,8,147
ORD-004341,2024-05-20,First Class,Consumer,North America,Gadgets,Wireless Noise Cancelling Headphones,2254,2,261
ORD-004342,2024-07-16,Standard Class,Small Business,Europe,Office Supplies,Privacy Screen Protector,1482,4,496
ORD-004343,2024-10-17,Standard Class,Education,North America,Office Supplies,Gaming Mouse RGB,1685,5,643
ORD-004344,2024-09-20,First Class,Government,North America,Office Supplies,USB-C Hub 7-in-1,1437,7,374
ORD-004345,2024-06-11,Express,Education,Middle East,Gadgets,Fitness Tracker Band,271,7,66
ORD-004346,2025-03-12,Express,Small Business,Asia Pacific,Furniture,4K Webcam,188,8,64
ORD-004347,2024-03-16,Same Day,Corporate,South America,Office Supplies,"Monitor 27"" 4K",852,4,146
ORD-004348,2024-11-05,Express,Consumer,North America,Accessories,Bluetooth Speaker,292,3,27
ORD-004349,2025-03-27,Same Day,Government,Asia Pacific,Accessories,Bluetooth Speaker,157,5,44
ORD-004350,2024-11-30,Express,Education,Middle East,Electronics,"Laptop Pro 14""",1788,6,154
ORD-004351,2024-09-04,First Class,Home Office,South America,Furniture,Smartphone Ultra,186,3,52
ORD-004352,2024-05-03,Second Class,Small Business,Africa,Electronics,Gaming Mouse RGB,1307,2,214
ORD-004353,2024-08-05,Standard Class,Corporate,North America,Office Supplies,Bluetooth Speaker,1344,5,558
ORD-004354,2024-01-28,Standard Class,Education,North America,Electronics,Wireless Charger Pad,178,7,67
ORD-004355,2025-12-09,First Class,Small Business,Asia Pacific,Accessories,Mechanical Keyboard,549,6,156
ORD-004356,2025-04-28,Standard Class,Small Business,Europe,Office Supplies,External SSD 1TB,317,5,113
ORD-004357,2025-04-07,First Class,Education,Middle East,Electronics,Smart Watch Series 5,1230,2,473
ORD-004358,2025-06-01,Same Day,Small Business,North America,Accessories,"Laptop Pro 14""",1051,5,117
ORD-004359,2024-05-18,Second Class,Home Office,South America,Furniture,Privacy Screen Protector,2065,3,740
ORD-004360,2025-05-11,First Class,Small Business,Asia Pacific,Gadgets,"Laptop Pro 14""",327,6,65
ORD-004361,2024-08-17,Same Day,Consumer,Asia Pacific,Furniture,"Laptop Pro 14""",2406,2,313
ORD-004362,2024-01-13,Same Day,Government,South America,Accessories,External SSD 1TB,557,6,147
ORD-004363,2024-02-25,Express,Education,Asia Pacific,Office Supplies,Fitness Tracker Band,1561,5,344
ORD-004364,2024-05-25,Same Day,Government,Middle East,Furniture,Smart Watch Series 5,1240,5,339
ORD-004365,2025-01-08,Second Class,Education,Europe,Electronics,Fitness Tracker Band,682,6,280
ORD-004366,2024-03-21,Same Day,Home Office,Middle East,Gadgets,"Tablet Air 11""",1979,7,795
ORD-004367,2024-09-26,Standard Class,Home Office,Asia Pacific,Office Supplies,Smart Watch Series 5,917,5,107
ORD-004368,2025-09-13,Second Class,Corporate,Africa,Office Supplies,4K Webcam,782,8,235
ORD-004369,2024-07-29,Second Class,Corporate,Africa,Gadgets,Wireless Charger Pad,2499,3,376
ORD-004370,2024-08-18,Second Class,Home Office,North America,Furniture,"Tablet Air 11""",711,6,219
ORD-004371,2025-10-06,First Class,Home Office,South America,Accessories,Standing Desk Frame,2317,7,386
ORD-004372,2025-06-23,Standard Class,Corporate,North America,Furniture,Smart Watch Series 5,2248,4,754
ORD-004373,2024-02-08,First Class,Education,North America,Accessories,Wireless Noise Cancelling Headphones,336,4,138
ORD-004374,2024-03-12,Express,Education,Europe,Gadgets,Bluetooth Speaker,1355,6,577
ORD-004375,2025-08-19,Standard Class,Small Business,North America,Gadgets,USB-C Hub 7-in-1,2238,3,902
ORD-004376,2024-01-09,Express,Government,South America,Gadgets,Fitness Tracker Band,466,6,44
ORD-004377,2025-04-15,Second Class,Government,Europe,Office Supplies,"Laptop Pro 14""",988,3,197
ORD-004378,2024-07-05,First Class,Consumer,Asia Pacific,Furniture,Smart Home Hub,2497,2,1042
ORD-004379,2025-05-04,Express,Education,North America,Office Supplies,USB-C Hub 7-in-1,69,6,23
ORD-004380,2024-03-17,Second Class,Small Business,North America,Accessories,Wireless Charger Pad,658,5,82
ORD-004381,2024-03-13,First Class,Corporate,Middle East,Furniture,"Monitor 27"" 4K",750,2,173
ORD-004382,2025-12-17,Same Day,Government,Africa,Furniture,Privacy Screen Protector,546,8,159
ORD-004383,2024-09-27,Standard Class,Education,North America,Office Supplies,Fitness Tracker Band,521,3,151
ORD-004384,2025-03-12,Standard Class,Education,North America,Electronics,Mechanical Keyboard,1710,7,667
ORD-004385,2024-10-10,First Class,Education,South America,Furniture,Gaming Mouse RGB,1087,7,407
ORD-004386,2025-05-29,Same Day,Government,South America,Electronics,Standing Desk Frame,983,6,103
ORD-004387,2024-06-12,Express,Home Office,North America,Accessories,Laptop Cooling Stand,1445,4,181
ORD-004388,2025-01-18,Express,Education,Europe,Office Supplies,Wireless Noise Cancelling Headphones,2343,1,848
ORD-004389,2024-05-30,Second Class,Government,Europe,Office Supplies,External SSD 1TB,942,5,305
ORD-004390,2024-11-01,Express,Government,Middle East,Furniture,USB-C Hub 7-in-1,957,5,369
ORD-004391,2024-05-09,Standard Class,Education,North America,Furniture,Smart Home Hub,845,1,134
ORD-004392,2024-08-11,Express,Education,Middle East,Accessories,Wireless Charger Pad,1936,6,548
ORD-004393,2024-12-29,First Class,Consumer,Middle East,Electronics,Wireless Noise Cancelling Headphones,1736,2,498
ORD-004394,2025-05-17,Second Class,Home Office,North America,Gadgets,Wireless Charger Pad,1538,6,488
ORD-004395,2024-10-12,Second Class,Education,Asia Pacific,Electronics,4K Webcam,58,5,22
ORD-004396,2024-10-19,Express,Corporate,Europe,Furniture,"Monitor 27"" 4K",2283,3,495
ORD-004397,2024-01-31,First Class,Education,Africa,Office Supplies,Wireless Charger Pad,2475,8,1047
ORD-004398,2025-05-17,Same Day,Small Business,South America,Furniture,Privacy Screen Protector,875,4,244
ORD-004399,2025-02-12,Same Day,Home Office,Europe,Accessories,Laptop Cooling Stand,2002,2,703
ORD-004400,2024-04-26,Standard Class,Home Office,Africa,Electronics,"Tablet Air 11""",2044,1,443
ORD-004401,2024-04-09,Second Class,Government,South America,Accessories,Standing Desk Frame,1041,4,252
ORD-004402,2025-11-03,Standard Class,Government,Middle East,Furniture,Fitness Tracker Band,62,7,17
ORD-004403,2025-06-18,Second Class,Consumer,Europe,Accessories,Privacy Screen Protector,631,7,172
ORD-004404,2024-11-27,Express,Home Office,Middle East,Accessories,Privacy Screen Protector,188,8,34
ORD-004405,2024-03-06,Standard Class,Home Office,South America,Furniture,Laptop Cooling Stand,2495,4,300
ORD-004406,2024-11-26,Express,Government,Asia Pacific,Office Supplies,Laptop Cooling Stand,1400,7,142
ORD-004407,2025-10-13,Standard Class,Government,North America,Accessories,Smart Watch Series 5,1954,5,627
ORD-004408,2025-10-24,Standard Class,Consumer,Africa,Furniture,Fitness Tracker Band,684,3,292
ORD-004409,2024-10-26,First Class,Education,Africa,Electronics,External SSD 1TB,665,4,87
ORD-004410,2024-01-18,First Class,Home Office,South America,Electronics,Phone Case MagSafe,536,8,127
ORD-004411,2024-09-15,Express,Consumer,Asia Pacific,Office Supplies,Smart Watch Series 5,778,7,270
ORD-004412,2024-08-31,Standard Class,Government,Europe,Electronics,Smart Home Hub,2000,8,323
ORD-004413,2025-06-28,Standard Class,Corporate,North America,Office Supplies,Gaming Mouse RGB,1493,2,304
ORD-004414,2024-12-02,Express,Small Business,Africa,Office Supplies,Wireless Charger Pad,251,6,55
ORD-004415,2024-02-25,Express,Home Office,Africa,Office Supplies,Privacy Screen Protector,153,3,58
ORD-004416,2025-10-05,Express,Education,Middle East,Electronics,Mechanical Keyboard,1218,1,311
ORD-004417,2025-04-25,Same Day,Small Business,South America,Gadgets,Smart Watch Series 5,1533,8,609
ORD-004418,2025-01-20,Standard Class,Government,South America,Electronics,Laptop Cooling Stand,464,7,165
ORD-004419,2025-06-14,First Class,Home Office,North America,Electronics,Fitness Tracker Band,1146,6,185
ORD-004420,2025-05-20,Express,Consumer,Africa,Office Supplies,Wireless Noise Cancelling Headphones,889,1,375
ORD-004421,2025-02-09,Second Class,Government,Asia Pacific,Furniture,Ergonomic Desk Chair,631,3,191
ORD-004422,2025-04-22,Second Class,Consumer,North America,Gadgets,Mechanical Keyboard,2076,5,259
ORD-004423,2025-11-09,Second Class,Consumer,Middle East,Office Supplies,Wireless Noise Cancelling Headphones,1978,2,673
ORD-004424,2025-12-21,Same Day,Consumer,Europe,Furniture,"Tablet Air 11""",653,4,267
ORD-004425,2024-03-20,Standard Class,Corporate,Middle East,Electronics,Wireless Noise Cancelling Headphones,1021,4,278
ORD-004426,2024-04-27,Express,Consumer,Asia Pacific,Accessories,Fitness Tracker Band,791,4,216
ORD-004427,2025-11-11,Second Class,Corporate,Asia Pacific,Furniture,Privacy Screen Protector,520,2,119
ORD-004428,2024-02-29,Second Class,Government,South America,Gadgets,Fitness Tracker Band,1226,8,258
ORD-004429,2025-01-27,Standard Class,Government,South America,Accessories,Bluetooth Speaker,458,7,190
ORD-004430,2024-03-17,Same Day,Consumer,Africa,Gadgets,Fitness Tracker Band,2211,1,604
ORD-004431,2024-09-29,Second Class,Corporate,Asia Pacific,Electronics,Ergonomic Desk Chair,2334,8,969
ORD-004432,2025-02-09,First Class,Education,Europe,Furniture,Smartphone Ultra,2425,6,644
ORD-004433,2024-07-01,First Class,Home Office,Asia Pacific,Furniture,Gaming Mouse RGB,1589,3,525
ORD-004434,2024-08-09,First Class,Government,Africa,Furniture,4K Webcam,1182,8,257
ORD-004435,2025-05-22,Express,Corporate,Africa,Gadgets,"Monitor 27"" 4K",2327,1,238
ORD-004436,2024-02-24,Standard Class,Home Office,North America,Office Supplies,Gaming Mouse RGB,1252,5,411
ORD-004437,2025-10-07,First Class,Corporate,Europe,Gadgets,Wireless Charger Pad,2474,7,675
ORD-004438,2024-08-26,Standard Class,Consumer,Europe,Gadgets,"Tablet Air 11""",1678,5,292
ORD-004439,2024-04-14,First Class,Home Office,Asia Pacific,Gadgets,Gaming Mouse RGB,1034,5,387
ORD-004440,2024-07-12,Standard Class,Government,North America,Gadgets,Gaming Mouse RGB,1262,7,319
ORD-004441,2025-01-22,Standard Class,Home Office,North America,Furniture,Phone Case MagSafe,1758,1,370
ORD-004442,2025-10-05,First Class,Small Business,South America,Gadgets,Standing Desk Frame,2193,5,370
ORD-004443,2024-10-28,Standard Class,Home Office,Middle East,Electronics,Standing Desk Frame,508,4,41
ORD-004444,2024-02-24,Same Day,Consumer,South America,Office Supplies,Smart Watch Series 5,1181,3,289
ORD-004445,2024-07-16,Standard Class,Consumer,North America,Accessories,Wireless Charger Pad,1110,1,210
ORD-004446,2025-04-05,First Class,Education,Middle East,Office Supplies,Ergonomic Desk Chair,702,5,125
ORD-004447,2025-09-07,Same Day,Corporate,Asia Pacific,Furniture,Fitness Tracker Band,395,4,36
ORD-004448,2025-11-23,Standard Class,Home Office,Asia Pacific,Electronics,"Monitor 27"" 4K",1853,5,458
ORD-004449,2024-04-02,Same Day,Home Office,South America,Electronics,4K Webcam,131,7,25
ORD-004450,2025-06-22,First Class,Education,North America,Office Supplies,Bluetooth Speaker,2101,2,347
ORD-004451,2024-11-10,Express,Home Office,Middle East,Office Supplies,Wireless Charger Pad,1830,8,677
ORD-004452,2024-02-04,Express,Government,Asia Pacific,Furniture,External SSD 1TB,316,7,45
ORD-004453,2024-08-18,Express,Consumer,Asia Pacific,Gadgets,Mechanical Keyboard,494,5,119
ORD-004454,2024-08-11,Same Day,Consumer,Europe,Electronics,Mechanical Keyboard,1923,3,188
ORD-004455,2024-01-20,Same Day,Consumer,Middle East,Furniture,Privacy Screen Protector,1496,6,263
ORD-004456,2025-11-24,First Class,Small Business,Asia Pacific,Electronics,Ergonomic Desk Chair,2047,8,394
ORD-004457,2024-04-11,First Class,Home Office,Africa,Gadgets,4K Webcam,1212,1,208
ORD-004458,2025-03-21,First Class,Home Office,Africa,Gadgets,Privacy Screen Protector,525,8,52
ORD-004459,2024-03-16,Express,Home Office,Middle East,Electronics,USB-C Hub 7-in-1,872,5,124
ORD-004460,2024-09-27,Standard Class,Home Office,Middle East,Electronics,Ergonomic Desk Chair,643,8,121
ORD-004461,2025-09-07,Second Class,Home Office,South America,Electronics,Bluetooth Speaker,1551,1,638
ORD-004462,2024-06-02,Standard Class,Consumer,Africa,Electronics,"Laptop Pro 14""",2002,6,594
ORD-004463,2025-04-14,Standard Class,Consumer,Asia Pacific,Office Supplies,USB-C Hub 7-in-1,2533,8,930
ORD-004464,2025-05-24,Second Class,Consumer,Middle East,Furniture,External SSD 1TB,510,2,150
ORD-004465,2024-12-19,Second Class,Home Office,Middle East,Accessories,Bluetooth Speaker,743,6,243
ORD-004466,2025-03-14,First Class,Small Business,Middle East,Office Supplies,"Monitor 27"" 4K",961,8,107
ORD-004467,2024-03-23,Same Day,Home Office,South America,Office Supplies,Ergonomic Desk Chair,2227,7,356
ORD-004468,2025-06-30,Standard Class,Corporate,Middle East,Gadgets,Gaming Mouse RGB,1347,6,182
ORD-004469,2025-11-01,Same Day,Consumer,Asia Pacific,Electronics,Smart Watch Series 5,1104,2,248
ORD-004470,2025-04-03,Same Day,Corporate,Africa,Accessories,Bluetooth Speaker,1580,1,462
ORD-004471,2024-03-29,Same Day,Education,Asia Pacific,Electronics,Smart Home Hub,650,5,162
ORD-004472,2024-12-07,First Class,Government,Europe,Office Supplies,Wireless Charger Pad,681,1,185
ORD-004473,2025-12-19,First Class,Consumer,Middle East,Gadgets,4K Webcam,702,3,283
ORD-004474,2024-05-30,Express,Consumer,South America,Gadgets,Ergonomic Desk Chair,980,3,170
ORD-004475,2024-07-31,Express,Home Office,North America,Accessories,External SSD 1TB,2311,2,247
ORD-004476,2024-08-31,First Class,Consumer,North America,Accessories,"Monitor 27"" 4K",1991,7,543
ORD-004477,2025-11-30,Same Day,Corporate,Middle East,Office Supplies,Laptop Cooling Stand,1240,8,330
ORD-004478,2024-09-08,Express,Government,Africa,Gadgets,"Laptop Pro 14""",137,5,13
ORD-004479,2025-12-25,Same Day,Government,North America,Furniture,Standing Desk Frame,290,3,108
ORD-004480,2025-07-23,Same Day,Government,Middle East,Office Supplies,Fitness Tracker Band,1076,6,233
ORD-004481,2025-09-28,Same Day,Government,South America,Furniture,USB-C Hub 7-in-1,389,2,166
ORD-004482,2024-03-06,First Class,Government,Africa,Gadgets,Gaming Mouse RGB,59,4,9
ORD-004483,2024-10-05,Same Day,Home Office,Europe,Gadgets,Wireless Noise Cancelling Headphones,1605,7,423
ORD-004484,2025-04-19,Standard Class,Consumer,Africa,Furniture,Smart Home Hub,2437,4,913
ORD-004485,2024-07-07,First Class,Small Business,Africa,Furniture,Wireless Noise Cancelling Headphones,2345,1,422
ORD-004486,2025-11-21,Second Class,Corporate,Middle East,Furniture,Mechanical Keyboard,528,6,61
ORD-004487,2024-01-11,Standard Class,Education,Africa,Office Supplies,Privacy Screen Protector,2403,7,323
ORD-004488,2024-04-08,Express,Small Business,Africa,Accessories,Mechanical Keyboard,347,3,77
ORD-004489,2024-02-19,Same Day,Consumer,Europe,Office Supplies,Bluetooth Speaker,72,5,23
ORD-004490,2025-11-25,Same Day,Consumer,Europe,Accessories,"Laptop Pro 14""",1732,1,318
ORD-004491,2024-05-16,Express,Government,Asia Pacific,Gadgets,Bluetooth Speaker,652,6,55
ORD-004492,2025-04-15,Second Class,Corporate,South America,Electronics,"Monitor 27"" 4K",2054,6,319
ORD-004493,2025-01-27,Same Day,Corporate,Europe,Electronics,Gaming Mouse RGB,2358,5,720
ORD-004494,2025-09-10,Express,Consumer,Europe,Furniture,Ergonomic Desk Chair,1847,6,684
ORD-004495,2024-07-11,First Class,Government,Africa,Furniture,Standing Desk Frame,1909,2,310
ORD-004496,2025-08-19,Same Day,Corporate,North America,Accessories,External SSD 1TB,1775,4,196
ORD-004497,2024-06-06,Same Day,Government,Asia Pacific,Gadgets,Smartphone Ultra,97,7,19
ORD-004498,2024-04-14,First Class,Government,Africa,Furniture,4K Webcam,1173,2,214
ORD-004499,2025-01-15,Express,Small Business,South America,Gadgets,Fitness Tracker Band,806,5,105
ORD-004500,2024-01-01,Express,Consumer,Middle East,Gadgets,"Laptop Pro 14""",1566,6,639
ORD-004501,2025-08-10,Standard Class,Government,Middle East,Office Supplies,Smart Home Hub,1488,1,504
ORD-004502,2024-05-22,First Class,Government,Middle East,Accessories,Gaming Mouse RGB,454,8,49
ORD-004503,2025-12-06,Second Class,Education,Europe,Electronics,Wireless Charger Pad,2548,1,1016
ORD-004504,2025-07-11,First Class,Home Office,Africa,Accessories,Mechanical Keyboard,2287,7,305
ORD-004505,2024-03-05,Express,Corporate,South America,Accessories,"Laptop Pro 14""",1260,3,332
ORD-004506,2024-01-23,Express,Government,Middle East,Electronics,4K Webcam,969,6,261
ORD-004507,2025-10-31,Express,Small Business,Africa,Furniture,Smartphone Ultra,693,4,202
ORD-004508,2024-04-02,Express,Home Office,Europe,Furniture,Privacy Screen Protector,633,4,171
ORD-004509,2024-04-30,Standard Class,Home Office,South America,Furniture,Wireless Charger Pad,1812,6,597
ORD-004510,2024-04-28,Second Class,Corporate,Middle East,Furniture,4K Webcam,114,1,14
ORD-004511,2024-02-08,Express,Education,Europe,Gadgets,Mechanical Keyboard,917,5,107
ORD-004512,2024-10-17,Express,Corporate,Africa,Gadgets,Ergonomic Desk Chair,759,5,200
ORD-004513,2025-08-22,Standard Class,Corporate,Africa,Accessories,Ergonomic Desk Chair,1637,3,193
ORD-004514,2024-02-04,First Class,Consumer,North America,Electronics,Laptop Cooling Stand,307,5,91
ORD-004515,2024-04-06,Express,Consumer,Europe,Gadgets,Ergonomic Desk Chair,1125,1,91
ORD-004516,2025-04-22,Same Day,Consumer,Asia Pacific,Office Supplies,External SSD 1TB,2528,5,543
ORD-004517,2024-02-18,Second Class,Corporate,South America,Accessories,"Tablet Air 11""",1952,1,278
ORD-004518,2024-01-04,Standard Class,Corporate,North America,Electronics,Smart Watch Series 5,456,4,174
ORD-004519,2024-07-28,First Class,Education,Africa,Gadgets,Bluetooth Speaker,1706,5,729
ORD-004520,2024-01-03,Express,Government,Europe,Furniture,Gaming Mouse RGB,2013,1,315
ORD-004521,2025-01-27,Express,Consumer,Middle East,Gadgets,Privacy Screen Protector,320,6,31
ORD-004522,2025-06-01,Same Day,Corporate,Middle East,Furniture,Laptop Cooling Stand,2292,7,547
ORD-004523,2025-12-26,Same Day,Government,Europe,Electronics,External SSD 1TB,63,3,8
ORD-004524,2025-05-05,First Class,Consumer,North America,Electronics,Laptop Cooling Stand,1293,8,396
ORD-004525,2025-09-11,Same Day,Corporate,Europe,Furniture,Gaming Mouse RGB,1551,7,491
ORD-004526,2025-12-18,Express,Home Office,Asia Pacific,Gadgets,Standing Desk Frame,1799,8,461
ORD-004527,2024-12-06,First Class,Corporate,Africa,Furniture,"Laptop Pro 14""",1236,3,519
ORD-004528,2024-06-22,Same Day,Small Business,Middle East,Office Supplies,"Monitor 27"" 4K",431,6,126
ORD-004529,2025-04-28,Second Class,Government,North America,Electronics,"Tablet Air 11""",140,7,21
ORD-004530,2024-01-10,Same Day,Corporate,North America,Gadgets,Phone Case MagSafe,290,4,104
ORD-004531,2025-09-10,Same Day,Home Office,North America,Furniture,"Tablet Air 11""",1221,3,239
ORD-004532,2025-11-28,Express,Education,Middle East,Office Supplies,"Tablet Air 11""",236,8,47
ORD-004533,2025-06-24,Same Day,Government,North America,Electronics,Smart Watch Series 5,115,3,47
ORD-004534,2024-03-22,Second Class,Home Office,Africa,Furniture,"Tablet Air 11""",1978,1,667
ORD-004535,2024-12-31,Express,Government,Middle East,Electronics,Laptop Cooling Stand,244,6,45
ORD-004536,2024-12-26,Express,Corporate,Asia Pacific,Office Supplies,"Tablet Air 11""",2017,1,449
ORD-004537,2025-04-09,First Class,Home Office,Asia Pacific,Office Supplies,Standing Desk Frame,2297,5,203
ORD-004538,2025-06-24,Same Day,Consumer,Asia Pacific,Electronics,Laptop Cooling Stand,856,5,80
ORD-004539,2024-03-04,Same Day,Consumer,Asia Pacific,Accessories,Privacy Screen Protector,184,8,76
ORD-004540,2024-11-05,Express,Home Office,Europe,Furniture,Fitness Tracker Band,1618,4,665
ORD-004541,2025-06-16,Second Class,Corporate,North America,Electronics,USB-C Hub 7-in-1,1362,2,365
ORD-004542,2024-08-26,First Class,Corporate,South America,Gadgets,Gaming Mouse RGB,146,3,31
ORD-004543,2024-04-02,Standard Class,Education,Middle East,Office Supplies,Ergonomic Desk Chair,2490,2,1033
ORD-004544,2025-03-07,Standard Class,Corporate,Africa,Electronics,Laptop Cooling Stand,551,8,130
ORD-004545,2025-06-28,Standard Class,Government,Middle East,Accessories,"Tablet Air 11""",1866,5,185
ORD-004546,2025-09-20,First Class,Home Office,Asia Pacific,Accessories,"Tablet Air 11""",650,2,201
ORD-004547,2024-05-01,Second Class,Small Business,South America,Electronics,Ergonomic Desk Chair,915,4,377
ORD-004548,2024-06-10,First Class,Consumer,South America,Furniture,Mechanical Keyboard,992,4,283
ORD-004549,2025-07-15,Second Class,Consumer,Asia Pacific,Gadgets,Standing Desk Frame,1689,8,421
ORD-004550,2024-04-03,Express,Government,Europe,Furniture,Gaming Mouse RGB,2155,5,866
ORD-004551,2025-07-04,Second Class,Home Office,Middle East,Accessories,External SSD 1TB,1629,5,463
ORD-004552,2024-05-10,Second Class,Home Office,North America,Gadgets,Gaming Mouse RGB,1576,5,281
ORD-004553,2024-11-11,Second Class,Home Office,South America,Office Supplies,4K Webcam,280,2,99
ORD-004554,2024-04-24,First Class,Consumer,North America,Office Supplies,Gaming Mouse RGB,853,4,141
ORD-004555,2024-08-28,Standard Class,Home Office,North America,Office Supplies,Fitness Tracker Band,1305,4,112
ORD-004556,2025-10-10,Express,Government,South America,Gadgets,Standing Desk Frame,1479,3,534
ORD-004557,2025-11-25,Express,Education,South America,Electronics,USB-C Hub 7-in-1,1416,1,571
ORD-004558,2025-11-22,Same Day,Small Business,North America,Gadgets,Privacy Screen Protector,1803,5,436
ORD-004559,2024-04-27,Standard Class,Government,Middle East,Gadgets,Laptop Cooling Stand,302,6,112
ORD-004560,2024-09-30,Second Class,Home Office,South America,Office Supplies,4K Webcam,384,8,110
ORD-004561,2024-09-03,Express,Education,Middle East,Gadgets,"Laptop Pro 14""",2218,2,349
ORD-004562,2025-04-16,Second Class,Government,North America,Furniture,Bluetooth Speaker,645,2,102
ORD-004563,2024-10-25,Express,Home Office,Asia Pacific,Furniture,"Tablet Air 11""",1080,1,127
ORD-004564,2025-08-20,Express,Education,Middle East,Office Supplies,Wireless Noise Cancelling Headphones,1786,2,488
ORD-004565,2025-02-03,Express,Small Business,Asia Pacific,Office Supplies,Standing Desk Frame,657,4,96
ORD-004566,2025-12-13,Express,Corporate,Middle East,Accessories,"Monitor 27"" 4K",2175,4,861
ORD-004567,2024-07-17,Standard Class,Home Office,Africa,Accessories,Bluetooth Speaker,446,4,127
ORD-004568,2024-07-12,Second Class,Education,Asia Pacific,Accessories,Wireless Charger Pad,688,5,60
ORD-004569,2025-11-01,Second Class,Consumer,Africa,Accessories,Bluetooth Speaker,2198,3,702
ORD-004570,2025-07-05,Second Class,Consumer,Africa,Furniture,Smartphone Ultra,1614,4,569
ORD-004571,2025-08-28,First Class,Education,North America,Gadgets,Smart Watch Series 5,1935,5,496
ORD-004572,2025-11-16,Express,Consumer,Asia Pacific,Furniture,Laptop Cooling Stand,515,4,207
ORD-004573,2025-11-17,Same Day,Corporate,Middle East,Gadgets,Ergonomic Desk Chair,209,7,42
ORD-004574,2024-10-17,Standard Class,Consumer,North America,Gadgets,"Monitor 27"" 4K",1160,1,456
ORD-004575,2025-03-30,Same Day,Government,Asia Pacific,Electronics,Wireless Charger Pad,1593,1,285
ORD-004576,2024-12-16,First Class,Government,South America,Gadgets,"Tablet Air 11""",1342,5,176
ORD-004577,2025-01-18,Second Class,Corporate,Asia Pacific,Electronics,Bluetooth Speaker,1594,6,143
ORD-004578,2024-11-29,Same Day,Small Business,Asia Pacific,Gadgets,Privacy Screen Protector,1640,8,624
ORD-004579,2024-06-13,Second Class,Consumer,Middle East,Electronics,Wireless Noise Cancelling Headphones,1933,5,438
ORD-004580,2024-10-22,Express,Home Office,North America,Furniture,Standing Desk Frame,2478,3,799
ORD-004581,2025-02-07,Standard Class,Small Business,Africa,Office Supplies,Privacy Screen Protector,2044,2,474
ORD-004582,2024-02-25,Express,Corporate,North America,Accessories,External SSD 1TB,2090,3,850
ORD-004583,2025-12-27,Express,Corporate,Asia Pacific,Furniture,"Tablet Air 11""",642,8,143
ORD-004584,2024-11-13,Same Day,Home Office,South America,Office Supplies,Fitness Tracker Band,2464,2,634
ORD-004585,2025-01-03,Second Class,Corporate,Asia Pacific,Electronics,Smartphone Ultra,1588,7,439
ORD-004586,2025-09-13,Standard Class,Small Business,Africa,Accessories,Phone Case MagSafe,573,3,116
ORD-004587,2024-01-09,Standard Class,Education,Middle East,Office Supplies,Standing Desk Frame,739,6,156
ORD-004588,2024-05-03,Same Day,Education,Europe,Accessories,Gaming Mouse RGB,1746,6,703
ORD-004589,2024-02-22,Express,Consumer,Europe,Office Supplies,Ergonomic Desk Chair,2255,3,510
ORD-004590,2025-03-21,First Class,Small Business,Africa,Furniture,Smartphone Ultra,468,5,199
ORD-004591,2024-03-02,Standard Class,Education,Asia Pacific,Electronics,4K Webcam,1019,1,410
ORD-004592,2025-05-08,Standard Class,Corporate,Asia Pacific,Office Supplies,"Tablet Air 11""",1900,4,694
ORD-004593,2025-10-04,Same Day,Small Business,South America,Gadgets,Standing Desk Frame,1129,6,200
ORD-004594,2025-09-29,First Class,Corporate,Asia Pacific,Gadgets,Phone Case MagSafe,1199,6,141
ORD-004595,2024-10-27,Express,Home Office,Europe,Office Supplies,"Laptop Pro 14""",1280,2,440
ORD-004596,2024-03-10,Express,Government,Africa,Gadgets,Privacy Screen Protector,2234,2,522
ORD-004597,2025-05-24,First Class,Consumer,Africa,Gadgets,Wireless Noise Cancelling Headphones,1798,6,585
ORD-004598,2025-05-16,Express,Corporate,North America,Accessories,"Monitor 27"" 4K",2092,2,827
ORD-004599,2025-02-08,First Class,Consumer,South America,Furniture,Ergonomic Desk Chair,891,6,106
ORD-004600,2025-05-09,Same Day,Home Office,Africa,Furniture,Ergonomic Desk Chair,2199,1,661
ORD-004601,2025-01-06,First Class,Corporate,Middle East,Gadgets,"Laptop Pro 14""",421,1,141
ORD-004602,2025-01-31,Standard Class,Government,Africa,Electronics,External SSD 1TB,736,2,163
ORD-004603,2025-09-22,Standard Class,Education,South America,Gadgets,Standing Desk Frame,207,5,79
ORD-004604,2024-04-23,Standard Class,Corporate,North America,Electronics,Mechanical Keyboard,1932,8,354
ORD-004605,2025-10-05,Same Day,Government,North America,Gadgets,Privacy Screen Protector,1247,8,506
ORD-004606,2024-12-23,Standard Class,Small Business,North America,Furniture,Smart Home Hub,825,6,286
ORD-004607,2024-03-26,Standard Class,Education,North America,Gadgets,Smart Home Hub,1417,4,346
ORD-004608,2024-06-20,Second Class,Home Office,Asia Pacific,Office Supplies,Smartphone Ultra,1372,8,278
ORD-004609,2024-07-05,Express,Small Business,Africa,Electronics,Gaming Mouse RGB,1789,8,342
ORD-004610,2024-01-26,First Class,Education,Europe,Office Supplies,"Monitor 27"" 4K",1198,5,449
ORD-004611,2024-01-17,Second Class,Education,North America,Accessories,Ergonomic Desk Chair,2383,6,782
ORD-004612,2024-03-23,Second Class,Education,Asia Pacific,Gadgets,Laptop Cooling Stand,2412,4,645
ORD-004613,2024-02-08,First Class,Corporate,South America,Accessories,Wireless Charger Pad,1841,6,444
ORD-004614,2025-05-08,First Class,Government,Europe,Furniture,Bluetooth Speaker,2414,8,1007
ORD-004615,2024-04-29,Express,Small Business,Asia Pacific,Gadgets,"Laptop Pro 14""",2230,2,334
ORD-004616,2025-04-08,Same Day,Home Office,Africa,Electronics,Mechanical Keyboard,1902,4,525
ORD-004617,2024-12-02,Standard Class,Corporate,North America,Accessories,Laptop Cooling Stand,2538,3,1051
ORD-004618,2025-03-31,Second Class,Corporate,Asia Pacific,Electronics,Standing Desk Frame,2537,8,1053
ORD-004619,2025-03-26,First Class,Government,North America,Furniture,4K Webcam,2412,8,1002
ORD-004620,2024-10-06,First Class,Education,North America,Furniture,Gaming Mouse RGB,1983,4,745
ORD-004621,2025-08-13,Same Day,Home Office,North America,Accessories,Mechanical Keyboard,668,3,253
ORD-004622,2024-10-06,Express,Education,Asia Pacific,Furniture,Smartphone Ultra,2243,5,542
ORD-004623,2024-05-06,Express,Education,Asia Pacific,Furniture,Wireless Charger Pad,1706,4,441
ORD-004624,2024-11-26,Express,Education,South America,Office Supplies,Standing Desk Frame,2314,4,870
ORD-004625,2025-08-09,Standard Class,Consumer,Asia Pacific,Gadgets,Fitness Tracker Band,1055,4,212
ORD-004626,2024-06-20,First Class,Small Business,Europe,Office Supplies,Fitness Tracker Band,2093,1,240
ORD-004627,2025-12-21,Second Class,Corporate,Europe,Electronics,"Tablet Air 11""",1843,1,764
ORD-004628,2025-09-16,Standard Class,Education,South America,Accessories,Laptop Cooling Stand,755,4,139
ORD-004629,2024-04-30,First Class,Small Business,Europe,Gadgets,Standing Desk Frame,1816,2,220
ORD-004630,2025-06-26,Express,Government,South America,Office Supplies,"Monitor 27"" 4K",658,7,120
ORD-004631,2024-06-16,First Class,Government,South America,Furniture,External SSD 1TB,2407,8,906
ORD-004632,2024-10-17,Same Day,Government,Asia Pacific,Furniture,"Tablet Air 11""",1318,5,480
ORD-004633,2025-04-30,Same Day,Corporate,Europe,Office Supplies,Standing Desk Frame,2538,8,752
ORD-004634,2024-09-27,Second Class,Home Office,Europe,Accessories,Gaming Mouse RGB,1869,2,169
ORD-004635,2025-01-05,Standard Class,Corporate,Middle East,Accessories,Ergonomic Desk Chair,2262,3,659
ORD-004636,2025-02-21,Same Day,Corporate,Africa,Office Supplies,Wireless Charger Pad,2346,8,412
ORD-004637,2025-01-18,Same Day,Education,South America,Furniture,Ergonomic Desk Chair,320,8,52
ORD-004638,2025-06-04,Standard Class,Home Office,Middle East,Office Supplies,Laptop Cooling Stand,2377,8,914
ORD-004639,2025-10-22,Same Day,Education,North America,Gadgets,"Monitor 27"" 4K",867,7,140
ORD-004640,2024-12-23,Same Day,Home Office,South America,Accessories,"Monitor 27"" 4K",299,2,78
ORD-004641,2024-03-25,Same Day,Government,Asia Pacific,Furniture,Smart Watch Series 5,614,1,198
ORD-004642,2024-12-31,First Class,Corporate,Africa,Accessories,Gaming Mouse RGB,1935,7,555
ORD-004643,2024-06-21,Express,Home Office,South America,Electronics,"Monitor 27"" 4K",1973,3,828
ORD-004644,2025-01-09,Standard Class,Government,Middle East,Furniture,Bluetooth Speaker,2040,5,739
ORD-004645,2024-03-07,First Class,Education,Europe,Furniture,Privacy Screen Protector,2080,6,199
ORD-004646,2024-08-29,Standard Class,Home Office,North America,Furniture,Ergonomic Desk Chair,2411,2,221
ORD-004647,2024-09-25,Standard Class,Corporate,Europe,Furniture,Gaming Mouse RGB,564,3,224
ORD-004648,2024-10-15,Second Class,Education,Asia Pacific,Electronics,"Laptop Pro 14""",701,5,241
ORD-004649,2025-12-03,Same Day,Consumer,Asia Pacific,Furniture,USB-C Hub 7-in-1,1660,3,220
ORD-004650,2025-05-31,Same Day,Small Business,Europe,Accessories,Mechanical Keyboard,2037,4,623
ORD-004651,2024-04-30,Express,Consumer,Asia Pacific,Furniture,4K Webcam,2400,5,486
ORD-004652,2024-05-16,Same Day,Home Office,South America,Accessories,"Laptop Pro 14""",1633,5,406
ORD-004653,2024-05-12,Same Day,Corporate,Europe,Electronics,External SSD 1TB,815,3,228
ORD-004654,2025-12-16,Express,Government,South America,Office Supplies,"Monitor 27"" 4K",653,4,201
ORD-004655,2024-11-28,Second Class,Home Office,Middle East,Office Supplies,Gaming Mouse RGB,1426,7,130
ORD-004656,2025-11-08,Second Class,Corporate,Asia Pacific,Electronics,Laptop Cooling Stand,1914,8,473
ORD-004657,2025-12-17,First Class,Small Business,Europe,Furniture,Ergonomic Desk Chair,2394,2,699
ORD-004658,2024-02-21,Second Class,Consumer,Asia Pacific,Electronics,Smartphone Ultra,1242,1,202
ORD-004659,2025-02-13,Standard Class,Consumer,Europe,Accessories,Privacy Screen Protector,434,7,38
ORD-004660,2025-08-11,Second Class,Small Business,North America,Accessories,Fitness Tracker Band,426,7,178
ORD-004661,2025-08-24,Standard Class,Small Business,Europe,Electronics,Privacy Screen Protector,431,1,100
ORD-004662,2025-10-03,Second Class,Small Business,South America,Electronics,Wireless Charger Pad,1729,5,371
ORD-004663,2025-09-07,First Class,Consumer,Europe,Electronics,Gaming Mouse RGB,250,3,80
ORD-004664,2024-03-20,First Class,Education,Asia Pacific,Gadgets,Ergonomic Desk Chair,540,4,220
ORD-004665,2024-05-30,Second Class,Home Office,South America,Accessories,Bluetooth Speaker,941,1,107
ORD-004666,2024-09-30,First Class,Consumer,Africa,Furniture,Standing Desk Frame,456,5,65
ORD-004667,2024-07-15,Express,Education,Asia Pacific,Gadgets,Laptop Cooling Stand,85,8,19
ORD-004668,2024-05-02,First Class,Corporate,South America,Furniture,Smart Home Hub,2039,8,174
ORD-004669,2024-03-06,First Class,Home Office,Asia Pacific,Furniture,Wireless Noise Cancelling Headphones,1226,2,274
ORD-004670,2025-07-24,Standard Class,Government,Europe,Electronics,Ergonomic Desk Chair,1172,4,413
ORD-004671,2025-11-05,Second Class,Consumer,South America,Accessories,Wireless Noise Cancelling Headphones,342,2,64
ORD-004672,2024-09-02,First Class,Government,Asia Pacific,Gadgets,Bluetooth Speaker,54,1,19
ORD-004673,2024-11-23,Standard Class,Corporate,Middle East,Accessories,"Monitor 27"" 4K",1722,1,152
ORD-004674,2024-06-15,Same Day,Small Business,Asia Pacific,Accessories,Fitness Tracker Band,2179,8,194
ORD-004675,2024-09-13,First Class,Consumer,Asia Pacific,Electronics,Phone Case MagSafe,162,3,67
ORD-004676,2025-07-20,Second Class,Home Office,Asia Pacific,Gadgets,Standing Desk Frame,318,5,98
ORD-004677,2024-12-09,Second Class,Small Business,Middle East,Electronics,Ergonomic Desk Chair,1735,5,241
ORD-004678,2024-05-16,First Class,Home Office,Middle East,Electronics,Ergonomic Desk Chair,1154,4,141
ORD-004679,2024-06-23,Same Day,Education,Europe,Furniture,"Laptop Pro 14""",665,2,84
ORD-004680,2024-05-08,Standard Class,Consumer,Asia Pacific,Accessories,Smart Watch Series 5,1883,6,381
ORD-004681,2025-04-17,Same Day,Small Business,North America,Furniture,Laptop Cooling Stand,1194,2,482
ORD-004682,2025-11-15,First Class,Education,Europe,Gadgets,Fitness Tracker Band,1061,6,226
ORD-004683,2025-04-24,Express,Government,Africa,Electronics,Fitness Tracker Band,1541,4,389
ORD-004684,2024-12-07,Same Day,Consumer,North America,Accessories,Mechanical Keyboard,2125,7,666
ORD-004685,2025-10-08,Second Class,Small Business,Asia Pacific,Office Supplies,"Monitor 27"" 4K",533,3,115
ORD-004686,2024-09-06,Second Class,Corporate,Middle East,Gadgets,Wireless Charger Pad,274,1,74
ORD-004687,2025-06-24,Standard Class,Consumer,North America,Gadgets,Standing Desk Frame,859,3,198
ORD-004688,2024-03-16,Second Class,Corporate,Asia Pacific,Gadgets,Phone Case MagSafe,988,6,271
ORD-004689,2024-09-10,First Class,Small Business,Middle East,Furniture,Laptop Cooling Stand,1304,7,520
ORD-004690,2025-05-21,Standard Class,Education,South America,Gadgets,Ergonomic Desk Chair,1649,5,388
ORD-004691,2024-01-19,Express,Home Office,Middle East,Accessories,Privacy Screen Protector,2234,2,770
ORD-004692,2024-09-02,Second Class,Education,North America,Accessories,Ergonomic Desk Chair,2120,4,291
ORD-004693,2025-03-21,First Class,Education,Asia Pacific,Accessories,4K Webcam,1899,5,288
ORD-004694,2025-09-23,Express,Small Business,North America,Electronics,Wireless Noise Cancelling Headphones,187,2,46
ORD-004695,2024-04-23,First Class,Home Office,North America,Office Supplies,Gaming Mouse RGB,1648,4,421
ORD-004696,2024-02-26,Standard Class,Small Business,Middle East,Office Supplies,Smartphone Ultra,1695,2,222
ORD-004697,2024-09-29,Same Day,Education,South America,Furniture,Bluetooth Speaker,672,5,266
ORD-004698,2024-05-26,Standard Class,Consumer,Asia Pacific,Accessories,Laptop Cooling Stand,2138,8,423
ORD-004699,2024-06-16,Second Class,Consumer,Europe,Accessories,Mechanical Keyboard,465,4,117
ORD-004700,2025-11-07,Standard Class,Government,Asia Pacific,Furniture,Bluetooth Speaker,1031,6,379
ORD-004701,2024-07-05,Express,Consumer,Europe,Accessories,4K Webcam,617,8,97
ORD-004702,2024-01-31,First Class,Consumer,North America,Furniture,Laptop Cooling Stand,1810,7,469
ORD-004703,2025-10-15,Second Class,Small Business,North America,Office Supplies,Ergonomic Desk Chair,386,3,116
ORD-004704,2025-05-25,Same Day,Home Office,Asia Pacific,Gadgets,Ergonomic Desk Chair,63,1,18
ORD-004705,2025-06-08,First Class,Government,Middle East,Furniture,Ergonomic Desk Chair,1079,8,345
ORD-004706,2025-10-30,Standard Class,Home Office,Europe,Furniture,Smart Home Hub,530,5,138
ORD-004707,2025-07-24,Standard Class,Small Business,Asia Pacific,Furniture,4K Webcam,1576,8,607
ORD-004708,2025-10-29,First Class,Home Office,Africa,Gadgets,Gaming Mouse RGB,583,5,151
ORD-004709,2025-05-16,Standard Class,Consumer,South America,Electronics,Wireless Charger Pad,888,7,155
ORD-004710,2024-04-10,First Class,Consumer,Middle East,Office Supplies,Gaming Mouse RGB,1285,3,416
ORD-004711,2025-07-17,Express,Corporate,Europe,Furniture,Wireless Charger Pad,2449,2,349
ORD-004712,2024-05-08,Express,Home Office,Europe,Office Supplies,Fitness Tracker Band,1792,6,595
ORD-004713,2025-09-20,Same Day,Government,South America,Gadgets,Wireless Noise Cancelling Headphones,1347,6,291
ORD-004714,2024-03-10,Standard Class,Education,South America,Office Supplies,External SSD 1TB,1946,8,436
ORD-004715,2024-01-04,Standard Class,Government,Africa,Gadgets,Ergonomic Desk Chair,2129,3,265
ORD-004716,2024-09-30,Express,Corporate,North America,Office Supplies,Smart Home Hub,2528,7,364
ORD-004717,2025-01-17,Same Day,Education,Europe,Electronics,Smart Watch Series 5,989,6,312
ORD-004718,2024-11-01,Same Day,Corporate,Middle East,Electronics,Wireless Charger Pad,100,6,40
ORD-004719,2024-10-27,First Class,Education,Africa,Gadgets,Privacy Screen Protector,880,2,253
ORD-004720,2025-02-02,Second Class,Corporate,South America,Gadgets,USB-C Hub 7-in-1,1950,5,822
ORD-004721,2025-07-24,Second Class,Home Office,Europe,Gadgets,Mechanical Keyboard,392,3,132
ORD-004722,2025-12-09,Standard Class,Government,South America,Gadgets,Fitness Tracker Band,468,6,189
ORD-004723,2024-05-26,First Class,Education,South America,Furniture,Smart Home Hub,670,2,247
ORD-004724,2025-12-01,Same Day,Consumer,South America,Gadgets,"Laptop Pro 14""",1103,2,269
ORD-004725,2024-10-08,Standard Class,Education,South America,Furniture,Ergonomic Desk Chair,776,8,107
ORD-004726,2025-01-22,Standard Class,Consumer,Asia Pacific,Gadgets,"Tablet Air 11""",63,6,25
ORD-004727,2025-05-27,Same Day,Education,South America,Furniture,"Tablet Air 11""",412,2,159
ORD-004728,2025-05-24,First Class,Small Business,Asia Pacific,Office Supplies,Gaming Mouse RGB,1249,3,477
ORD-004729,2024-09-11,Second Class,Corporate,North America,Gadgets,Laptop Cooling Stand,673,1,115
ORD-004730,2024-11-12,Standard Class,Consumer,Africa,Accessories,External SSD 1TB,2337,4,850
ORD-004731,2025-09-15,Second Class,Home Office,North America,Furniture,Gaming Mouse RGB,1838,2,764
ORD-004732,2025-07-03,Second Class,Corporate,Asia Pacific,Furniture,External SSD 1TB,927,7,115
ORD-004733,2025-08-21,Same Day,Consumer,Asia Pacific,Gadgets,External SSD 1TB,1318,4,223
ORD-004734,2024-02-08,Second Class,Consumer,North America,Gadgets,Phone Case MagSafe,267,4,106
ORD-004735,2024-12-24,First Class,Corporate,Middle East,Accessories,Laptop Cooling Stand,1509,5,218
ORD-004736,2025-12-25,Express,Home Office,North America,Furniture,Privacy Screen Protector,942,8,115
ORD-004737,2024-02-16,Standard Class,Government,South America,Electronics,Smartphone Ultra,1896,6,502
ORD-004738,2025-07-13,Same Day,Small Business,Middle East,Furniture,4K Webcam,1007,2,371
ORD-004739,2025-01-07,Same Day,Government,North America,Office Supplies,Smart Watch Series 5,528,1,224
ORD-004740,2025-02-23,Second Class,Government,Africa,Accessories,Phone Case MagSafe,1722,8,460
ORD-004741,2025-08-09,Second Class,Consumer,Africa,Electronics,Smart Watch Series 5,1480,4,161
ORD-004742,2025-12-21,Second Class,Home Office,Africa,Electronics,Phone Case MagSafe,235,7,80
ORD-004743,2024-08-07,Second Class,Small Business,Middle East,Furniture,Smart Home Hub,1094,8,294
ORD-004744,2025-06-06,Second Class,Government,Europe,Accessories,Fitness Tracker Band,857,6,203
ORD-004745,2024-04-09,Express,Education,Middle East,Accessories,Mechanical Keyboard,438,4,36
ORD-004746,2025-06-19,Express,Education,North America,Accessories,Privacy Screen Protector,1525,1,308
ORD-004747,2024-03-23,Same Day,Consumer,Middle East,Electronics,Fitness Tracker Band,1703,5,713
ORD-004748,2025-12-03,Same Day,Small Business,Europe,Office Supplies,Standing Desk Frame,1310,3,333
ORD-004749,2025-10-27,Second Class,Home Office,Africa,Office Supplies,External SSD 1TB,782,4,121
ORD-004750,2025-02-13,Express,Consumer,Europe,Office Supplies,External SSD 1TB,670,3,189
ORD-004751,2025-11-23,Same Day,Government,South America,Accessories,Privacy Screen Protector,658,1,221
ORD-004752,2025-10-12,Same Day,Home Office,North America,Furniture,Smart Home Hub,743,4,110
ORD-004753,2025-03-29,Standard Class,Government,Asia Pacific,Accessories,Ergonomic Desk Chair,563,5,150
ORD-004754,2025-08-15,Express,Small Business,Africa,Accessories,Smartphone Ultra,2511,1,900
ORD-004755,2024-07-23,Second Class,Small Business,Africa,Furniture,"Laptop Pro 14""",2004,5,837
ORD-004756,2025-09-24,Express,Home Office,North America,Accessories,4K Webcam,1896,1,284
ORD-004757,2025-01-07,First Class,Education,Middle East,Accessories,Wireless Charger Pad,644,5,205
ORD-004758,2025-01-31,Standard Class,Home Office,Africa,Electronics,Mechanical Keyboard,103,4,23
ORD-004759,2025-08-12,First Class,Corporate,Asia Pacific,Office Supplies,Privacy Screen Protector,401,3,97
ORD-004760,2024-09-05,Standard Class,Corporate,Europe,Electronics,"Laptop Pro 14""",1847,4,524
ORD-004761,2024-01-26,Same Day,Corporate,Europe,Electronics,"Monitor 27"" 4K",295,5,119
ORD-004762,2024-11-10,Same Day,Consumer,Africa,Accessories,Smartphone Ultra,911,2,129
ORD-004763,2024-01-07,Second Class,Home Office,North America,Office Supplies,Standing Desk Frame,2429,3,634
ORD-004764,2025-04-09,Second Class,Corporate,North America,Gadgets,Fitness Tracker Band,2430,5,273
ORD-004765,2025-02-05,Standard Class,Home Office,Africa,Furniture,Wireless Noise Cancelling Headphones,1674,6,431
ORD-004766,2025-02-17,Standard Class,Small Business,Europe,Furniture,"Laptop Pro 14""",658,6,156
ORD-004767,2024-06-26,Second Class,Small Business,Africa,Office Supplies,Smart Watch Series 5,1001,6,361
ORD-004768,2025-06-06,Express,Consumer,Middle East,Gadgets,"Tablet Air 11""",264,7,79
ORD-004769,2024-10-08,Standard Class,Government,Middle East,Gadgets,Bluetooth Speaker,799,8,150
ORD-004770,2025-07-10,Second Class,Government,South America,Accessories,External SSD 1TB,1340,3,467
ORD-004771,2024-08-22,Second Class,Small Business,Middle East,Furniture,Fitness Tracker Band,840,3,302
ORD-004772,2025-11-04,Second Class,Corporate,South America,Electronics,Standing Desk Frame,1493,6,551
ORD-004773,2025-02-28,Standard Class,Home Office,Europe,Gadgets,Phone Case MagSafe,2252,5,890
ORD-004774,2025-06-26,Second Class,Consumer,Asia Pacific,Furniture,"Tablet Air 11""",789,4,195
ORD-004775,2025-09-24,Second Class,Government,Europe,Office Supplies,Phone Case MagSafe,2024,3,399
ORD-004776,2024-06-12,First Class,Small Business,Africa,Office Supplies,Smart Home Hub,1413,6,150
ORD-004777,2025-12-17,Same Day,Consumer,North America,Accessories,Smart Home Hub,154,4,47
ORD-004778,2024-12-09,Standard Class,Small Business,Africa,Furniture,Bluetooth Speaker,2238,6,914
ORD-004779,2025-08-12,Second Class,Small Business,South America,Office Supplies,Smart Home Hub,1083,1,369
ORD-004780,2025-04-10,Second Class,Home Office,North America,Gadgets,Smart Watch Series 5,1791,7,184
ORD-004781,2025-10-06,Same Day,Education,Asia Pacific,Electronics,Smartphone Ultra,1934,6,777
ORD-004782,2024-05-30,Standard Class,Home Office,Asia Pacific,Electronics,"Monitor 27"" 4K",2458,1,448
ORD-004783,2024-08-25,Same Day,Small Business,Middle East,Accessories,"Tablet Air 11""",866,3,288
ORD-004784,2025-08-12,Standard Class,Home Office,Middle East,Gadgets,"Laptop Pro 14""",2033,2,391
ORD-004785,2025-06-22,First Class,Education,Europe,Electronics,Smart Watch Series 5,1059,4,428
ORD-004786,2025-03-08,Standard Class,Corporate,Africa,Electronics,Wireless Noise Cancelling Headphones,987,2,109
ORD-004787,2025-01-03,Standard Class,Small Business,Africa,Furniture,Smartphone Ultra,779,7,85
ORD-004788,2024-03-28,Express,Small Business,Europe,Accessories,Wireless Noise Cancelling Headphones,441,6,121
ORD-004789,2025-11-13,Express,Education,Europe,Furniture,Standing Desk Frame,1408,7,307
ORD-004790,2024-10-05,First Class,Small Business,South America,Electronics,Smart Home Hub,1096,8,283
ORD-004791,2024-01-10,Express,Education,Europe,Electronics,Standing Desk Frame,1972,1,391
ORD-004792,2024-07-07,Express,Small Business,North America,Furniture,"Monitor 27"" 4K",1763,8,314
ORD-004793,2024-08-17,Standard Class,Consumer,Europe,Gadgets,Smart Watch Series 5,1661,5,579
ORD-004794,2024-01-30,Same Day,Corporate,Asia Pacific,Gadgets,"Monitor 27"" 4K",2534,3,834
ORD-004795,2025-03-26,Standard Class,Education,North America,Gadgets,Fitness Tracker Band,2387,8,280
ORD-004796,2025-11-28,Express,Consumer,Africa,Gadgets,Wireless Noise Cancelling Headphones,973,7,136
ORD-004797,2024-04-15,First Class,Consumer,Middle East,Gadgets,"Laptop Pro 14""",1231,7,169
ORD-004798,2025-04-17,Express,Consumer,North America,Gadgets,Smart Watch Series 5,1896,6,188
ORD-004799,2025-01-08,Same Day,Home Office,Middle East,Furniture,Fitness Tracker Band,265,5,104
ORD-004800,2024-04-01,Second Class,Education,Middle East,Office Supplies,Gaming Mouse RGB,588,2,122
ORD-004801,2024-03-22,Express,Consumer,Middle East,Accessories,Privacy Screen Protector,1953,8,270
ORD-004802,2025-11-02,Same Day,Corporate,South America,Electronics,Smartphone Ultra,1179,5,253
ORD-004803,2025-11-08,Same Day,Home Office,Europe,Accessories,"Monitor 27"" 4K",219,6,20
ORD-004804,2024-04-20,First Class,Home Office,North America,Accessories,Smart Home Hub,1928,4,515
ORD-004805,2024-08-10,Same Day,Home Office,Europe,Furniture,"Tablet Air 11""",876,5,177
ORD-004806,2025-04-28,Second Class,Consumer,Asia Pacific,Accessories,Smart Watch Series 5,2200,8,497
ORD-004807,2024-12-03,Standard Class,Consumer,Asia Pacific,Office Supplies,4K Webcam,527,5,224
ORD-004808,2025-10-29,Second Class,Education,Africa,Accessories,"Laptop Pro 14""",1251,4,435
ORD-004809,2024-07-21,Standard Class,Government,South America,Office Supplies,Mechanical Keyboard,2085,6,486
ORD-004810,2024-06-24,Express,Small Business,Europe,Accessories,Wireless Charger Pad,2038,7,170
ORD-004811,2024-05-28,Same Day,Consumer,Asia Pacific,Gadgets,Mechanical Keyboard,1455,3,177
ORD-004812,2024-02-07,Same Day,Corporate,South America,Office Supplies,Standing Desk Frame,2484,1,473
ORD-004813,2025-07-30,Same Day,Government,South America,Gadgets,Ergonomic Desk Chair,1617,6,169
ORD-004814,2025-12-29,Second Class,Education,North America,Gadgets,4K Webcam,69,6,23
ORD-004815,2024-10-09,Second Class,Consumer,South America,Electronics,Ergonomic Desk Chair,2210,1,700
ORD-004816,2025-06-06,Same Day,Corporate,South America,Accessories,Wireless Noise Cancelling Headphones,1671,6,311
ORD-004817,2024-02-24,First Class,Government,North America,Gadgets,4K Webcam,439,1,102
ORD-004818,2024-06-14,Express,Government,North America,Furniture,Privacy Screen Protector,841,4,278
ORD-004819,2025-03-06,Express,Education,Africa,Accessories,Smart Watch Series 5,2251,7,633
ORD-004820,2025-07-25,First Class,Consumer,Europe,Electronics,Fitness Tracker Band,1879,5,270
ORD-004821,2025-11-21,Standard Class,Corporate,South America,Accessories,Wireless Charger Pad,1890,4,633
ORD-004822,2025-10-28,Same Day,Consumer,Middle East,Furniture,Standing Desk Frame,646,7,109
ORD-004823,2025-07-29,Same Day,Small Business,Africa,Gadgets,"Laptop Pro 14""",1041,5,232
ORD-004824,2025-05-19,Express,Corporate,Europe,Furniture,Phone Case MagSafe,1997,1,536
ORD-004825,2025-09-19,Standard Class,Consumer,Europe,Gadgets,Standing Desk Frame,534,6,148
ORD-004826,2025-06-26,Express,Corporate,Africa,Furniture,Mechanical Keyboard,1887,1,716
ORD-004827,2025-05-03,Standard Class,Corporate,South America,Gadgets,External SSD 1TB,1472,8,381
ORD-004828,2025-12-27,First Class,Corporate,North America,Electronics,Mechanical Keyboard,1666,7,356
ORD-004829,2024-06-30,Same Day,Education,Africa,Electronics,Fitness Tracker Band,147,4,53
ORD-004830,2024-05-30,Same Day,Education,Asia Pacific,Office Supplies,"Tablet Air 11""",1751,5,403
ORD-004831,2025-05-11,First Class,Small Business,Asia Pacific,Furniture,USB-C Hub 7-in-1,1147,4,273
ORD-004832,2024-11-17,Standard Class,Consumer,Middle East,Furniture,Smart Home Hub,1968,5,446
ORD-004833,2025-10-07,Standard Class,Consumer,Africa,Accessories,"Laptop Pro 14""",2103,3,197
ORD-004834,2025-02-05,Express,Corporate,Africa,Office Supplies,Mechanical Keyboard,1664,2,376
ORD-004835,2024-07-16,Standard Class,Consumer,North America,Electronics,Mechanical Keyboard,1333,5,418
ORD-004836,2024-10-07,First Class,Corporate,Asia Pacific,Gadgets,Smart Watch Series 5,945,4,103
ORD-004837,2025-03-31,Standard Class,Small Business,North America,Office Supplies,"Laptop Pro 14""",950,4,101
ORD-004838,2024-09-02,Standard Class,Corporate,South America,Furniture,Laptop Cooling Stand,1645,6,629
ORD-004839,2024-07-09,Second Class,Home Office,Middle East,Furniture,Smart Watch Series 5,2190,1,700
ORD-004840,2024-12-13,Express,Small Business,South America,Furniture,Phone Case MagSafe,1227,1,399
ORD-004841,2025-01-10,Second Class,Consumer,Middle East,Gadgets,"Laptop Pro 14""",764,5,195
ORD-004842,2024-11-11,Express,Small Business,South America,Office Supplies,Standing Desk Frame,1919,2,806
ORD-004843,2025-07-15,Standard Class,Corporate,Africa,Gadgets,"Monitor 27"" 4K",2084,5,267
ORD-004844,2024-03-27,Same Day,Government,Middle East,Furniture,USB-C Hub 7-in-1,179,8,33
ORD-004845,2025-05-18,Standard Class,Education,Europe,Electronics,External SSD 1TB,1573,1,189
ORD-004846,2025-10-17,Second Class,Home Office,North America,Gadgets,Fitness Tracker Band,1823,5,493
ORD-004847,2024-05-07,Same Day,Consumer,Asia Pacific,Accessories,Smart Home Hub,1582,2,358
ORD-004848,2025-12-23,Second Class,Consumer,Asia Pacific,Gadgets,"Monitor 27"" 4K",1075,2,355
ORD-004849,2025-04-10,First Class,Education,Europe,Furniture,Bluetooth Speaker,905,4,382
ORD-004850,2025-10-23,First Class,Education,Africa,Electronics,Gaming Mouse RGB,1004,6,354
ORD-004851,2025-01-23,Express,Home Office,South America,Office Supplies,Gaming Mouse RGB,185,1,45
ORD-004852,2025-01-10,Same Day,Government,Middle East,Furniture,"Monitor 27"" 4K",1122,7,386
ORD-004853,2024-06-27,Same Day,Education,North America,Office Supplies,Standing Desk Frame,1937,5,229
ORD-004854,2024-04-19,Express,Corporate,Europe,Accessories,Ergonomic Desk Chair,2462,2,465
ORD-004855,2024-07-04,Same Day,Home Office,Africa,Gadgets,USB-C Hub 7-in-1,1788,3,690
ORD-004856,2024-08-19,Second Class,Government,Asia Pacific,Accessories,Mechanical Keyboard,1872,6,306
ORD-004857,2024-03-17,Same Day,Government,Africa,Electronics,Standing Desk Frame,1160,4,413
ORD-004858,2025-09-12,First Class,Corporate,Africa,Accessories,Bluetooth Speaker,2539,5,617
ORD-004859,2024-08-17,First Class,Education,North America,Electronics,Laptop Cooling Stand,1912,5,411
ORD-004860,2025-12-21,Express,Education,South America,Gadgets,Ergonomic Desk Chair,1096,7,263
ORD-004861,2025-08-03,Same Day,Education,Europe,Electronics,Privacy Screen Protector,822,3,125
ORD-004862,2025-09-05,Standard Class,Consumer,Europe,Furniture,Wireless Noise Cancelling Headphones,351,3,55
ORD-004863,2025-04-15,Same Day,Small Business,Middle East,Accessories,External SSD 1TB,285,3,103
ORD-004864,2025-02-26,Express,Corporate,Africa,Electronics,4K Webcam,1420,1,187
ORD-004865,2025-07-13,First Class,Small Business,Europe,Accessories,4K Webcam,2087,7,428
ORD-004866,2025-07-25,Express,Home Office,Asia Pacific,Electronics,Ergonomic Desk Chair,258,4,41
ORD-004867,2025-12-17,Standard Class,Government,Asia Pacific,Gadgets,Fitness Tracker Band,460,5,136
ORD-004868,2025-07-06,Express,Consumer,Asia Pacific,Office Supplies,Privacy Screen Protector,1309,7,256
ORD-004869,2024-04-13,Same Day,Consumer,South America,Furniture,"Tablet Air 11""",950,7,114
ORD-004870,2025-10-25,Standard Class,Consumer,Africa,Office Supplies,Bluetooth Speaker,687,8,75
ORD-004871,2025-11-15,First Class,Consumer,North America,Accessories,Privacy Screen Protector,520,2,46
ORD-004872,2024-10-06,Standard Class,Corporate,Asia Pacific,Electronics,External SSD 1TB,1287,1,122
ORD-004873,2025-04-17,Express,Education,Africa,Electronics,External SSD 1TB,828,4,200
ORD-004874,2025-08-03,Same Day,Government,North America,Gadgets,Privacy Screen Protector,258,4,109
ORD-004875,2025-10-06,Same Day,Home Office,Asia Pacific,Office Supplies,Mechanical Keyboard,52,3,19
ORD-004876,2025-12-25,Express,Education,Middle East,Furniture,Ergonomic Desk Chair,855,1,229
ORD-004877,2024-01-30,Same Day,Government,Africa,Electronics,Wireless Noise Cancelling Headphones,480,2,153
ORD-004878,2024-10-11,Second Class,Home Office,South America,Gadgets,"Tablet Air 11""",496,4,138
ORD-004879,2024-05-15,Express,Education,Africa,Accessories,Smart Watch Series 5,616,6,228
ORD-004880,2025-04-28,Second Class,Corporate,Africa,Gadgets,Smart Home Hub,2130,5,369
ORD-004881,2025-09-18,Second Class,Corporate,Middle East,Gadgets,Wireless Charger Pad,2521,1,341
ORD-004882,2024-06-23,Second Class,Education,Europe,Electronics,Ergonomic Desk Chair,710,8,299
ORD-004883,2025-02-13,Standard Class,Consumer,Europe,Accessories,External SSD 1TB,1772,1,221
ORD-004884,2025-04-15,Same Day,Government,Middle East,Gadgets,Gaming Mouse RGB,1879,5,565
ORD-004885,2025-07-12,Second Class,Corporate,Europe,Accessories,Smart Home Hub,1433,1,136
ORD-004886,2025-01-15,Express,Small Business,Asia Pacific,Gadgets,Mechanical Keyboard,858,1,109
ORD-004887,2024-09-29,Second Class,Consumer,Europe,Electronics,Fitness Tracker Band,716,4,284
ORD-004888,2024-02-22,Express,Education,South America,Furniture,Smart Watch Series 5,1471,6,228
ORD-004889,2024-10-04,Same Day,Education,Middle East,Office Supplies,Smartphone Ultra,2315,2,650
ORD-004890,2024-03-30,Standard Class,Corporate,Africa,Gadgets,Standing Desk Frame,148,3,41
ORD-004891,2024-03-26,Standard Class,Consumer,South America,Accessories,Smart Home Hub,919,4,256
ORD-004892,2025-04-17,Standard Class,Home Office,Middle East,Gadgets,Wireless Charger Pad,1531,2,640
ORD-004893,2024-08-28,Second Class,Government,North America,Gadgets,"Tablet Air 11""",1758,7,362
ORD-004894,2024-05-12,First Class,Government,Middle East,Electronics,Mechanical Keyboard,899,2,79
ORD-004895,2025-06-03,Express,Corporate,South America,Accessories,Smart Home Hub,258,6,80
ORD-004896,2024-04-07,Same Day,Home Office,Asia Pacific,Furniture,4K Webcam,1135,6,420
ORD-004897,2025-11-15,Second Class,Education,North America,Accessories,Phone Case MagSafe,611,6,260
ORD-004898,2025-07-06,Express,Education,North America,Gadgets,Fitness Tracker Band,1574,3,210
ORD-004899,2024-02-21,Express,Small Business,Africa,Office Supplies,Wireless Noise Cancelling Headphones,156,5,22
ORD-004900,2025-06-18,Express,Education,South America,Accessories,Privacy Screen Protector,126,8,28
ORD-004901,2025-10-13,Second Class,Home Office,South America,Office Supplies,Standing Desk Frame,2543,5,379
ORD-004902,2025-05-18,Same Day,Education,Asia Pacific,Electronics,Gaming Mouse RGB,2265,7,291
ORD-004903,2024-08-18,Standard Class,Corporate,North America,Furniture,Mechanical Keyboard,2344,7,193
ORD-004904,2025-05-05,Second Class,Education,North America,Gadgets,External SSD 1TB,1890,2,259
ORD-004905,2024-03-09,Second Class,Government,Asia Pacific,Furniture,Wireless Charger Pad,2211,4,287
ORD-004906,2024-10-21,Same Day,Education,Asia Pacific,Electronics,"Monitor 27"" 4K",2296,8,963
ORD-004907,2024-12-02,Same Day,Consumer,South America,Electronics,Fitness Tracker Band,547,7,216
ORD-004908,2025-06-19,Second Class,Corporate,North America,Electronics,"Laptop Pro 14""",1316,5,150
ORD-004909,2025-11-10,Second Class,Government,Asia Pacific,Office Supplies,Laptop Cooling Stand,744,8,300
ORD-004910,2025-05-18,Standard Class,Government,North America,Electronics,"Monitor 27"" 4K",306,6,116
ORD-004911,2024-12-10,First Class,Education,Europe,Furniture,4K Webcam,1946,6,597
ORD-004912,2025-01-15,Second Class,Consumer,North America,Accessories,Wireless Charger Pad,114,8,23
ORD-004913,2024-04-30,Standard Class,Small Business,South America,Accessories,Smart Watch Series 5,2364,8,447
ORD-004914,2025-03-08,Standard Class,Home Office,Africa,Accessories,Bluetooth Speaker,855,4,323
ORD-004915,2024-01-21,Standard Class,Corporate,Asia Pacific,Furniture,Privacy Screen Protector,975,6,413
ORD-004916,2024-03-30,Standard Class,Education,Africa,Electronics,Wireless Charger Pad,2022,7,359
ORD-004917,2024-04-06,Express,Education,South America,Furniture,USB-C Hub 7-in-1,413,4,46
ORD-004918,2025-05-29,Second Class,Education,North America,Accessories,"Laptop Pro 14""",1239,2,172
ORD-004919,2024-04-06,Standard Class,Education,North America,Office Supplies,"Laptop Pro 14""",1508,2,518
ORD-004920,2025-03-29,Second Class,Corporate,Europe,Accessories,Phone Case MagSafe,910,7,169
ORD-004921,2025-07-05,Second Class,Government,South America,Office Supplies,Laptop Cooling Stand,825,1,100
ORD-004922,2024-06-25,Second Class,Consumer,Africa,Electronics,Standing Desk Frame,573,8,155
ORD-004923,2024-06-19,Express,Home Office,Middle East,Office Supplies,"Laptop Pro 14""",647,5,254
ORD-004924,2024-01-17,Same Day,Small Business,South America,Electronics,Laptop Cooling Stand,70,8,6
ORD-004925,2025-06-23,Second Class,Education,South America,Office Supplies,"Tablet Air 11""",627,1,109
ORD-004926,2024-07-14,Same Day,Small Business,Europe,Accessories,Standing Desk Frame,596,3,122
ORD-004927,2024-10-27,Second Class,Small Business,Africa,Electronics,Bluetooth Speaker,627,4,81
ORD-004928,2024-04-12,Standard Class,Small Business,North America,Electronics,Ergonomic Desk Chair,1304,5,550
ORD-004929,2024-11-13,Same Day,Small Business,Africa,Accessories,Fitness Tracker Band,1981,4,845
ORD-004930,2024-05-24,Express,Home Office,Europe,Accessories,Gaming Mouse RGB,161,6,32
ORD-004931,2024-09-23,Standard Class,Corporate,North America,Accessories,Privacy Screen Protector,1147,8,207
ORD-004932,2025-01-13,Same Day,Education,South America,Accessories,Laptop Cooling Stand,87,6,25
ORD-004933,2024-12-04,Same Day,Education,Middle East,Gadgets,Bluetooth Speaker,1047,3,417
ORD-004934,2024-09-30,Second Class,Government,South America,Gadgets,"Monitor 27"" 4K",534,7,55
ORD-004935,2025-06-30,Same Day,Government,North America,Gadgets,Ergonomic Desk Chair,454,2,57
ORD-004936,2024-10-09,Standard Class,Consumer,South America,Electronics,Phone Case MagSafe,2265,5,346
ORD-004937,2025-09-30,Same Day,Corporate,Africa,Furniture,"Monitor 27"" 4K",2154,4,738
ORD-004938,2025-12-25,Standard Class,Home Office,North America,Electronics,External SSD 1TB,98,1,9
ORD-004939,2025-01-20,Express,Consumer,Asia Pacific,Accessories,Smart Watch Series 5,2516,4,284
ORD-004940,2024-01-16,Same Day,Education,Europe,Office Supplies,Bluetooth Speaker,771,1,305
ORD-004941,2024-08-19,Express,Government,Europe,Gadgets,External SSD 1TB,1927,4,730
ORD-004942,2024-01-23,Same Day,Consumer,Africa,Accessories,Fitness Tracker Band,1695,1,530
ORD-004943,2024-11-30,Express,Small Business,Europe,Office Supplies,Smart Home Hub,233,4,99
ORD-004944,2024-10-21,Same Day,Home Office,Europe,Office Supplies,"Laptop Pro 14""",2063,4,701
ORD-004945,2025-05-22,Second Class,Education,Middle East,Office Supplies,Ergonomic Desk Chair,1695,2,246
ORD-004946,2024-08-06,Same Day,Home Office,Asia Pacific,Office Supplies,Mechanical Keyboard,400,1,92
ORD-004947,2025-09-05,First Class,Small Business,Asia Pacific,Electronics,Bluetooth Speaker,1667,7,312
ORD-004948,2024-01-16,Standard Class,Small Business,Asia Pacific,Gadgets,"Laptop Pro 14""",1369,1,518
ORD-004949,2025-05-28,Standard Class,Small Business,Asia Pacific,Accessories,USB-C Hub 7-in-1,967,8,170
ORD-004950,2025-08-14,Same Day,Home Office,North America,Gadgets,4K Webcam,1660,6,540
ORD-004951,2024-07-29,Same Day,Government,North America,Electronics,Bluetooth Speaker,1718,1,589
ORD-004952,2024-12-22,Second Class,Government,Europe,Furniture,"Monitor 27"" 4K",881,1,256
ORD-004953,2025-12-12,Same Day,Small Business,Africa,Accessories,Wireless Noise Cancelling Headphones,1868,7,659
ORD-004954,2025-10-02,Express,Home Office,Asia Pacific,Office Supplies,USB-C Hub 7-in-1,1214,8,252
ORD-004955,2024-05-30,Express,Corporate,Asia Pacific,Electronics,USB-C Hub 7-in-1,1562,7,585
ORD-004956,2024-04-12,Second Class,Small Business,Europe,Gadgets,Gaming Mouse RGB,2040,8,752
ORD-004957,2024-07-10,Express,Consumer,North America,Electronics,"Monitor 27"" 4K",2229,7,683
ORD-004958,2024-10-26,Express,Small Business,Europe,Gadgets,Ergonomic Desk Chair,1311,1,236
ORD-004959,2024-03-21,Express,Corporate,Europe,Electronics,Smart Watch Series 5,1725,1,412
ORD-004960,2025-04-08,Same Day,Corporate,Europe,Office Supplies,4K Webcam,1053,3,142
ORD-004961,2024-08-26,Standard Class,Small Business,Africa,Gadgets,Fitness Tracker Band,1980,6,364
ORD-004962,2025-09-17,Standard Class,Government,Asia Pacific,Gadgets,Privacy Screen Protector,2497,7,249
ORD-004963,2024-04-05,Express,Corporate,Middle East,Electronics,Mechanical Keyboard,1478,2,447
ORD-004964,2024-08-06,Second Class,Corporate,Middle East,Electronics,"Monitor 27"" 4K",1825,3,368
ORD-004965,2025-08-19,First Class,Consumer,North America,Gadgets,Phone Case MagSafe,2064,6,463
ORD-004966,2024-11-19,First Class,Education,Europe,Gadgets,Wireless Noise Cancelling Headphones,1900,7,465
ORD-004967,2024-12-14,First Class,Education,Asia Pacific,Gadgets,Phone Case MagSafe,934,3,203
ORD-004968,2024-09-15,First Class,Education,Asia Pacific,Electronics,Wireless Noise Cancelling Headphones,517,1,156
ORD-004969,2024-07-05,Express,Home Office,Africa,Electronics,Privacy Screen Protector,2101,6,376
ORD-004970,2025-03-28,Express,Consumer,Africa,Office Supplies,Standing Desk Frame,1689,8,391
ORD-004971,2025-03-01,Express,Home Office,Africa,Office Supplies,Ergonomic Desk Chair,2383,2,853
ORD-004972,2024-03-30,First Class,Small Business,Africa,Electronics,Smartphone Ultra,1672,8,217
ORD-004973,2025-07-11,Same Day,Government,North America,Accessories,"Laptop Pro 14""",278,5,84
ORD-004974,2024-12-22,First Class,Consumer,North America,Accessories,Smart Home Hub,943,8,181
ORD-004975,2024-06-15,Standard Class,Small Business,North America,Electronics,Mechanical Keyboard,1077,1,234
ORD-004976,2024-05-19,Standard Class,Education,Asia Pacific,Furniture,"Monitor 27"" 4K",1721,4,562
ORD-004977,2025-08-19,Standard Class,Home Office,Africa,Electronics,Ergonomic Desk Chair,1792,4,758
ORD-004978,2024-10-15,Same Day,Consumer,Africa,Office Supplies,External SSD 1TB,1881,5,287
ORD-004979,2024-08-25,Second Class,Small Business,Asia Pacific,Office Supplies,Smart Watch Series 5,94,8,21
ORD-004980,2025-05-03,Second Class,Corporate,Asia Pacific,Furniture,Laptop Cooling Stand,312,2,68
ORD-004981,2025-05-30,Second Class,Small Business,Asia Pacific,Accessories,Laptop Cooling Stand,1766,7,468
ORD-004982,2025-11-05,Standard Class,Education,South America,Electronics,Bluetooth Speaker,2189,4,684
ORD-004983,2024-11-24,Standard Class,Government,Middle East,Accessories,Mechanical Keyboard,296,7,62
ORD-004984,2025-09-05,First Class,Small Business,Middle East,Office Supplies,Laptop Cooling Stand,394,8,39
ORD-004985,2024-01-04,Same Day,Home Office,Middle East,Office Supplies,Phone Case MagSafe,1107,5,249
ORD-004986,2024-01-12,Same Day,Government,Africa,Gadgets,Laptop Cooling Stand,1122,7,394
ORD-004987,2024-08-15,Same Day,Small Business,North America,Accessories,"Monitor 27"" 4K",1696,2,381
ORD-004988,2025-06-09,First Class,Government,Africa,Office Supplies,Privacy Screen Protector,2062,3,762
ORD-004989,2024-10-31,First Class,Consumer,Middle East,Electronics,"Tablet Air 11""",2367,7,567
ORD-004990,2024-01-10,Standard Class,Home Office,Middle East,Accessories,Privacy Screen Protector,748,7,244
ORD-004991,2025-05-21,Standard Class,Consumer,Asia Pacific,Office Supplies,Wireless Noise Cancelling Headphones,1933,2,222
ORD-004992,2025-10-04,Standard Class,Home Office,Middle East,Furniture,USB-C Hub 7-in-1,2153,6,725
ORD-004993,2025-03-11,Express,Government,Europe,Accessories,USB-C Hub 7-in-1,2351,1,565
ORD-004994,2024-08-29,Second Class,Consumer,Asia Pacific,Gadgets,"Tablet Air 11""",1416,5,328
ORD-004995,2025-07-14,Same Day,Corporate,South America,Accessories,Fitness Tracker Band,2253,3,309
ORD-004996,2025-11-25,Standard Class,Consumer,South America,Office Supplies,Smart Home Hub,2308,7,361
ORD-004997,2025-09-01,First Class,Home Office,South America,Furniture,Mechanical Keyboard,1093,2,210
ORD-004998,2024-08-13,Express,Small Business,Europe,Gadgets,Smartphone Ultra,669,8,103
ORD-004999,2025-04-18,Same Day,Home Office,North America,Office Supplies,Mechanical Keyboard,1543,2,271
ORD-005000,2025-05-07,Same Day,Home Office,Africa,Office Supplies,Gaming Mouse RGB,2270,3,342
ORD-005001,2024-10-10,Express,Small Business,Africa,Gadgets,Smartphone Ultra,2270,4,913
ORD-005002,2025-05-20,First Class,Government,Europe,Office Supplies,4K Webcam,1751,6,355
ORD-005003,2024-04-01,First Class,Home Office,Europe,Office Supplies,Fitness Tracker Band,211,8,20
ORD-005004,2025-11-09,Same Day,Small Business,North America,Gadgets,External SSD 1TB,742,1,176
ORD-005005,2025-07-30,Express,Small Business,Europe,Electronics,Privacy Screen Protector,325,8,90
ORD-005006,2024-12-21,First Class,Home Office,North America,Gadgets,Standing Desk Frame,2477,2,794
ORD-005007,2025-06-29,Same Day,Corporate,Middle East,Office Supplies,Ergonomic Desk Chair,1293,6,342
ORD-005008,2024-06-04,First Class,Small Business,North America,Office Supplies,External SSD 1TB,450,1,134
ORD-005009,2024-04-20,Express,Corporate,Middle East,Office Supplies,Fitness Tracker Band,1178,4,265
ORD-005010,2025-02-13,Standard Class,Education,South America,Gadgets,Fitness Tracker Band,1659,8,580
ORD-005011,2025-08-29,Second Class,Consumer,South America,Furniture,Phone Case MagSafe,1228,7,345
ORD-005012,2024-05-06,Same Day,Small Business,South America,Office Supplies,Privacy Screen Protector,1392,6,251
ORD-005013,2024-12-07,First Class,Small Business,Middle East,Gadgets,Smart Home Hub,639,5,122
ORD-005014,2024-03-06,First Class,Government,Europe,Furniture,Bluetooth Speaker,420,6,174
ORD-005015,2025-04-12,First Class,Small Business,North America,Electronics,"Laptop Pro 14""",1746,6,678
ORD-005016,2024-10-01,Standard Class,Consumer,South America,Office Supplies,Phone Case MagSafe,2197,7,346
ORD-005017,2025-03-02,Second Class,Education,South America,Furniture,"Tablet Air 11""",1014,7,282
ORD-005018,2024-08-21,Express,Corporate,Europe,Office Supplies,Mechanical Keyboard,450,5,191
ORD-005019,2024-01-08,Express,Home Office,South America,Accessories,Phone Case MagSafe,516,5,145
ORD-005020,2024-11-15,Standard Class,Corporate,Africa,Accessories,Gaming Mouse RGB,987,1,335
ORD-005021,2024-12-09,Standard Class,Government,Africa,Accessories,Standing Desk Frame,1444,3,322
ORD-005022,2025-08-24,Express,Home Office,Middle East,Electronics,Fitness Tracker Band,991,7,185
ORD-005023,2024-11-09,Standard Class,Corporate,Europe,Gadgets,Wireless Noise Cancelling Headphones,2523,1,354
ORD-005024,2025-03-03,First Class,Corporate,Africa,Furniture,"Laptop Pro 14""",1920,2,206
ORD-005025,2024-09-09,First Class,Education,Africa,Office Supplies,External SSD 1TB,1437,5,416
ORD-005026,2025-11-29,Second Class,Government,North America,Furniture,Standing Desk Frame,760,1,116
ORD-005027,2024-09-20,Express,Consumer,South America,Electronics,Smart Watch Series 5,1266,1,427
ORD-005028,2025-02-20,Standard Class,Home Office,South America,Electronics,Smartphone Ultra,1761,4,149
ORD-005029,2025-07-26,Standard Class,Education,Asia Pacific,Electronics,External SSD 1TB,1589,2,195
ORD-005030,2024-01-03,First Class,Consumer,North America,Office Supplies,Ergonomic Desk Chair,1308,8,326
ORD-005031,2025-04-14,Same Day,Corporate,Middle East,Electronics,"Tablet Air 11""",345,6,104
ORD-005032,2025-06-04,Express,Education,Europe,Accessories,"Monitor 27"" 4K",1715,6,291
ORD-005033,2024-03-26,Second Class,Corporate,Europe,Accessories,Laptop Cooling Stand,336,1,129
ORD-005034,2025-06-13,Standard Class,Corporate,South America,Furniture,External SSD 1TB,538,7,147
ORD-005035,2025-11-16,Standard Class,Home Office,North America,Office Supplies,Smartphone Ultra,1523,4,205
ORD-005036,2024-08-25,First Class,Corporate,South America,Gadgets,4K Webcam,1701,1,181
ORD-005037,2024-06-22,Express,Consumer,Asia Pacific,Office Supplies,Gaming Mouse RGB,404,2,48
ORD-005038,2024-11-24,Standard Class,Small Business,Middle East,Furniture,Ergonomic Desk Chair,573,3,196
ORD-005039,2025-07-09,Standard Class,Corporate,South America,Furniture,"Tablet Air 11""",815,2,189
ORD-005040,2024-05-27,Second Class,Consumer,North America,Furniture,Smart Watch Series 5,548,8,200
ORD-005041,2025-10-10,Express,Education,South America,Electronics,Mechanical Keyboard,1496,5,354
ORD-005042,2024-10-11,Second Class,Education,North America,Office Supplies,Smart Watch Series 5,1371,8,507
ORD-005043,2025-10-05,Same Day,Corporate,Middle East,Furniture,Mechanical Keyboard,1528,3,436
ORD-005044,2025-02-21,First Class,Corporate,North America,Furniture,Smart Watch Series 5,2042,1,472
ORD-005045,2024-12-07,Second Class,Consumer,South America,Accessories,4K Webcam,2315,5,720
ORD-005046,2024-10-03,Standard Class,Consumer,Europe,Office Supplies,Phone Case MagSafe,575,7,229
ORD-005047,2025-07-04,Second Class,Education,South America,Accessories,Phone Case MagSafe,56,6,6
ORD-005048,2024-03-05,Second Class,Government,Europe,Furniture,Wireless Noise Cancelling Headphones,2488,1,474
ORD-005049,2025-02-28,Express,Corporate,South America,Accessories,"Tablet Air 11""",1560,1,642
ORD-005050,2024-12-03,Second Class,Government,North America,Accessories,Privacy Screen Protector,901,2,292
ORD-005051,2025-05-16,First Class,Consumer,Asia Pacific,Accessories,Smartphone Ultra,852,5,224
ORD-005052,2024-07-09,Second Class,Education,Africa,Accessories,USB-C Hub 7-in-1,571,4,194
ORD-005053,2024-01-27,Standard Class,Small Business,South America,Gadgets,Gaming Mouse RGB,1707,6,304
ORD-005054,2025-05-12,First Class,Government,Asia Pacific,Gadgets,4K Webcam,1462,3,361
ORD-005055,2024-06-16,Standard Class,Corporate,Asia Pacific,Office Supplies,Smartphone Ultra,2439,4,514
ORD-005056,2024-08-13,Same Day,Corporate,Asia Pacific,Accessories,Gaming Mouse RGB,836,2,320
ORD-005057,2024-04-08,Second Class,Home Office,South America,Gadgets,Wireless Charger Pad,824,6,297
ORD-005058,2024-09-18,Standard Class,Government,Africa,Electronics,Smart Home Hub,2444,1,701
ORD-005059,2024-11-25,Standard Class,Home Office,Europe,Gadgets,Smartphone Ultra,648,8,258
ORD-005060,2024-10-25,Same Day,Home Office,Middle East,Office Supplies,Ergonomic Desk Chair,946,6,156
ORD-005061,2025-12-18,Standard Class,Home Office,Asia Pacific,Gadgets,Phone Case MagSafe,414,6,35
ORD-005062,2025-12-03,Second Class,Education,Asia Pacific,Gadgets,Wireless Noise Cancelling Headphones,449,3,50
ORD-005063,2024-02-19,Express,Government,Asia Pacific,Electronics,Mechanical Keyboard,396,6,104
ORD-005064,2024-06-30,Standard Class,Corporate,Europe,Accessories,Smart Home Hub,551,7,52
ORD-005065,2025-12-28,First Class,Small Business,Africa,Electronics,Mechanical Keyboard,529,1,77
ORD-005066,2024-02-17,Same Day,Government,Africa,Gadgets,Privacy Screen Protector,2022,4,856
ORD-005067,2025-02-05,Second Class,Consumer,Asia Pacific,Gadgets,Wireless Charger Pad,1524,5,405
ORD-005068,2024-06-12,Standard Class,Government,North America,Furniture,Wireless Noise Cancelling Headphones,2088,4,524
ORD-005069,2025-01-17,Same Day,Corporate,Middle East,Accessories,Privacy Screen Protector,2238,1,216
ORD-005070,2025-09-24,Standard Class,Corporate,South America,Electronics,Fitness Tracker Band,1749,6,525
ORD-005071,2024-11-23,Express,Corporate,North America,Accessories,Fitness Tracker Band,2237,2,567
ORD-005072,2024-11-29,Same Day,Small Business,Europe,Office Supplies,Mechanical Keyboard,2314,7,646
ORD-005073,2025-03-16,Express,Education,North America,Furniture,External SSD 1TB,497,5,51
ORD-005074,2024-05-07,Express,Government,Europe,Gadgets,"Laptop Pro 14""",2414,1,567
ORD-005075,2025-01-21,First Class,Corporate,Middle East,Office Supplies,Smartphone Ultra,64,7,15
ORD-005076,2024-04-14,Second Class,Government,Europe,Furniture,Laptop Cooling Stand,1520,2,289
ORD-005077,2025-11-15,Second Class,Corporate,Middle East,Furniture,Wireless Charger Pad,2369,6,251
ORD-005078,2025-12-23,Same Day,Corporate,Middle East,Accessories,"Monitor 27"" 4K",1997,8,602
ORD-005079,2024-04-29,Express,Government,South America,Furniture,Laptop Cooling Stand,1770,5,397
ORD-005080,2025-03-24,Same Day,Education,South America,Accessories,Ergonomic Desk Chair,889,2,133
ORD-005081,2025-04-14,Express,Home Office,Africa,Gadgets,Phone Case MagSafe,2526,5,767
ORD-005082,2025-10-19,First Class,Small Business,Asia Pacific,Office Supplies,Gaming Mouse RGB,1030,6,211
ORD-005083,2024-02-03,First Class,Consumer,Asia Pacific,Furniture,Standing Desk Frame,2171,5,390
ORD-005084,2024-12-10,Express,Corporate,Europe,Accessories,Smart Home Hub,1174,1,170
ORD-005085,2024-02-02,First Class,Small Business,South America,Gadgets,Smartphone Ultra,1907,1,403
ORD-005086,2025-12-29,Same Day,Home Office,Middle East,Furniture,Wireless Charger Pad,1987,6,298
ORD-005087,2025-08-09,Second Class,Government,Middle East,Accessories,Wireless Noise Cancelling Headphones,1318,6,550
ORD-005088,2024-01-10,Same Day,Small Business,Middle East,Furniture,Phone Case MagSafe,1540,4,301
ORD-005089,2024-02-14,Standard Class,Corporate,South America,Electronics,Smart Watch Series 5,2488,1,316
ORD-005090,2024-01-15,First Class,Corporate,Middle East,Gadgets,Gaming Mouse RGB,2016,2,784
ORD-005091,2025-07-12,Standard Class,Consumer,Europe,Gadgets,4K Webcam,1928,8,760
ORD-005092,2024-10-11,First Class,Small Business,North America,Electronics,"Monitor 27"" 4K",881,4,294
ORD-005093,2024-08-20,Standard Class,Government,Africa,Furniture,"Tablet Air 11""",1293,4,186
ORD-005094,2025-11-29,Standard Class,Small Business,Middle East,Gadgets,Mechanical Keyboard,1622,2,440
ORD-005095,2024-05-22,Second Class,Education,Asia Pacific,Accessories,Gaming Mouse RGB,1561,8,504
ORD-005096,2025-05-13,Same Day,Government,Middle East,Gadgets,Wireless Charger Pad,185,8,41
ORD-005097,2025-08-02,First Class,Education,Asia Pacific,Electronics,"Laptop Pro 14""",2212,1,685
ORD-005098,2024-08-02,Standard Class,Government,Europe,Office Supplies,External SSD 1TB,1845,3,343
ORD-005099,2024-03-06,Express,Government,Africa,Office Supplies,USB-C Hub 7-in-1,684,7,194
ORD-005100,2024-06-25,Same Day,Consumer,Middle East,Office Supplies,"Tablet Air 11""",356,4,152
ORD-005101,2024-01-22,First Class,Education,South America,Gadgets,Fitness Tracker Band,516,3,194
ORD-005102,2025-12-06,First Class,Small Business,South America,Accessories,Standing Desk Frame,2004,5,250
ORD-005103,2024-07-04,Standard Class,Home Office,Europe,Gadgets,"Monitor 27"" 4K",192,7,56
ORD-005104,2025-07-28,Standard Class,Consumer,North America,Furniture,Mechanical Keyboard,2439,5,908
ORD-005105,2025-11-11,Standard Class,Government,North America,Office Supplies,Privacy Screen Protector,1771,6,660
ORD-005106,2025-02-26,Standard Class,Small Business,South America,Accessories,Fitness Tracker Band,1145,5,236
ORD-005107,2024-07-28,Same Day,Home Office,Africa,Electronics,"Laptop Pro 14""",2214,7,228
ORD-005108,2024-02-14,Express,Government,South America,Gadgets,Phone Case MagSafe,1715,8,622
ORD-005109,2024-06-05,Second Class,Education,North America,Electronics,Mechanical Keyboard,2512,1,242
ORD-005110,2024-05-16,First Class,Home Office,Europe,Furniture,"Tablet Air 11""",1208,6,429
ORD-005111,2025-08-18,Second Class,Small Business,North America,Accessories,Fitness Tracker Band,443,4,108
ORD-005112,2024-05-26,First Class,Government,Europe,Office Supplies,USB-C Hub 7-in-1,1455,2,204
ORD-005113,2024-06-28,Express,Home Office,Middle East,Office Supplies,"Laptop Pro 14""",1144,8,421
ORD-005114,2025-06-06,First Class,Home Office,Africa,Gadgets,Smart Home Hub,813,3,182
ORD-005115,2024-02-21,Second Class,Home Office,Middle East,Accessories,4K Webcam,1555,5,555
ORD-005116,2025-05-30,First Class,Education,South America,Gadgets,"Laptop Pro 14""",1732,5,742
ORD-005117,2025-07-04,First Class,Consumer,South America,Gadgets,Wireless Noise Cancelling Headphones,1978,5,727
ORD-005118,2025-07-05,Same Day,Consumer,Africa,Gadgets,"Monitor 27"" 4K",753,2,267
ORD-005119,2025-08-14,First Class,Small Business,Europe,Office Supplies,Smart Watch Series 5,2269,7,838
ORD-005120,2025-05-05,Second Class,Government,Europe,Gadgets,Smart Watch Series 5,391,8,89
ORD-005121,2024-01-03,Express,Education,North America,Office Supplies,Wireless Noise Cancelling Headphones,792,7,279
ORD-005122,2025-12-06,First Class,Corporate,North America,Office Supplies,External SSD 1TB,2338,2,434
ORD-005123,2024-07-27,Second Class,Education,Middle East,Furniture,Phone Case MagSafe,959,6,301
ORD-005124,2025-05-13,First Class,Consumer,South America,Electronics,Phone Case MagSafe,1334,4,432
ORD-005125,2025-09-16,Express,Home Office,Africa,Electronics,Bluetooth Speaker,245,1,88
ORD-005126,2024-07-18,Second Class,Home Office,North America,Accessories,"Tablet Air 11""",1452,8,208
ORD-005127,2025-04-10,First Class,Small Business,Asia Pacific,Gadgets,Mechanical Keyboard,720,1,218
ORD-005128,2024-02-19,Same Day,Education,Middle East,Gadgets,Laptop Cooling Stand,726,8,116
ORD-005129,2025-07-23,Express,Small Business,Middle East,Gadgets,Wireless Charger Pad,1086,7,343
ORD-005130,2025-07-17,Second Class,Home Office,Europe,Gadgets,Wireless Charger Pad,2405,4,243
ORD-005131,2024-04-03,Standard Class,Small Business,Asia Pacific,Electronics,Smartphone Ultra,1822,6,530
ORD-005132,2024-12-29,First Class,Corporate,Africa,Furniture,Laptop Cooling Stand,2516,7,946
ORD-005133,2024-06-24,Second Class,Home Office,Asia Pacific,Office Supplies,Bluetooth Speaker,2515,3,728
ORD-005134,2025-03-28,First Class,Corporate,North America,Electronics,Gaming Mouse RGB,1890,3,542
ORD-005135,2024-03-06,Second Class,Corporate,Middle East,Furniture,Smartphone Ultra,1200,3,250
ORD-005136,2024-04-12,First Class,Government,Africa,Accessories,Smart Home Hub,1563,3,481
ORD-005137,2024-01-19,Second Class,Government,North America,Electronics,Privacy Screen Protector,1563,1,519
ORD-005138,2025-12-29,Same Day,Government,Asia Pacific,Electronics,USB-C Hub 7-in-1,281,6,27
ORD-005139,2025-11-28,Express,Small Business,South America,Furniture,Standing Desk Frame,1490,6,295
ORD-005140,2025-08-03,Express,Small Business,Africa,Office Supplies,USB-C Hub 7-in-1,1565,4,666
ORD-005141,2025-07-20,Same Day,Consumer,Africa,Office Supplies,Wireless Noise Cancelling Headphones,1418,7,267
ORD-005142,2024-03-02,Standard Class,Consumer,North America,Office Supplies,"Monitor 27"" 4K",1578,8,340
ORD-005143,2024-06-26,Express,Corporate,South America,Office Supplies,Bluetooth Speaker,895,1,110
ORD-005144,2024-01-01,First Class,Consumer,North America,Furniture,Mechanical Keyboard,1817,6,375
ORD-005145,2025-09-08,First Class,Home Office,Africa,Office Supplies,4K Webcam,830,5,115
ORD-005146,2024-08-04,Same Day,Government,Asia Pacific,Accessories,Wireless Charger Pad,2263,4,896
ORD-005147,2024-10-08,First Class,Small Business,Europe,Electronics,USB-C Hub 7-in-1,674,8,60
ORD-005148,2024-03-02,Second Class,Education,Africa,Office Supplies,Mechanical Keyboard,288,1,39
ORD-005149,2025-06-29,First Class,Small Business,Europe,Accessories,Privacy Screen Protector,2398,7,871
ORD-005150,2025-04-19,Same Day,Consumer,Europe,Furniture,"Tablet Air 11""",918,3,366
ORD-005151,2025-03-04,First Class,Consumer,Asia Pacific,Office Supplies,Wireless Charger Pad,2050,1,624
ORD-005152,2024-08-08,Same Day,Government,Europe,Gadgets,Ergonomic Desk Chair,1711,1,586
ORD-005153,2024-03-14,Same Day,Home Office,Europe,Office Supplies,Standing Desk Frame,1699,3,665
ORD-005154,2024-02-21,First Class,Corporate,Middle East,Gadgets,Privacy Screen Protector,930,2,391
ORD-005155,2024-06-08,Second Class,Home Office,North America,Electronics,External SSD 1TB,1100,6,427
ORD-005156,2025-09-27,First Class,Consumer,Asia Pacific,Gadgets,Phone Case MagSafe,1311,4,371
ORD-005157,2025-02-16,Second Class,Small Business,Europe,Furniture,Smart Watch Series 5,1270,5,266
ORD-005158,2024-01-23,Express,Education,Africa,Furniture,Ergonomic Desk Chair,1088,8,191
ORD-005159,2025-04-29,First Class,Consumer,Middle East,Office Supplies,Phone Case MagSafe,311,5,91
ORD-005160,2025-02-26,First Class,Home Office,Asia Pacific,Electronics,Gaming Mouse RGB,1379,8,226
ORD-005161,2025-06-07,Standard Class,Government,Asia Pacific,Accessories,Laptop Cooling Stand,1744,2,506
ORD-005162,2024-12-18,Express,Home Office,Africa,Furniture,"Tablet Air 11""",1740,6,219
ORD-005163,2024-08-01,Second Class,Consumer,Europe,Office Supplies,External SSD 1TB,1965,4,450
ORD-005164,2025-08-01,Same Day,Home Office,Africa,Office Supplies,USB-C Hub 7-in-1,2328,5,422
ORD-005165,2024-04-29,Standard Class,Government,Africa,Electronics,"Tablet Air 11""",892,1,363
ORD-005166,2025-11-18,Second Class,Small Business,Africa,Office Supplies,"Monitor 27"" 4K",2434,3,621
ORD-005167,2024-12-09,Standard Class,Small Business,North America,Electronics,"Tablet Air 11""",1140,4,431
ORD-005168,2025-03-12,Express,Corporate,Europe,Furniture,Wireless Charger Pad,196,2,66
ORD-005169,2024-12-26,First Class,Education,Middle East,Office Supplies,External SSD 1TB,1765,1,714
ORD-005170,2025-02-07,Same Day,Consumer,Europe,Electronics,Standing Desk Frame,243,2,63
ORD-005171,2025-11-27,Standard Class,Government,Europe,Electronics,USB-C Hub 7-in-1,1293,2,518
ORD-005172,2024-12-15,Same Day,Government,Middle East,Accessories,Ergonomic Desk Chair,465,5,199
ORD-005173,2025-09-14,Same Day,Consumer,North America,Gadgets,Wireless Noise Cancelling Headphones,2358,7,437
ORD-005174,2024-11-10,First Class,Home Office,North America,Furniture,4K Webcam,1294,5,405
ORD-005175,2025-09-25,Express,Small Business,North America,Accessories,Laptop Cooling Stand,1820,7,421
ORD-005176,2024-05-29,Second Class,Home Office,South America,Gadgets,4K Webcam,1585,1,583
ORD-005177,2025-07-12,Standard Class,Small Business,Europe,Office Supplies,Wireless Charger Pad,2116,2,464
ORD-005178,2025-07-20,Second Class,Government,Asia Pacific,Accessories,Wireless Charger Pad,622,7,86
ORD-005179,2024-09-27,Same Day,Corporate,Middle East,Accessories,Fitness Tracker Band,573,6,234
ORD-005180,2025-09-29,Second Class,Small Business,Asia Pacific,Furniture,Fitness Tracker Band,177,5,33
ORD-005181,2025-09-19,First Class,Corporate,Middle East,Furniture,Standing Desk Frame,369,5,55
ORD-005182,2024-09-10,Express,Small Business,Europe,Office Supplies,Phone Case MagSafe,837,2,124
ORD-005183,2024-11-26,Same Day,Consumer,Africa,Electronics,Mechanical Keyboard,2150,5,639
ORD-005184,2024-07-06,First Class,Government,North America,Furniture,Laptop Cooling Stand,1603,7,262
ORD-005185,2025-08-28,Second Class,Home Office,Asia Pacific,Office Supplies,Privacy Screen Protector,2022,2,595
ORD-005186,2024-04-30,Second Class,Consumer,Middle East,Office Supplies,Fitness Tracker Band,1278,8,475
ORD-005187,2024-04-09,Same Day,Home Office,North America,Furniture,4K Webcam,2506,3,1006
ORD-005188,2025-04-15,Standard Class,Consumer,Middle East,Electronics,Wireless Noise Cancelling Headphones,438,2,127
ORD-005189,2024-12-29,First Class,Home Office,South America,Office Supplies,Privacy Screen Protector,696,3,291
ORD-005190,2025-06-02,First Class,Government,South America,Office Supplies,Bluetooth Speaker,602,1,248
ORD-005191,2024-03-19,Express,Corporate,Europe,Office Supplies,Smart Home Hub,2490,1,1001
ORD-005192,2024-10-28,Same Day,Small Business,Europe,Electronics,Ergonomic Desk Chair,1347,5,257
ORD-005193,2024-09-12,Standard Class,Consumer,North America,Accessories,"Tablet Air 11""",697,8,214
ORD-005194,2024-03-30,Standard Class,Government,South America,Gadgets,Mechanical Keyboard,1433,5,402
ORD-005195,2025-06-20,Standard Class,Consumer,South America,Furniture,Smart Home Hub,609,8,117
ORD-005196,2024-03-15,Second Class,Small Business,South America,Gadgets,"Laptop Pro 14""",2286,2,638
ORD-005197,2024-05-09,Express,Small Business,Middle East,Accessories,"Tablet Air 11""",2268,2,262
ORD-005198,2024-01-18,First Class,Corporate,South America,Furniture,Privacy Screen Protector,1291,2,504
ORD-005199,2025-09-25,Standard Class,Corporate,Africa,Furniture,Smartphone Ultra,982,7,119
ORD-005200,2025-02-18,Same Day,Government,Middle East,Accessories,Laptop Cooling Stand,2352,5,930
ORD-005201,2025-10-01,Same Day,Corporate,South America,Furniture,Smartphone Ultra,670,2,230
ORD-005202,2024-08-03,Same Day,Consumer,Asia Pacific,Office Supplies,Wireless Charger Pad,267,8,29
ORD-005203,2024-01-20,First Class,Corporate,Africa,Gadgets,"Monitor 27"" 4K",2427,6,299
ORD-005204,2025-11-28,Standard Class,Corporate,Africa,Office Supplies,"Monitor 27"" 4K",153,8,35
ORD-005205,2025-04-13,Second Class,Small Business,South America,Furniture,"Laptop Pro 14""",474,6,184
ORD-005206,2025-11-24,Second Class,Education,North America,Electronics,"Tablet Air 11""",1782,3,209
ORD-005207,2024-05-18,Second Class,Education,South America,Furniture,Fitness Tracker Band,1156,7,443
ORD-005208,2025-02-15,First Class,Government,Europe,Accessories,Smart Watch Series 5,1267,4,148
ORD-005209,2024-01-09,Standard Class,Consumer,Africa,Office Supplies,Fitness Tracker Band,2332,1,787
ORD-005210,2025-05-05,Same Day,Consumer,Africa,Electronics,Mechanical Keyboard,786,7,289
ORD-005211,2024-12-13,Standard Class,Consumer,North America,Office Supplies,USB-C Hub 7-in-1,167,1,45
ORD-005212,2024-06-21,Standard Class,Consumer,Middle East,Electronics,Bluetooth Speaker,597,4,152
ORD-005213,2024-09-29,First Class,Government,North America,Accessories,Standing Desk Frame,2468,4,477
ORD-005214,2025-02-26,Second Class,Home Office,Africa,Accessories,"Tablet Air 11""",284,6,109
ORD-005215,2025-09-26,Second Class,Small Business,South America,Accessories,4K Webcam,2283,7,890
ORD-005216,2025-08-14,First Class,Consumer,Asia Pacific,Accessories,Privacy Screen Protector,2465,5,961
ORD-005217,2024-01-06,Same Day,Home Office,Europe,Electronics,"Laptop Pro 14""",2000,7,391
ORD-005218,2025-07-25,Second Class,Government,Middle East,Electronics,Gaming Mouse RGB,114,5,34
ORD-005219,2025-08-06,Express,Corporate,Middle East,Furniture,Bluetooth Speaker,2119,4,311
ORD-005220,2025-03-08,Standard Class,Corporate,Middle East,Office Supplies,4K Webcam,1886,8,568
ORD-005221,2024-11-01,Standard Class,Small Business,Middle East,Furniture,"Monitor 27"" 4K",508,7,96
ORD-005222,2025-04-14,Express,Consumer,Africa,Gadgets,"Monitor 27"" 4K",717,8,147
ORD-005223,2024-03-14,First Class,Small Business,North America,Gadgets,"Laptop Pro 14""",1265,5,343
ORD-005224,2025-12-08,Second Class,Corporate,Asia Pacific,Accessories,Laptop Cooling Stand,1720,5,603
ORD-005225,2025-06-14,Standard Class,Home Office,Africa,Gadgets,Ergonomic Desk Chair,1191,2,341
ORD-005226,2024-12-27,Second Class,Home Office,South America,Furniture,External SSD 1TB,1105,7,240
ORD-005227,2024-11-21,First Class,Corporate,North America,Furniture,"Tablet Air 11""",2083,6,259
ORD-005228,2024-02-13,Second Class,Corporate,Africa,Office Supplies,Smartphone Ultra,2317,4,460
ORD-005229,2025-09-06,Same Day,Corporate,Europe,Gadgets,Laptop Cooling Stand,2058,6,573
ORD-005230,2024-04-29,Standard Class,Government,South America,Furniture,Laptop Cooling Stand,1087,7,213
ORD-005231,2024-01-01,Standard Class,Corporate,Europe,Accessories,"Tablet Air 11""",1771,2,438
ORD-005232,2025-01-17,First Class,Government,South America,Gadgets,External SSD 1TB,2496,3,213
ORD-005233,2024-12-22,Express,Home Office,Middle East,Office Supplies,"Laptop Pro 14""",2536,8,1041
ORD-005234,2025-06-18,Second Class,Education,North America,Furniture,"Monitor 27"" 4K",224,8,64
ORD-005235,2025-03-06,Express,Home Office,Middle East,Office Supplies,"Tablet Air 11""",2381,4,807
ORD-005236,2025-01-19,Same Day,Government,Europe,Accessories,Smart Home Hub,1595,5,434
ORD-005237,2025-04-04,Express,Government,Asia Pacific,Gadgets,"Tablet Air 11""",2489,5,546
ORD-005238,2025-11-25,Standard Class,Home Office,South America,Electronics,Bluetooth Speaker,896,4,336
ORD-005239,2025-09-04,Same Day,Education,Asia Pacific,Accessories,USB-C Hub 7-in-1,726,2,260
ORD-005240,2024-03-15,Standard Class,Government,North America,Gadgets,Phone Case MagSafe,864,8,253
ORD-005241,2025-09-10,Express,Small Business,Asia Pacific,Electronics,4K Webcam,113,4,40
ORD-005242,2024-08-12,Same Day,Small Business,South America,Office Supplies,Wireless Noise Cancelling Headphones,63,5,20
ORD-005243,2024-07-09,Standard Class,Consumer,South America,Gadgets,Smart Watch Series 5,2393,2,351
ORD-005244,2025-12-25,First Class,Consumer,Asia Pacific,Electronics,Smart Watch Series 5,1961,1,194
ORD-005245,2024-01-30,Express,Home Office,North America,Electronics,Gaming Mouse RGB,1142,7,489
ORD-005246,2024-08-22,Same Day,Education,South America,Gadgets,Wireless Noise Cancelling Headphones,1876,5,699
ORD-005247,2025-01-11,Same Day,Government,Africa,Furniture,Bluetooth Speaker,243,6,65
ORD-005248,2025-12-09,Express,Education,South America,Gadgets,Gaming Mouse RGB,1950,5,816
ORD-005249,2024-12-05,Same Day,Home Office,Europe,Accessories,Gaming Mouse RGB,2458,3,655
ORD-005250,2025-06-28,Express,Corporate,South America,Furniture,Smart Watch Series 5,1637,2,636
ORD-005251,2025-09-18,Same Day,Government,Asia Pacific,Gadgets,4K Webcam,599,4,142
ORD-005252,2024-05-21,Same Day,Home Office,Middle East,Office Supplies,Smart Home Hub,359,7,140
ORD-005253,2024-08-18,Second Class,Consumer,North America,Office Supplies,Smartphone Ultra,1166,1,335
ORD-005254,2024-02-02,Express,Corporate,Middle East,Office Supplies,Wireless Noise Cancelling Headphones,1320,4,486
ORD-005255,2025-10-31,First Class,Small Business,Middle East,Office Supplies,Phone Case MagSafe,222,5,38
ORD-005256,2024-08-05,First Class,Small Business,Africa,Furniture,USB-C Hub 7-in-1,2403,2,792
ORD-005257,2024-03-03,Second Class,Corporate,South America,Electronics,Ergonomic Desk Chair,2350,7,713
ORD-005258,2024-12-31,Same Day,Small Business,Middle East,Office Supplies,"Monitor 27"" 4K",727,5,279
ORD-005259,2025-06-20,Same Day,Consumer,Middle East,Electronics,Gaming Mouse RGB,1896,4,412
ORD-005260,2025-07-10,Same Day,Consumer,South America,Accessories,"Tablet Air 11""",2367,7,457
ORD-005261,2025-02-12,Standard Class,Education,Middle East,Accessories,USB-C Hub 7-in-1,2323,2,439
ORD-005262,2024-04-25,Same Day,Corporate,Middle East,Electronics,USB-C Hub 7-in-1,71,2,21
ORD-005263,2024-03-17,Express,Education,Middle East,Gadgets,Phone Case MagSafe,1172,8,356
ORD-005264,2024-03-21,Same Day,Consumer,North America,Accessories,Ergonomic Desk Chair,1303,2,354
ORD-005265,2025-08-07,First Class,Home Office,Middle East,Office Supplies,Bluetooth Speaker,409,1,124
ORD-005266,2024-02-24,Same Day,Home Office,Europe,Gadgets,Mechanical Keyboard,269,1,64
ORD-005267,2024-09-10,Same Day,Home Office,South America,Furniture,Smart Watch Series 5,464,4,172
ORD-005268,2024-08-09,Second Class,Small Business,Middle East,Gadgets,Smart Watch Series 5,303,7,75
ORD-005269,2025-04-23,Express,Corporate,South America,Office Supplies,"Tablet Air 11""",1382,2,572
ORD-005270,2024-02-24,Express,Consumer,North America,Accessories,"Tablet Air 11""",1884,5,159
ORD-005271,2024-12-24,Express,Corporate,South America,Furniture,External SSD 1TB,340,3,76
ORD-005272,2025-06-24,First Class,Home Office,Asia Pacific,Electronics,Privacy Screen Protector,845,4,93
ORD-005273,2025-06-24,First Class,Home Office,Europe,Office Supplies,Laptop Cooling Stand,2013,7,757
ORD-005274,2025-01-28,Same Day,Corporate,Middle East,Furniture,External SSD 1TB,1687,8,569
ORD-005275,2025-03-13,Express,Consumer,Europe,Accessories,Fitness Tracker Band,1581,1,500
ORD-005276,2025-06-24,Express,Government,North America,Furniture,Fitness Tracker Band,900,7,101
ORD-005277,2024-08-28,Same Day,Small Business,Europe,Electronics,Wireless Charger Pad,1328,2,271
ORD-005278,2025-09-12,Standard Class,Small Business,Africa,Furniture,Ergonomic Desk Chair,278,4,49
ORD-005279,2025-08-20,Express,Home Office,Europe,Accessories,Phone Case MagSafe,1639,4,323
ORD-005280,2024-02-11,Standard Class,Consumer,Africa,Gadgets,Laptop Cooling Stand,2346,1,500
ORD-005281,2025-07-26,Same Day,Education,Asia Pacific,Gadgets,Smart Home Hub,221,8,52
ORD-005282,2025-10-27,Second Class,Consumer,Middle East,Office Supplies,External SSD 1TB,1850,6,464
ORD-005283,2024-12-07,Second Class,Education,North America,Electronics,"Monitor 27"" 4K",1272,6,151
ORD-005284,2025-03-08,Express,Corporate,Middle East,Accessories,External SSD 1TB,1356,2,556
ORD-005285,2024-10-25,First Class,Consumer,Africa,Gadgets,Fitness Tracker Band,92,6,12
ORD-005286,2024-04-02,First Class,Government,South America,Accessories,External SSD 1TB,1043,4,198
ORD-005287,2025-11-09,Express,Consumer,South America,Office Supplies,Phone Case MagSafe,1245,8,262
ORD-005288,2024-11-27,Same Day,Consumer,North America,Electronics,USB-C Hub 7-in-1,1189,5,176
ORD-005289,2024-06-28,First Class,Corporate,Africa,Furniture,Standing Desk Frame,1855,3,669
ORD-005290,2025-02-18,Express,Government,Europe,Office Supplies,Privacy Screen Protector,1146,3,413
ORD-005291,2024-10-07,Express,Education,Asia Pacific,Office Supplies,Laptop Cooling Stand,2242,8,890
ORD-005292,2025-02-01,Second Class,Education,Asia Pacific,Accessories,Privacy Screen Protector,587,3,247
ORD-005293,2024-02-14,Standard Class,Consumer,South America,Office Supplies,Wireless Charger Pad,2398,1,583
ORD-005294,2024-06-30,First Class,Corporate,North America,Electronics,Wireless Charger Pad,1351,4,292
ORD-005295,2024-03-01,Same Day,Consumer,Asia Pacific,Office Supplies,Ergonomic Desk Chair,70,3,16
ORD-005296,2025-01-03,Express,Corporate,North America,Gadgets,Smart Watch Series 5,2431,8,359
ORD-005297,2024-05-28,Express,Consumer,North America,Accessories,Bluetooth Speaker,605,6,190
ORD-005298,2024-08-26,Same Day,Consumer,Middle East,Furniture,Privacy Screen Protector,71,7,8
ORD-005299,2024-02-29,Second Class,Small Business,North America,Gadgets,Phone Case MagSafe,1377,6,153
ORD-005300,2025-11-12,Second Class,Consumer,Europe,Furniture,Mechanical Keyboard,994,4,363
ORD-005301,2025-09-27,Standard Class,Government,Europe,Accessories,Privacy Screen Protector,2263,3,667
ORD-005302,2024-07-01,Express,Home Office,South America,Furniture,Smart Home Hub,1156,8,391
ORD-005303,2024-06-24,First Class,Education,Europe,Gadgets,Bluetooth Speaker,503,2,53
ORD-005304,2025-09-22,Express,Consumer,Europe,Gadgets,4K Webcam,261,7,61
ORD-005305,2025-12-22,Second Class,Education,Asia Pacific,Gadgets,Smart Home Hub,57,4,18
ORD-005306,2024-04-04,Second Class,Government,South America,Electronics,Smart Watch Series 5,2055,5,732
ORD-005307,2024-09-16,Express,Small Business,Asia Pacific,Gadgets,Mechanical Keyboard,1204,3,441
ORD-005308,2024-10-16,Second Class,Corporate,Africa,Electronics,USB-C Hub 7-in-1,581,4,172
ORD-005309,2024-05-25,Standard Class,Small Business,Europe,Office Supplies,Smartphone Ultra,324,1,65
ORD-005310,2025-05-18,Same Day,Consumer,Africa,Gadgets,Mechanical Keyboard,2328,5,422
ORD-005311,2025-12-11,Same Day,Home Office,Middle East,Electronics,Gaming Mouse RGB,1889,3,503
ORD-005312,2024-03-19,Standard Class,Corporate,South America,Electronics,Smart Home Hub,2090,8,502
ORD-005313,2024-12-10,First Class,Education,Middle East,Gadgets,4K Webcam,1653,4,461
ORD-005314,2025-01-22,First Class,Education,Asia Pacific,Electronics,Wireless Noise Cancelling Headphones,1825,3,671
ORD-005315,2025-01-16,First Class,Education,Africa,Gadgets,External SSD 1TB,2001,8,403
ORD-005316,2025-08-15,Same Day,Consumer,Middle East,Gadgets,Smart Watch Series 5,1857,4,175
ORD-005317,2024-01-25,Same Day,Corporate,North America,Electronics,Ergonomic Desk Chair,1800,2,718
ORD-005318,2024-09-23,First Class,Government,North America,Electronics,Phone Case MagSafe,1844,3,378
ORD-005319,2024-01-30,Second Class,Corporate,North America,Furniture,Mechanical Keyboard,817,1,76
ORD-005320,2025-03-21,Same Day,Home Office,South America,Gadgets,Mechanical Keyboard,208,3,65
ORD-005321,2025-05-19,Same Day,Small Business,Europe,Electronics,Phone Case MagSafe,1438,5,192
ORD-005322,2025-06-23,Express,Government,Europe,Electronics,Fitness Tracker Band,1463,5,585
ORD-005323,2025-12-24,First Class,Home Office,Middle East,Electronics,Smartphone Ultra,85,1,11
ORD-005324,2025-04-20,Second Class,Home Office,Middle East,Gadgets,Gaming Mouse RGB,2484,7,598
ORD-005325,2024-08-25,Express,Education,South America,Furniture,4K Webcam,1522,2,253
ORD-005326,2024-01-30,First Class,Home Office,Middle East,Accessories,Privacy Screen Protector,320,3,57
ORD-005327,2024-08-31,Same Day,Government,South America,Office Supplies,"Tablet Air 11""",2263,1,897
ORD-005328,2025-12-22,Express,Education,North America,Office Supplies,Smartphone Ultra,1985,4,510
ORD-005329,2025-11-29,Second Class,Home Office,Europe,Gadgets,Ergonomic Desk Chair,564,2,81
ORD-005330,2025-04-08,First Class,Government,Middle East,Electronics,4K Webcam,1591,4,352
ORD-005331,2025-11-03,First Class,Government,Africa,Accessories,Laptop Cooling Stand,2191,2,668
ORD-005332,2024-04-04,Standard Class,Consumer,South America,Accessories,Bluetooth Speaker,1407,7,262
ORD-005333,2024-05-19,Second Class,Corporate,North America,Gadgets,Fitness Tracker Band,88,4,16
ORD-005334,2025-07-12,Second Class,Government,Europe,Electronics,Smart Home Hub,2137,8,316
ORD-005335,2024-02-05,Same Day,Home Office,North America,Accessories,Fitness Tracker Band,1026,4,438
ORD-005336,2025-10-21,Standard Class,Education,North America,Electronics,"Laptop Pro 14""",755,7,78
ORD-005337,2024-09-05,Second Class,Education,North America,Electronics,USB-C Hub 7-in-1,801,1,75
ORD-005338,2024-08-08,Standard Class,Government,Africa,Electronics,Phone Case MagSafe,763,5,145
ORD-005339,2025-01-22,Standard Class,Small Business,North America,Furniture,Wireless Charger Pad,1661,3,609
ORD-005340,2024-01-30,Standard Class,Government,North America,Office Supplies,Fitness Tracker Band,522,6,197
ORD-005341,2024-02-11,Standard Class,Education,Middle East,Accessories,Smart Watch Series 5,691,6,116
ORD-005342,2025-07-10,First Class,Small Business,North America,Gadgets,External SSD 1TB,649,6,152
ORD-005343,2025-07-19,Second Class,Small Business,South America,Electronics,Wireless Noise Cancelling Headphones,400,8,92
ORD-005344,2025-01-02,Second Class,Corporate,Asia Pacific,Electronics,Ergonomic Desk Chair,2481,3,514
ORD-005345,2024-01-05,Same Day,Consumer,North America,Office Supplies,Wireless Noise Cancelling Headphones,1308,5,191
ORD-005346,2024-04-24,Same Day,Education,South America,Office Supplies,Gaming Mouse RGB,1695,7,689
ORD-005347,2024-09-14,Same Day,Corporate,Middle East,Accessories,USB-C Hub 7-in-1,1225,2,140
ORD-005348,2025-10-03,Same Day,Home Office,North America,Office Supplies,External SSD 1TB,1566,8,281
ORD-005349,2024-05-02,Second Class,Corporate,Europe,Gadgets,Wireless Noise Cancelling Headphones,1579,8,255
ORD-005350,2024-02-18,Express,Education,Asia Pacific,Electronics,Phone Case MagSafe,1242,5,159
ORD-005351,2025-12-21,Standard Class,Consumer,North America,Furniture,Phone Case MagSafe,1157,8,465
ORD-005352,2024-05-26,Second Class,Small Business,Europe,Accessories,Mechanical Keyboard,319,6,55
ORD-005353,2025-10-01,Express,Consumer,North America,Accessories,"Tablet Air 11""",218,2,84
ORD-005354,2024-09-09,First Class,Education,Africa,Accessories,"Laptop Pro 14""",1192,5,366
ORD-005355,2024-02-11,First Class,Government,Europe,Electronics,Standing Desk Frame,1756,4,263
ORD-005356,2024-07-10,Express,Corporate,North America,Gadgets,Phone Case MagSafe,127,4,27
ORD-005357,2024-03-29,Express,Consumer,Middle East,Gadgets,Standing Desk Frame,1475,6,341
ORD-005358,2025-08-04,Same Day,Home Office,Africa,Furniture,Ergonomic Desk Chair,1734,8,369
ORD-005359,2025-02-06,First Class,Education,Middle East,Furniture,Bluetooth Speaker,307,4,53
ORD-005360,2024-02-23,Same Day,Government,Middle East,Accessories,USB-C Hub 7-in-1,518,3,152
ORD-005361,2024-10-20,Second Class,Consumer,North America,Furniture,USB-C Hub 7-in-1,1572,2,539
ORD-005362,2024-04-28,Express,Government,Europe,Accessories,USB-C Hub 7-in-1,2229,4,573
ORD-005363,2025-05-19,Same Day,Government,South America,Electronics,Phone Case MagSafe,1445,4,467
ORD-005364,2025-12-29,Second Class,Small Business,South America,Accessories,Smart Home Hub,1758,2,618
ORD-005365,2025-02-04,First Class,Government,Africa,Accessories,Ergonomic Desk Chair,1613,3,370
ORD-005366,2025-08-05,Second Class,Corporate,Middle East,Gadgets,Standing Desk Frame,737,4,170
ORD-005367,2025-08-04,First Class,Education,North America,Office Supplies,Gaming Mouse RGB,2367,5,672
ORD-005368,2025-03-24,Same Day,Corporate,Africa,Gadgets,Laptop Cooling Stand,1128,2,227
ORD-005369,2025-03-23,Standard Class,Government,Middle East,Furniture,USB-C Hub 7-in-1,525,4,184
ORD-005370,2025-09-25,Same Day,Corporate,South America,Gadgets,Phone Case MagSafe,879,1,316
ORD-005371,2025-03-29,Same Day,Corporate,North America,Office Supplies,Fitness Tracker Band,1781,1,700
ORD-005372,2025-11-25,Second Class,Corporate,Europe,Furniture,Smartphone Ultra,884,2,305
ORD-005373,2024-10-25,Standard Class,Consumer,Europe,Furniture,Fitness Tracker Band,848,7,163
ORD-005374,2025-01-29,Same Day,Education,Asia Pacific,Gadgets,Standing Desk Frame,540,8,128
ORD-005375,2024-01-10,Same Day,Corporate,Europe,Gadgets,"Tablet Air 11""",1495,3,431
ORD-005376,2025-03-31,First Class,Corporate,Middle East,Gadgets,Ergonomic Desk Chair,2048,2,393
ORD-005377,2025-07-17,Same Day,Small Business,Asia Pacific,Office Supplies,Gaming Mouse RGB,2439,5,723
ORD-005378,2024-04-23,Same Day,Government,Africa,Gadgets,Smart Home Hub,2046,6,768
ORD-005379,2024-08-02,Standard Class,Consumer,South America,Electronics,Smart Watch Series 5,1396,4,209
ORD-005380,2024-05-17,Second Class,Small Business,Middle East,Furniture,USB-C Hub 7-in-1,550,7,154
ORD-005381,2024-02-09,Express,Small Business,Asia Pacific,Gadgets,Bluetooth Speaker,2257,4,765
ORD-005382,2024-04-03,Express,Home Office,South America,Office Supplies,Ergonomic Desk Chair,2305,7,745
ORD-005383,2025-08-05,Express,Home Office,South America,Furniture,"Laptop Pro 14""",1380,6,194
ORD-005384,2024-05-10,Standard Class,Small Business,Asia Pacific,Furniture,4K Webcam,2304,6,515
ORD-005385,2025-06-22,Standard Class,Small Business,North America,Accessories,Wireless Charger Pad,846,5,302
ORD-005386,2024-01-22,Same Day,Small Business,Asia Pacific,Accessories,Smart Home Hub,1508,8,307
ORD-005387,2024-12-28,Same Day,Government,South America,Furniture,Wireless Charger Pad,1823,2,395
ORD-005388,2025-03-28,First Class,Corporate,Asia Pacific,Accessories,Gaming Mouse RGB,449,5,74
ORD-005389,2025-02-18,First Class,Small Business,North America,Gadgets,Wireless Charger Pad,1301,6,300
ORD-005390,2025-04-22,Second Class,Corporate,North America,Accessories,"Monitor 27"" 4K",1032,6,219
ORD-005391,2024-08-21,Same Day,Corporate,Europe,Accessories,USB-C Hub 7-in-1,2147,2,217
ORD-005392,2024-08-29,Express,Government,Africa,Gadgets,Wireless Noise Cancelling Headphones,1655,5,148
ORD-005393,2024-04-30,Second Class,Education,Asia Pacific,Furniture,Standing Desk Frame,2426,7,316
ORD-005394,2025-07-23,Express,Corporate,North America,Furniture,Smartphone Ultra,1263,5,260
ORD-005395,2024-05-18,First Class,Government,Middle East,Gadgets,Smartphone Ultra,2322,2,649
ORD-005396,2024-12-15,Second Class,Education,South America,Gadgets,"Monitor 27"" 4K",1984,6,529
ORD-005397,2024-06-28,Same Day,Small Business,Africa,Accessories,Fitness Tracker Band,939,2,284
ORD-005398,2024-04-13,Same Day,Consumer,South America,Accessories,Wireless Noise Cancelling Headphones,237,8,51
ORD-005399,2025-01-13,Express,Government,Asia Pacific,Electronics,Privacy Screen Protector,2390,3,667
ORD-005400,2024-02-28,Same Day,Consumer,Africa,Accessories,USB-C Hub 7-in-1,720,7,234
ORD-005401,2024-10-29,Express,Government,South America,Furniture,Mechanical Keyboard,901,7,84
ORD-005402,2025-06-29,Same Day,Small Business,Europe,Accessories,4K Webcam,887,2,211
ORD-005403,2025-01-01,Second Class,Government,Europe,Accessories,Bluetooth Speaker,854,7,231
ORD-005404,2024-01-15,Standard Class,Consumer,Africa,Electronics,USB-C Hub 7-in-1,215,8,56
ORD-005405,2025-08-26,First Class,Consumer,Asia Pacific,Gadgets,Smart Watch Series 5,1649,7,272
ORD-005406,2025-01-11,Standard Class,Corporate,North America,Gadgets,Ergonomic Desk Chair,1971,6,172
ORD-005407,2025-03-28,Express,Consumer,North America,Office Supplies,External SSD 1TB,2527,4,379
ORD-005408,2024-05-03,Express,Government,Europe,Furniture,Gaming Mouse RGB,1917,8,798
ORD-005409,2025-10-10,Express,Government,North America,Furniture,Ergonomic Desk Chair,2110,2,185
ORD-005410,2025-05-28,Same Day,Small Business,South America,Gadgets,Laptop Cooling Stand,1641,2,688
ORD-005411,2025-12-26,Same Day,Government,Europe,Accessories,Smart Home Hub,445,3,114
ORD-005412,2025-03-04,Standard Class,Home Office,Europe,Gadgets,External SSD 1TB,660,7,93
ORD-005413,2025-07-21,Standard Class,Small Business,South America,Electronics,Fitness Tracker Band,2398,6,772
ORD-005414,2025-12-04,Express,Government,Middle East,Electronics,Ergonomic Desk Chair,889,5,202
ORD-005415,2024-01-10,Second Class,Education,Europe,Office Supplies,Laptop Cooling Stand,811,2,242
ORD-005416,2025-10-17,Same Day,Consumer,Africa,Office Supplies,Smart Watch Series 5,1041,1,142
ORD-005417,2024-11-27,Express,Education,North America,Accessories,Privacy Screen Protector,1196,6,326
ORD-005418,2025-10-30,Standard Class,Corporate,Europe,Office Supplies,Standing Desk Frame,484,3,42
ORD-005419,2024-10-08,Standard Class,Consumer,Middle East,Electronics,"Monitor 27"" 4K",2378,6,319
ORD-005420,2024-01-28,First Class,Education,Europe,Gadgets,Standing Desk Frame,1543,1,309
ORD-005421,2024-11-14,Express,Consumer,North America,Furniture,Fitness Tracker Band,1751,2,468
ORD-005422,2025-09-09,Same Day,Home Office,Middle East,Accessories,Bluetooth Speaker,1319,4,340
ORD-005423,2024-12-19,Express,Home Office,Middle East,Accessories,Privacy Screen Protector,170,7,17
ORD-005424,2024-06-17,Standard Class,Small Business,Asia Pacific,Furniture,Standing Desk Frame,140,2,28
ORD-005425,2024-02-05,Same Day,Corporate,South America,Gadgets,USB-C Hub 7-in-1,53,5,4
ORD-005426,2025-09-11,Same Day,Home Office,Middle East,Furniture,Wireless Noise Cancelling Headphones,313,3,77
ORD-005427,2024-05-10,Same Day,Corporate,South America,Electronics,"Monitor 27"" 4K",1098,6,224
ORD-005428,2024-10-05,Same Day,Education,Europe,Furniture,4K Webcam,901,2,120
ORD-005429,2025-08-19,Express,Small Business,South America,Furniture,USB-C Hub 7-in-1,532,1,203
ORD-005430,2024-07-28,Express,Corporate,Africa,Accessories,External SSD 1TB,1793,3,520
ORD-005431,2024-10-08,Express,Corporate,Asia Pacific,Electronics,Privacy Screen Protector,1120,4,375
ORD-005432,2024-12-28,Second Class,Education,Africa,Gadgets,Privacy Screen Protector,820,3,230
ORD-005433,2025-01-13,First Class,Home Office,South America,Furniture,USB-C Hub 7-in-1,1425,1,561
ORD-005434,2025-12-05,Express,Home Office,Asia Pacific,Office Supplies,Wireless Charger Pad,1243,1,141
ORD-005435,2025-09-29,Second Class,Government,Europe,Accessories,Wireless Noise Cancelling Headphones,175,3,52
ORD-005436,2025-10-09,First Class,Small Business,Asia Pacific,Office Supplies,Privacy Screen Protector,1320,7,399
ORD-005437,2024-12-10,Second Class,Government,South America,Gadgets,"Monitor 27"" 4K",1957,3,754
ORD-005438,2025-10-10,Second Class,Education,Africa,Accessories,Fitness Tracker Band,213,6,22
ORD-005439,2025-08-15,First Class,Education,North America,Furniture,Privacy Screen Protector,1144,3,150
ORD-005440,2025-03-08,Standard Class,Home Office,South America,Gadgets,Wireless Charger Pad,2010,3,248
ORD-005441,2024-11-11,Second Class,Small Business,North America,Electronics,Gaming Mouse RGB,202,1,55
ORD-005442,2024-05-15,Standard Class,Home Office,Middle East,Electronics,4K Webcam,289,6,42
ORD-005443,2024-08-12,First Class,Home Office,Europe,Gadgets,"Tablet Air 11""",2375,8,340
ORD-005444,2024-02-10,Express,Government,Middle East,Electronics,Smart Home Hub,2193,5,322
ORD-005445,2024-12-11,Standard Class,Home Office,Africa,Electronics,Laptop Cooling Stand,818,3,108
ORD-005446,2025-09-01,Express,Consumer,Middle East,Furniture,Laptop Cooling Stand,1354,3,119
ORD-005447,2025-05-29,Express,Corporate,Middle East,Office Supplies,Gaming Mouse RGB,2077,5,829
ORD-005448,2024-01-07,Second Class,Corporate,Asia Pacific,Office Supplies,Smart Home Hub,667,5,275
ORD-005449,2024-06-02,First Class,Small Business,Europe,Gadgets,Wireless Charger Pad,1264,1,242
ORD-005450,2024-02-18,Second Class,Home Office,Asia Pacific,Electronics,Wireless Charger Pad,2062,1,290
ORD-005451,2025-07-19,First Class,Government,Middle East,Gadgets,Wireless Noise Cancelling Headphones,2136,1,433
ORD-005452,2024-12-12,Second Class,Small Business,Europe,Electronics,Wireless Charger Pad,1833,2,331
ORD-005453,2024-08-19,Same Day,Education,Europe,Accessories,"Tablet Air 11""",965,1,196
ORD-005454,2024-11-16,Standard Class,Government,North America,Furniture,Bluetooth Speaker,852,6,321
ORD-005455,2025-08-31,Same Day,Government,Europe,Office Supplies,USB-C Hub 7-in-1,1537,5,360
ORD-005456,2024-10-26,Same Day,Consumer,Europe,Office Supplies,Ergonomic Desk Chair,2357,6,264
ORD-005457,2025-01-27,Express,Education,Middle East,Furniture,Wireless Noise Cancelling Headphones,1451,8,118
ORD-005458,2025-02-02,Standard Class,Education,Asia Pacific,Gadgets,Smartphone Ultra,844,8,230
ORD-005459,2024-05-09,First Class,Corporate,Asia Pacific,Gadgets,"Laptop Pro 14""",267,1,53
ORD-005460,2025-08-29,First Class,Government,Africa,Gadgets,Phone Case MagSafe,687,6,64
ORD-005461,2024-01-07,First Class,Home Office,Europe,Office Supplies,Ergonomic Desk Chair,470,4,199
ORD-005462,2025-02-28,Standard Class,Home Office,Asia Pacific,Electronics,Standing Desk Frame,1567,1,306
ORD-005463,2024-10-10,Same Day,Small Business,Middle East,Accessories,Smart Watch Series 5,806,3,237
ORD-005464,2025-12-17,Second Class,Home Office,Asia Pacific,Gadgets,"Monitor 27"" 4K",1807,4,485
ORD-005465,2024-11-08,First Class,Government,South America,Gadgets,Bluetooth Speaker,574,5,61
ORD-005466,2024-02-01,Same Day,Home Office,Africa,Office Supplies,Privacy Screen Protector,2012,6,733
ORD-005467,2024-09-21,Same Day,Small Business,North America,Furniture,Gaming Mouse RGB,750,2,287
ORD-005468,2025-06-25,Second Class,Corporate,Asia Pacific,Furniture,Laptop Cooling Stand,1733,6,652
ORD-005469,2024-04-04,Second Class,Consumer,South America,Office Supplies,Bluetooth Speaker,2514,1,306
ORD-005470,2025-07-04,Same Day,Consumer,Middle East,Furniture,USB-C Hub 7-in-1,2344,3,348
ORD-005471,2025-02-03,Same Day,Consumer,Africa,Electronics,Wireless Charger Pad,2008,2,322
ORD-005472,2024-11-05,Express,Consumer,Africa,Office Supplies,Fitness Tracker Band,2199,6,507
ORD-005473,2024-11-07,Express,Home Office,South America,Gadgets,External SSD 1TB,1012,7,113
ORD-005474,2025-01-23,Express,Small Business,Africa,Furniture,Privacy Screen Protector,537,1,219
ORD-005475,2024-08-21,Same Day,Government,Africa,Office Supplies,Privacy Screen Protector,848,5,141
ORD-005476,2025-02-25,Same Day,Corporate,North America,Gadgets,Ergonomic Desk Chair,585,4,61
ORD-005477,2024-10-05,Standard Class,Consumer,North America,Gadgets,Phone Case MagSafe,1054,1,161
ORD-005478,2024-07-07,First Class,Home Office,Asia Pacific,Furniture,4K Webcam,1108,4,400
ORD-005479,2024-03-08,Second Class,Home Office,Europe,Furniture,Privacy Screen Protector,498,1,164
ORD-005480,2024-07-17,Express,Education,Europe,Accessories,Ergonomic Desk Chair,1510,7,216
ORD-005481,2025-04-03,Express,Education,Asia Pacific,Electronics,"Laptop Pro 14""",2158,3,866
ORD-005482,2025-07-03,First Class,Home Office,North America,Gadgets,Wireless Charger Pad,616,1,53
ORD-005483,2024-01-24,Same Day,Corporate,Asia Pacific,Accessories,Mechanical Keyboard,966,1,210
ORD-005484,2025-12-03,First Class,Education,North America,Electronics,"Tablet Air 11""",188,3,34
ORD-005485,2024-11-27,Express,Corporate,Middle East,Electronics,4K Webcam,2124,8,416
ORD-005486,2025-05-13,Same Day,Government,Africa,Furniture,Laptop Cooling Stand,1035,1,151
ORD-005487,2025-08-20,Same Day,Government,Asia Pacific,Accessories,"Laptop Pro 14""",2019,5,782
ORD-005488,2025-12-20,Second Class,Small Business,Europe,Furniture,"Tablet Air 11""",88,5,35
ORD-005489,2025-11-30,First Class,Corporate,Europe,Electronics,"Tablet Air 11""",1329,5,534
ORD-005490,2024-07-23,Second Class,Education,North America,Accessories,"Tablet Air 11""",2405,2,982
ORD-005491,2024-11-02,Second Class,Small Business,Europe,Office Supplies,Laptop Cooling Stand,1172,4,259
ORD-005492,2025-01-11,Same Day,Consumer,Africa,Accessories,Fitness Tracker Band,1686,5,557
ORD-005493,2025-01-01,First Class,Small Business,Asia Pacific,Office Supplies,Bluetooth Speaker,1228,4,234
ORD-005494,2024-02-06,Same Day,Government,North America,Electronics,Standing Desk Frame,1186,2,190
ORD-005495,2025-12-07,Standard Class,Consumer,Africa,Furniture,Smartphone Ultra,801,3,211
ORD-005496,2024-02-06,Express,Home Office,South America,Gadgets,Laptop Cooling Stand,2224,6,440
ORD-005497,2025-01-18,Second Class,Corporate,Africa,Furniture,Smart Watch Series 5,1769,8,152
ORD-005498,2025-02-11,Express,Corporate,Europe,Gadgets,Standing Desk Frame,943,1,358
ORD-005499,2024-08-06,Standard Class,Home Office,North America,Electronics,Smart Watch Series 5,514,1,46
